SLOCStandard,Readability,McCabe,totalFanOut,MaintainabilityIndex,file,Detection
4,0.7512565851211548,1,1,126.19583892822266,3815.json,NotBuggy
3,0.347249299287796,1,0,131.28770446777344,3511.json,NotBuggy
8,0.5609995722770691,2,0,110.15780639648438,794.json,Buggy
4,0.8053211569786072,1,0,128.335205078125,3191.json,Buggy
18,0.2719666361808777,6,4,92.79053497314453,1454.json,Buggy
18,0.03454045578837395,2,6,116.50724792480469,2546.json,NotBuggy
12,0.7411203980445862,3,4,102.1607437133789,2773.json,Buggy
4,0.538820207118988,1,2,124.91740417480469,2953.json,NotBuggy
3,0.9417726397514343,1,0,133.59722900390625,2942.json,NotBuggy
4,0.6442633867263794,1,1,126.19583892822266,1475.json,Buggy
6,0.3196620047092438,1,4,115.94755554199219,2742.json,NotBuggy
10,0.6909192800521851,2,3,104.52688598632812,3743.json,Buggy
4,0.6336440443992615,1,1,127.94984436035156,839.json,NotBuggy
14,0.09449616074562073,3,6,96.42109680175781,2297.json,NotBuggy
10,0.11496451497077942,2,3,104.87416076660156,2301.json,NotBuggy
11,0.4764673709869385,2,6,104.59346008300781,2710.json,Buggy
4,0.9109201431274414,1,0,127.42622375488281,799.json,NotBuggy
3,0.5975646376609802,1,1,131.43582153320312,3846.json,NotBuggy
12,2.567024785093963E-4,2,8,98.74243927001953,3045.json,Buggy
3,0.9326223731040955,1,0,133.59722900390625,3127.json,NotBuggy
4,0.9458140730857849,1,0,126.62725830078125,3799.json,NotBuggy
4,0.9307262301445007,1,0,127.42622375488281,1646.json,NotBuggy
15,0.025708366185426712,4,2,93.89090728759766,884.json,NotBuggy
3,0.161168172955513,1,0,131.60296630859375,681.json,NotBuggy
4,0.7979804277420044,1,0,128.936767578125,3776.json,NotBuggy
3,0.5663295388221741,1,1,130.34019470214844,2944.json,NotBuggy
15,0.05165398493409157,3,7,94.70579528808594,3255.json,NotBuggy
4,0.636830747127533,1,0,127.42622375488281,1805.json,NotBuggy
4,0.5819938778877258,1,0,127.42622375488281,1469.json,NotBuggy
7,0.3632502257823944,1,1,112.21089935302734,2816.json,NotBuggy
4,0.6291235685348511,1,1,127.42622375488281,2785.json,NotBuggy
7,0.2652929127216339,1,5,113.54297637939453,3453.json,NotBuggy
10,0.1329602301120758,3,3,104.06228637695312,1051.json,NotBuggy
5,0.24376295506954193,1,2,120.96249389648438,2635.json,NotBuggy
33,2.987622865475714E-4,7,11,77.70635223388672,1813.json,Buggy
9,0.014755930751562119,1,7,106.12340545654297,2801.json,NotBuggy
4,0.4034862220287323,1,0,126.4930648803711,3197.json,NotBuggy
4,0.06353820860385895,1,2,122.3560791015625,2481.json,NotBuggy
13,0.271261990070343,3,8,97.62165069580078,2566.json,Buggy
3,0.7092029452323914,1,1,131.28770446777344,767.json,NotBuggy
4,0.5877751708030701,1,1,126.62725830078125,2714.json,Buggy
5,0.17063653469085693,1,2,123.32530975341797,2789.json,NotBuggy
6,0.15173019468784332,1,3,114.98188781738281,1239.json,Buggy
14,0.0,1,6,95.51445770263672,3296.json,NotBuggy
4,0.4705789387226105,1,0,128.936767578125,3190.json,NotBuggy
4,0.7008339762687683,1,1,128.73146057128906,3485.json,Buggy
4,0.831341564655304,1,1,126.19583892822266,1066.json,NotBuggy
4,0.9075614809989929,1,0,124.48601531982422,2344.json,NotBuggy
4,0.6078895330429077,1,0,125.91468811035156,716.json,NotBuggy
15,0.17534789443016052,4,4,94.7723617553711,1049.json,NotBuggy
8,0.2972845733165741,2,5,108.613037109375,2579.json,Buggy
4,0.7433620691299438,1,0,127.42622375488281,972.json,NotBuggy
47,0.0,8,25,69.18727111816406,2503.json,Buggy
10,0.023633526638150215,2,5,105.25951385498047,899.json,NotBuggy
9,0.028516922146081924,1,0,109.79678344726562,1904.json,NotBuggy
4,0.8866028785705566,1,0,127.42622375488281,3051.json,NotBuggy
12,0.041683439165353775,2,6,99.92803192138672,2103.json,Buggy
19,3.232882882002741E-4,4,17,87.4957275390625,1666.json,NotBuggy
11,0.5664061307907104,2,2,102.77725219726562,1054.json,NotBuggy
4,0.8013161420822144,1,0,127.42622375488281,2273.json,NotBuggy
4,0.14006228744983673,1,1,125.02987670898438,828.json,NotBuggy
13,0.5209015607833862,5,3,100.35858917236328,1064.json,NotBuggy
8,0.07635899633169174,1,0,112.51962280273438,1644.json,NotBuggy
7,0.38964781165122986,2,3,111.17379760742188,2750.json,NotBuggy
4,0.021928628906607628,1,2,121.87513732910156,3312.json,NotBuggy
31,4.403598723001778E-4,7,15,78.5093994140625,1754.json,NotBuggy
4,0.7608674764633179,1,1,128.13519287109375,2630.json,NotBuggy
12,0.25209060311317444,2,1,100.33709716796875,2549.json,Buggy
3,0.7643868327140808,1,0,133.59722900390625,2354.json,NotBuggy
4,0.7754533886909485,1,0,128.936767578125,1342.json,NotBuggy
3,0.9908121228218079,1,0,135.83412170410156,2723.json,NotBuggy
15,0.00400045420974493,3,12,94.3994140625,2111.json,Buggy
12,0.17861932516098022,6,2,101.20858001708984,1093.json,NotBuggy
5,0.1857309192419052,1,2,123.32530975341797,2671.json,NotBuggy
3,0.5596054792404175,1,2,129.93223571777344,3598.json,NotBuggy
18,0.07648079842329025,3,7,89.85126495361328,783.json,Buggy
4,0.9514790773391724,1,0,128.335205078125,3798.json,NotBuggy
10,0.3155350685119629,2,4,106.00907897949219,2730.json,Buggy
8,0.06121859699487686,2,4,108.94869232177734,3463.json,NotBuggy
4,0.6074831485748291,1,1,126.19583892822266,2717.json,NotBuggy
6,0.07474206387996674,1,0,119.34615325927734,2996.json,NotBuggy
4,0.3563527464866638,1,0,127.42622375488281,1979.json,NotBuggy
4,0.5906170606613159,1,1,126.19583892822266,2649.json,NotBuggy
9,0.024401241913437843,1,0,109.79678344726562,3107.json,NotBuggy
3,0.6797986030578613,1,1,130.05470275878906,845.json,NotBuggy
5,0.102230004966259,1,2,121.07132720947266,1232.json,NotBuggy
8,0.6056401133537292,3,3,108.89744567871094,1614.json,NotBuggy
4,0.8609198927879333,1,0,127.42622375488281,3181.json,NotBuggy
3,0.7189555168151855,1,0,132.4454345703125,598.json,NotBuggy
3,0.7815108299255371,1,0,132.4454345703125,529.json,NotBuggy
3,0.8422347903251648,1,2,130.18594360351562,3557.json,NotBuggy
4,0.29127243161201477,1,3,122.4349365234375,1853.json,NotBuggy
3,0.018636520951986313,1,3,127.59099578857422,2119.json,NotBuggy
35,7.749481592327356E-4,13,9,75.00713348388672,1417.json,Buggy
4,0.6675601601600647,1,1,127.42622375488281,2786.json,NotBuggy
3,0.10827614367008209,1,3,128.22288513183594,918.json,NotBuggy
5,0.8557252287864685,1,1,122.58091735839844,2486.json,NotBuggy
7,0.1281462460756302,1,4,113.06318664550781,3323.json,Buggy
9,0.02981530874967575,3,5,105.06708526611328,500.json,NotBuggy
3,0.8043752908706665,1,0,133.59722900390625,536.json,NotBuggy
22,0.0291889701038599,2,11,86.1025161743164,3041.json,NotBuggy
8,0.6567973494529724,2,1,108.83641052246094,2845.json,NotBuggy
4,0.7923370003700256,1,1,128.5205535888672,2633.json,NotBuggy
4,0.29127243161201477,1,3,122.4349365234375,1866.json,NotBuggy
3,0.46764078736305237,1,1,132.25152587890625,3479.json,NotBuggy
11,0.2930033504962921,3,3,102.21104431152344,2925.json,NotBuggy
50,0.0,10,34,65.91661071777344,3258.json,Buggy
4,0.522602379322052,1,0,126.94251251220703,2007.json,NotBuggy
3,0.7501014471054077,1,1,130.45266723632812,1840.json,NotBuggy
20,9.91680077277124E-4,3,20,91.9876708984375,3560.json,NotBuggy
3,0.6246797442436218,1,1,132.086669921875,533.json,NotBuggy
4,0.9344408512115479,1,0,127.42622375488281,797.json,NotBuggy
3,0.7664092183113098,1,1,133.80813598632812,1099.json,NotBuggy
8,0.046648211777210236,1,6,108.73788452148438,2689.json,NotBuggy
14,0.017825299873948097,3,8,95.15113067626953,3834.json,NotBuggy
3,0.6233307123184204,1,0,131.28770446777344,666.json,NotBuggy
3,0.5519450306892395,1,1,130.34019470214844,559.json,NotBuggy
3,0.06173443794250488,1,0,133.59722900390625,1553.json,NotBuggy
4,0.4365830719470978,1,0,128.936767578125,3773.json,NotBuggy
3,0.06173443794250488,1,0,133.59722900390625,2328.json,NotBuggy
4,0.6860044598579407,1,0,127.42622375488281,1804.json,NotBuggy
6,0.5273672342300415,1,3,115.11836242675781,1677.json,NotBuggy
8,0.6764518618583679,2,2,110.60749816894531,1318.json,NotBuggy
8,0.08408854901790619,2,11,108.2890625,2588.json,NotBuggy
4,0.45705217123031616,1,0,128.936767578125,2616.json,NotBuggy
28,0.0,4,10,80.56867218017578,2931.json,NotBuggy
9,0.05333603546023369,2,4,106.58100128173828,3464.json,NotBuggy
9,0.8995743989944458,2,2,106.70701599121094,3828.json,Buggy
3,0.890204906463623,1,0,133.59722900390625,3471.json,NotBuggy
5,0.6222655177116394,1,2,120.6497802734375,1948.json,NotBuggy
8,0.01786164939403534,1,0,111.70487213134766,2194.json,NotBuggy
3,0.0017176559194922447,1,1,131.28770446777344,3643.json,NotBuggy
14,0.11546534299850464,4,4,98.86233520507812,1675.json,Buggy
13,0.03956218808889389,3,5,98.88624572753906,1578.json,Buggy
4,0.643344521522522,1,0,127.42622375488281,3315.json,NotBuggy
3,0.4008580446243286,1,0,133.59722900390625,3771.json,NotBuggy
3,0.7138702273368835,1,0,133.59722900390625,1849.json,NotBuggy
5,0.15069206058979034,1,3,121.77933502197266,2575.json,Buggy
12,0.23469454050064087,2,1,100.24327850341797,777.json,Buggy
3,0.6246797442436218,1,1,132.086669921875,596.json,NotBuggy
17,0.02237747050821781,5,4,93.28176879882812,1285.json,NotBuggy
3,0.26586446166038513,1,2,129.0215301513672,3835.json,NotBuggy
3,0.9074175357818604,1,0,130.99049377441406,542.json,NotBuggy
3,0.824433445930481,1,0,132.086669921875,776.json,NotBuggy
17,0.16197507083415985,3,6,96.34135437011719,3346.json,Buggy
4,0.7790248394012451,1,0,127.42622375488281,3228.json,NotBuggy
23,0.004943030420690775,6,14,84.71881103515625,3282.json,Buggy
6,0.3196620047092438,1,4,115.94755554199219,2737.json,Buggy
3,0.2777561843395233,1,1,129.37762451171875,1964.json,NotBuggy
3,0.04885352402925491,1,0,133.59722900390625,946.json,NotBuggy
3,0.31146591901779175,1,0,131.28770446777344,1200.json,NotBuggy
4,0.6597408652305603,1,2,125.52845764160156,2628.json,NotBuggy
3,0.399231493473053,1,2,129.0215301513672,2353.json,NotBuggy
3,0.13558532297611237,1,1,132.25152587890625,3645.json,NotBuggy
4,0.647135853767395,1,1,126.19583892822266,1901.json,NotBuggy
4,0.7381616830825806,1,1,126.19583892822266,3808.json,NotBuggy
15,7.863459759391844E-4,3,17,92.32669067382812,1168.json,Buggy
13,0.6027087569236755,3,5,99.04875183105469,2632.json,Buggy
4,0.02326306514441967,1,0,126.62725830078125,1358.json,NotBuggy
28,1.698431296972558E-4,8,17,80.71443939208984,1220.json,Buggy
4,0.5516368746757507,1,1,126.0733642578125,1573.json,NotBuggy
9,0.2625230550765991,2,6,105.69178771972656,3075.json,Buggy
20,0.004036846105009317,5,18,86.89037322998047,3242.json,Buggy
10,0.7065894603729248,2,1,106.07918548583984,2067.json,NotBuggy
4,0.42658376693725586,1,3,121.68689727783203,2384.json,NotBuggy
22,0.01516782771795988,5,14,85.191650390625,2951.json,Buggy
12,0.11566753685474396,2,7,98.78710174560547,1680.json,Buggy
4,0.581935703754425,1,0,127.42622375488281,2268.json,NotBuggy
4,0.26000794768333435,1,0,127.42622375488281,1978.json,NotBuggy
14,0.18300652503967285,2,1,97.79199981689453,644.json,Buggy
4,0.7349525094032288,1,0,127.42622375488281,2132.json,NotBuggy
4,0.35599857568740845,1,0,126.94251251220703,2496.json,NotBuggy
4,0.6957510709762573,1,0,127.42622375488281,763.json,NotBuggy
4,0.8166608810424805,1,0,126.4930648803711,3195.json,NotBuggy
13,0.14760468900203705,3,2,99.42427825927734,1625.json,NotBuggy
4,0.36871862411499023,1,0,127.42622375488281,1357.json,NotBuggy
4,0.7595005631446838,1,1,126.19583892822266,1789.json,NotBuggy
15,0.0025144268292933702,3,6,95.25920867919922,2761.json,NotBuggy
3,0.6902966499328613,1,1,131.28770446777344,560.json,NotBuggy
6,0.8276008367538452,1,2,115.86640167236328,2164.json,NotBuggy
18,0.2655693590641022,4,9,92.1080322265625,3333.json,Buggy
22,0.003897005459293723,3,9,86.7099380493164,2031.json,NotBuggy
12,0.043044719845056534,1,9,102.0765380859375,2788.json,NotBuggy
25,0.062038227915763855,5,11,82.4456787109375,3077.json,Buggy
5,0.010833026841282845,1,2,118.82000732421875,1776.json,NotBuggy
43,0.0052371518686413765,10,8,71.16661834716797,2185.json,Buggy
3,0.4632857143878937,1,1,130.99049377441406,590.json,NotBuggy
3,0.11487578600645065,1,1,133.18099975585938,611.json,NotBuggy
4,0.9307262301445007,1,0,127.42622375488281,2379.json,NotBuggy
4,0.5646315813064575,1,1,127.09062194824219,3503.json,NotBuggy
4,0.3662082254886627,1,0,127.42622375488281,2276.json,NotBuggy
4,0.5977913737297058,1,0,128.335205078125,2095.json,NotBuggy
5,0.07875443249940872,1,1,121.18380737304688,3810.json,Buggy
3,0.9097299575805664,1,0,131.9385528564453,1602.json,NotBuggy
13,0.32973572611808777,5,3,99.44740295410156,1650.json,NotBuggy
4,0.6771830320358276,1,1,126.33003997802734,667.json,NotBuggy
4,0.2264762967824936,1,1,127.59107971191406,831.json,NotBuggy
13,0.17340724170207977,3,3,99.47875213623047,2404.json,NotBuggy
13,0.3317367732524872,4,7,97.8023910522461,1348.json,NotBuggy
3,0.4713984727859497,1,0,133.59722900390625,3473.json,NotBuggy
4,0.9294669032096863,1,0,128.936767578125,992.json,NotBuggy
10,0.18145214021205902,3,7,102.72867584228516,1507.json,NotBuggy
4,0.7349525094032288,1,0,127.42622375488281,2131.json,NotBuggy
5,0.7141630053520203,1,1,121.77933502197266,834.json,NotBuggy
4,0.7216610312461853,1,2,124.91740417480469,3662.json,NotBuggy
5,0.019453540444374084,1,3,118.07797241210938,1323.json,NotBuggy
4,0.6516684293746948,1,0,128.936767578125,1343.json,NotBuggy
3,0.752953827381134,1,0,132.4454345703125,604.json,NotBuggy
3,0.054157983511686325,1,0,133.59722900390625,1529.json,NotBuggy
4,0.29219624400138855,1,3,123.74861145019531,1149.json,NotBuggy
12,0.13373753428459167,2,7,100.12922668457031,3115.json,NotBuggy
3,0.765251636505127,1,1,130.85629272460938,1170.json,NotBuggy
10,0.5543472170829773,2,1,106.33924102783203,2826.json,NotBuggy
3,1.6074272571131587E-4,1,1,131.43582153320312,3501.json,NotBuggy
3,0.029123181477189064,1,1,128.1388702392578,1182.json,NotBuggy
8,0.033796317875385284,2,4,108.29985046386719,2679.json,NotBuggy
15,0.37574389576911926,4,6,95.43742370605469,2433.json,NotBuggy
3,0.9062639474868774,1,0,133.59722900390625,607.json,NotBuggy
4,0.880396842956543,1,0,127.42622375488281,722.json,NotBuggy
4,0.5662112832069397,1,2,124.58238983154297,3344.json,Buggy
4,0.7725218534469604,1,1,127.42622375488281,2711.json,NotBuggy
5,0.24376295506954193,1,2,120.96249389648438,2647.json,NotBuggy
3,0.9341458678245544,1,0,133.59722900390625,915.json,NotBuggy
31,0.0,20,5,76.28395080566406,1783.json,NotBuggy
4,0.06509915739297867,1,0,127.42622375488281,2606.json,NotBuggy
3,0.037188462913036346,1,0,129.87322998046875,2477.json,NotBuggy
4,0.47332870960235596,1,2,126.33003997802734,772.json,NotBuggy
4,0.5696132183074951,1,0,128.335205078125,3751.json,NotBuggy
3,0.6069072484970093,1,1,130.34019470214844,712.json,NotBuggy
12,0.004450501408427954,3,8,97.43164825439453,627.json,NotBuggy
31,0.06367409974336624,7,7,78.72307586669922,3753.json,NotBuggy
4,0.557104229927063,1,1,126.62725830078125,825.json,NotBuggy
6,0.7394723296165466,2,1,116.96014404296875,1485.json,Buggy
3,0.10585658997297287,1,0,131.28770446777344,1664.json,NotBuggy
5,0.6571168899536133,1,2,120.3299331665039,1652.json,NotBuggy
4,0.7297197580337524,1,1,126.94251251220703,2501.json,NotBuggy
6,0.3187803328037262,1,1,114.33689880371094,1153.json,Buggy
4,0.6475445032119751,1,0,127.42622375488281,766.json,NotBuggy
9,9.691960294730961E-4,1,4,104.2821044921875,3314.json,NotBuggy
10,0.1989283263683319,3,1,105.46504974365234,3646.json,NotBuggy
11,0.11050228774547577,3,4,103.17024230957031,1119.json,NotBuggy
3,0.297427237033844,1,2,130.85629272460938,866.json,NotBuggy
3,0.17320381104946136,1,3,127.102294921875,1212.json,NotBuggy
4,0.5065964460372925,1,0,128.936767578125,2070.json,NotBuggy
20,0.0010259223636239767,3,8,86.76412200927734,3247.json,Buggy
3,0.9327423572540283,1,0,133.59722900390625,2416.json,NotBuggy
5,0.10492521524429321,1,1,119.2686996459961,647.json,NotBuggy
19,0.0,1,0,92.34781646728516,2890.json,NotBuggy
3,0.297427237033844,1,2,130.85629272460938,867.json,NotBuggy
4,0.52764493227005,1,0,127.42622375488281,1163.json,NotBuggy
24,0.040188372135162354,5,9,83.93675994873047,782.json,Buggy
4,0.28114667534828186,1,0,126.94251251220703,2860.json,NotBuggy
6,0.5463913083076477,2,2,117.0499496459961,1094.json,Buggy
3,0.8876162171363831,1,0,131.60296630859375,679.json,NotBuggy
4,0.39573368430137634,1,0,128.936767578125,2697.json,NotBuggy
8,0.7536935210227966,2,2,110.98286437988281,2851.json,NotBuggy
7,0.3263200521469116,2,3,111.60965728759766,2219.json,NotBuggy
28,0.0,20,3,78.42585754394531,1784.json,NotBuggy
4,0.018909893929958344,1,2,125.02987670898438,2576.json,NotBuggy
45,0.0,13,37,67.49472045898438,1421.json,Buggy
11,0.6390557289123535,3,3,102.68390655517578,2656.json,NotBuggy
3,0.8692639470100403,1,1,130.45266723632812,1952.json,NotBuggy
8,0.03864997252821922,2,10,107.7956771850586,2580.json,NotBuggy
31,0.0,21,4,76.05394744873047,1569.json,Buggy
6,0.6172659397125244,1,2,118.23019409179688,2439.json,Buggy
3,0.5566662549972534,1,1,132.086669921875,3476.json,NotBuggy
3,0.8953095078468323,1,0,133.59722900390625,1524.json,NotBuggy
38,0.0,1,0,76.94644927978516,1245.json,NotBuggy
6,0.012096867896616459,1,2,114.1393051147461,3301.json,NotBuggy
4,0.9205211400985718,1,0,128.936767578125,3187.json,NotBuggy
4,0.8915078639984131,1,0,128.936767578125,2069.json,NotBuggy
4,0.924234926700592,1,0,128.936767578125,824.json,NotBuggy
4,0.431585431098938,1,0,126.4930648803711,2172.json,Buggy
19,0.02798641100525856,4,7,90.45671081542969,865.json,Buggy
5,0.5610404014587402,1,3,118.90401458740234,2155.json,NotBuggy
5,0.687613308429718,1,1,121.41495513916016,988.json,NotBuggy
40,0.0,8,17,71.98927307128906,817.json,Buggy
4,0.1657986044883728,1,2,123.55950164794922,522.json,NotBuggy
6,0.38034573197364807,1,0,119.34615325927734,2886.json,NotBuggy
12,0.0142060536891222,3,7,99.16861724853516,1042.json,NotBuggy
4,0.04008111730217934,1,0,128.936767578125,1405.json,NotBuggy
3,0.6627423167228699,1,0,130.57513427734375,965.json,NotBuggy
7,0.344901978969574,2,2,112.18234252929688,1195.json,NotBuggy
10,0.007963687181472778,1,0,107.36906433105469,1360.json,NotBuggy
3,0.8656308650970459,1,1,132.086669921875,1503.json,NotBuggy
13,0.014359291642904282,3,5,97.42842102050781,2232.json,NotBuggy
10,0.25344118475914,3,1,102.71943664550781,2409.json,NotBuggy
7,0.10887347161769867,2,3,112.40554809570312,1842.json,NotBuggy
4,0.8675945997238159,1,0,128.936767578125,2071.json,NotBuggy
16,0.050688404589891434,3,10,92.97442626953125,3293.json,NotBuggy
3,0.06173443794250488,1,0,133.59722900390625,1216.json,NotBuggy
11,0.12533417344093323,3,1,101.70055389404297,2298.json,NotBuggy
7,0.04609135538339615,1,1,113.21605682373047,812.json,NotBuggy
16,0.026945944875478745,3,6,93.97730255126953,1410.json,NotBuggy
3,0.5069955587387085,1,2,129.0215301513672,2300.json,NotBuggy
4,0.7541362047195435,1,0,129.6001434326172,2968.json,NotBuggy
49,2.766613324638456E-4,10,24,67.58116912841797,1682.json,Buggy
4,0.603286862373352,1,1,126.77537536621094,3484.json,NotBuggy
4,0.7272559404373169,1,0,127.42622375488281,3506.json,NotBuggy
4,0.9774665832519531,1,0,124.92120361328125,3825.json,NotBuggy
3,0.2400004267692566,1,0,133.59722900390625,917.json,NotBuggy
3,0.7763092517852783,1,2,128.712890625,3336.json,NotBuggy
16,0.00474891159683466,8,5,93.04248046875,3839.json,NotBuggy
13,0.0021187306847423315,3,11,96.79953002929688,2934.json,NotBuggy
10,0.016184939071536064,2,5,104.36589813232422,1827.json,NotBuggy
5,0.43292543292045593,1,2,121.07132720947266,3553.json,Buggy
4,0.0017576559912413359,1,1,123.55950164794922,2201.json,NotBuggy
5,0.7492368221282959,1,0,121.30247497558594,3777.json,Buggy
3,0.902388870716095,1,0,133.59722900390625,912.json,NotBuggy
5,0.08015797287225723,1,3,117.66175079345703,1322.json,NotBuggy
3,8.764575468376279E-4,1,1,130.34019470214844,3644.json,NotBuggy
3,0.06057086959481239,1,1,132.61029052734375,3183.json,NotBuggy
4,0.6465839743614197,1,2,125.52845764160156,2627.json,NotBuggy
5,0.34070661664009094,1,0,122.29976654052734,3281.json,NotBuggy
8,0.22191360592842102,2,3,109.49869537353516,2352.json,NotBuggy
10,0.09044378995895386,2,12,104.01612091064453,2674.json,Buggy
3,0.8753518462181091,1,0,130.7338104248047,1331.json,NotBuggy
4,0.6097021698951721,1,0,127.42622375488281,2269.json,NotBuggy
3,0.05921575427055359,1,2,128.91311645507812,2759.json,NotBuggy
4,0.925738513469696,1,0,128.936767578125,630.json,NotBuggy
31,0.06367409974336624,7,7,78.72307586669922,3755.json,NotBuggy
4,0.029463931918144226,1,3,122.44184875488281,3044.json,NotBuggy
3,0.15809930860996246,1,0,131.28770446777344,2378.json,NotBuggy
3,0.6995810866355896,1,1,131.28770446777344,3568.json,NotBuggy
31,0.02577681466937065,6,11,77.92649841308594,778.json,Buggy
4,0.6169288158416748,1,2,125.41301727294922,2747.json,Buggy
4,0.698140025138855,1,1,126.62725830078125,3502.json,NotBuggy
7,0.27868521213531494,1,3,112.62112426757812,3341.json,Buggy
7,0.787632942199707,1,3,112.2157211303711,870.json,NotBuggy
10,0.050569839775562286,3,4,105.1826171875,906.json,Buggy
3,0.9219033122062683,1,0,133.59722900390625,603.json,NotBuggy
14,0.5066486597061157,3,3,98.01596069335938,2183.json,Buggy
15,0.11061741411685944,3,7,94.23198699951172,1014.json,Buggy
4,0.5906170606613159,1,1,126.19583892822266,2716.json,NotBuggy
9,5.908445455133915E-4,1,10,103.0078353881836,788.json,NotBuggy
7,0.7324691414833069,2,1,115.62542724609375,2745.json,Buggy
8,0.10777299851179123,2,1,107.5079574584961,3488.json,NotBuggy
7,0.24693793058395386,1,0,115.62047576904297,1643.json,NotBuggy
3,0.8499853014945984,1,0,135.83412170410156,2592.json,NotBuggy
11,0.5580846071243286,3,2,103.4153823852539,2458.json,NotBuggy
5,0.24222710728645325,1,3,119.66572570800781,1459.json,NotBuggy
4,0.7397817373275757,1,0,127.42622375488281,1165.json,NotBuggy
6,0.5649316906929016,1,3,115.19261169433594,1679.json,NotBuggy
7,0.03657669574022293,1,5,111.76256561279297,2881.json,NotBuggy
4,0.8342402577400208,1,0,128.936767578125,1339.json,NotBuggy
31,0.06367409974336624,7,7,78.72307586669922,3754.json,NotBuggy
3,0.3423805236816406,1,0,132.086669921875,2468.json,NotBuggy
10,0.3817923367023468,2,4,105.52500915527344,2405.json,NotBuggy
7,0.2651461064815521,1,4,114.58646392822266,2644.json,NotBuggy
4,0.0644487515091896,1,2,124.1488037109375,3844.json,NotBuggy
15,0.44756391644477844,3,4,96.1509017944336,3286.json,NotBuggy
4,0.9172963500022888,1,0,128.936767578125,798.json,NotBuggy
5,0.5603375434875488,1,3,118.90401458740234,2199.json,NotBuggy
4,0.3105293810367584,1,1,127.42622375488281,1101.json,NotBuggy
4,0.9231956601142883,1,1,124.05243682861328,3855.json,NotBuggy
6,0.8330240845680237,1,0,117.69617462158203,1483.json,NotBuggy
3,0.8067988157272339,1,0,131.28770446777344,1032.json,NotBuggy
4,0.8318331837654114,1,0,126.4930648803711,3194.json,NotBuggy
9,0.05044085532426834,2,3,107.23184967041016,1937.json,NotBuggy
4,0.9983015060424805,1,0,128.936767578125,2636.json,NotBuggy
4,0.751280665397644,1,1,128.13519287109375,3740.json,NotBuggy
4,0.9307262301445007,1,0,127.42622375488281,984.json,NotBuggy
9,0.17593374848365784,2,2,107.33891296386719,2017.json,NotBuggy
12,0.49998268485069275,3,5,101.28880310058594,2772.json,Buggy
4,0.6599998474121094,1,0,129.6001434326172,1070.json,NotBuggy
26,0.00353349931538105,6,3,83.46243286132812,1973.json,NotBuggy
4,0.7695528268814087,1,0,127.42622375488281,764.json,NotBuggy
9,0.009340012446045876,1,3,107.23572540283203,1180.json,NotBuggy
38,0.00510222977027297,7,17,73.50659942626953,1349.json,NotBuggy
34,0.0,1,16,76.16971588134766,3308.json,NotBuggy
4,0.6767662167549133,1,0,127.42622375488281,3233.json,NotBuggy
43,0.0,1,34,68.6550064086914,3745.json,NotBuggy
5,0.14906899631023407,1,2,123.32530975341797,2645.json,NotBuggy
8,0.3267609179019928,1,8,109.47699737548828,2577.json,NotBuggy
10,0.24601776897907257,2,3,105.8315200805664,2832.json,NotBuggy
13,0.08957485854625702,3,4,99.29505157470703,1292.json,NotBuggy
14,0.025503166019916534,2,4,96.8082046508789,508.json,NotBuggy
12,0.16191376745700836,3,5,100.86588287353516,819.json,NotBuggy
7,0.39750567078590393,2,2,115.99077606201172,2669.json,NotBuggy
4,0.924234926700592,1,0,128.936767578125,3030.json,NotBuggy
4,0.91476970911026,1,0,127.42622375488281,956.json,NotBuggy
4,0.8403705358505249,1,0,127.42622375488281,2463.json,NotBuggy
4,0.357526034116745,1,2,125.27178192138672,2871.json,NotBuggy
4,0.643344521522522,1,0,127.42622375488281,3505.json,NotBuggy
13,0.12162981927394867,3,2,99.42427825927734,2291.json,NotBuggy
4,0.06642624735832214,1,0,127.42622375488281,2175.json,Buggy
4,0.5121928453445435,1,0,126.4930648803711,3196.json,NotBuggy
4,0.8171273469924927,1,1,127.59107971191406,1406.json,NotBuggy
24,0.0,1,0,87.36980438232422,1565.json,Buggy
4,0.500538170337677,1,0,126.4930648803711,1740.json,NotBuggy
13,3.9235971053130925E-4,1,0,101.34869384765625,1059.json,NotBuggy
4,0.4196203351020813,1,0,126.94251251220703,2006.json,NotBuggy
3,0.9962679147720337,1,0,129.34671020507812,2408.json,NotBuggy
7,0.1599886566400528,2,4,110.96754455566406,2894.json,NotBuggy
3,0.5387635231018066,1,1,130.34019470214844,3567.json,NotBuggy
6,0.3196620047092438,1,4,115.94755554199219,2670.json,Buggy
12,0.1606702208518982,3,7,100.71611022949219,2446.json,Buggy
6,0.5697048902511597,2,2,115.88042449951172,1579.json,NotBuggy
4,0.9308362603187561,1,0,126.94251251220703,1102.json,NotBuggy
9,0.09087428450584412,3,4,107.66783142089844,895.json,NotBuggy
5,0.006100185215473175,1,3,117.61241912841797,3452.json,NotBuggy
4,0.860178530216217,1,0,127.42622375488281,2157.json,NotBuggy
13,0.0809735506772995,3,7,99.8119888305664,2706.json,NotBuggy
7,0.24674421548843384,1,0,115.62047576904297,3280.json,NotBuggy
25,0.03363963961601257,6,6,83.70990753173828,2474.json,NotBuggy
4,0.7763217091560364,1,0,128.936767578125,2767.json,NotBuggy
3,0.7757930755615234,1,1,130.7338104248047,692.json,NotBuggy
5,0.7047479152679443,1,2,119.41305541992188,2839.json,NotBuggy
3,0.66694176197052,1,0,133.59722900390625,1056.json,NotBuggy
14,0.2318921685218811,3,4,97.49210357666016,2763.json,NotBuggy
4,0.044491808861494064,1,0,126.62725830078125,1920.json,NotBuggy
4,0.9881178736686707,1,0,128.936767578125,2648.json,NotBuggy
4,0.7619823813438416,1,0,127.42622375488281,2567.json,NotBuggy
3,0.9189788699150085,1,0,132.086669921875,2543.json,NotBuggy
4,0.522602379322052,1,0,126.94251251220703,2142.json,NotBuggy
28,0.009311223402619362,6,11,79.75619506835938,816.json,Buggy
4,0.2979620099067688,1,1,127.94984436035156,1256.json,NotBuggy
12,0.11209967732429504,3,3,100.74361419677734,1449.json,NotBuggy
31,2.1206737437751144E-4,5,13,78.75015258789062,3318.json,Buggy
3,0.7186862826347351,1,0,133.59722900390625,3472.json,NotBuggy
6,0.41533708572387695,2,3,115.72040557861328,1052.json,NotBuggy
6,0.4773908257484436,1,2,115.86640167236328,2368.json,NotBuggy
4,0.7115362882614136,1,0,127.42622375488281,1161.json,NotBuggy
9,0.22817428410053253,2,4,106.19174194335938,3490.json,Buggy
4,0.6711631417274475,1,1,126.19583892822266,1476.json,NotBuggy
11,0.12612660229206085,2,5,101.93946838378906,2337.json,NotBuggy
5,0.38295480608940125,1,3,118.74115753173828,1306.json,NotBuggy
6,0.21556495130062103,1,0,118.11772155761719,2792.json,NotBuggy
5,0.41201215982437134,1,3,118.98002624511719,1243.json,NotBuggy
3,0.925003170967102,1,0,133.59722900390625,531.json,NotBuggy
7,0.19962984323501587,2,2,111.65786743164062,1639.json,Buggy
7,0.2194068878889084,2,1,111.73201751708984,565.json,NotBuggy
8,0.07278937101364136,1,0,112.51962280273438,1671.json,Buggy
4,0.49887967109680176,1,0,127.42622375488281,2270.json,NotBuggy
12,0.056676074862480164,2,4,99.91584014892578,793.json,Buggy
4,0.2591153383255005,1,0,126.4930648803711,1737.json,NotBuggy
4,0.4330030381679535,1,2,123.46312713623047,1242.json,NotBuggy
11,0.1226625144481659,2,2,102.69120025634766,2454.json,NotBuggy
4,0.8799620270729065,1,0,126.77537536621094,1053.json,NotBuggy
4,0.8950088024139404,1,0,128.936767578125,3193.json,NotBuggy
12,0.029469037428498268,1,9,98.3069076538086,3042.json,Buggy
4,0.7507286667823792,1,0,127.42622375488281,1164.json,NotBuggy
21,0.005057801958173513,3,10,87.44387817382812,2619.json,NotBuggy
12,5.356033216230571E-4,4,10,99.1969985961914,2590.json,NotBuggy
3,0.8737919926643372,1,0,133.59722900390625,3481.json,NotBuggy
3,0.8547940850257874,1,0,133.59722900390625,3128.json,NotBuggy
4,0.5070342421531677,1,2,124.361083984375,2306.json,NotBuggy
3,0.6929517984390259,1,0,132.086669921875,1447.json,NotBuggy
4,0.9307262301445007,1,0,127.42622375488281,1060.json,NotBuggy
3,0.7241350412368774,1,1,131.28770446777344,2945.json,NotBuggy
25,0.0,5,5,82.63562774658203,648.json,NotBuggy
12,0.004539058543741703,3,8,97.37938690185547,727.json,NotBuggy
6,0.02667216770350933,1,4,114.33689880371094,1207.json,NotBuggy
11,0.8036182522773743,3,1,101.7316665649414,2461.json,Buggy
3,0.672393798828125,1,1,131.28770446777344,1526.json,NotBuggy
4,0.8783573508262634,1,0,127.42622375488281,3510.json,Buggy
3,0.7796823978424072,1,0,133.59722900390625,3772.json,NotBuggy
4,0.6768094897270203,1,1,126.62725830078125,3735.json,NotBuggy
4,0.7451691627502441,1,0,129.6001434326172,2415.json,NotBuggy
13,0.03016800992190838,4,4,98.46265411376953,1829.json,NotBuggy
3,0.7353190183639526,1,1,130.99049377441406,3845.json,NotBuggy
16,0.07936356961727142,3,1,95.86492919921875,2350.json,NotBuggy
6,0.8234317898750305,1,3,115.71329498291016,2753.json,NotBuggy
4,0.91476970911026,1,0,127.42622375488281,962.json,NotBuggy
4,0.8105521202087402,1,2,122.44184875488281,1819.json,NotBuggy
35,0.0,1,25,72.93187713623047,3746.json,NotBuggy
8,0.256318598985672,2,3,109.84721374511719,2779.json,NotBuggy
3,0.8577793836593628,1,0,132.086669921875,1167.json,NotBuggy
3,0.3369908630847931,1,0,132.9956512451172,2357.json,NotBuggy
4,0.08310640603303909,1,2,127.09062194824219,2722.json,NotBuggy
7,0.030477959662675858,1,5,113.51742553710938,1865.json,NotBuggy
4,0.04008111730217934,1,0,128.936767578125,1311.json,NotBuggy
4,0.6872988939285278,1,0,127.42622375488281,2410.json,NotBuggy
13,4.011948767583817E-4,1,0,101.34869384765625,1057.json,NotBuggy
4,0.7679934501647949,1,1,125.41301727294922,3818.json,NotBuggy
4,0.880396842956543,1,0,127.42622375488281,622.json,NotBuggy
4,0.7472668886184692,1,1,126.77537536621094,3039.json,NotBuggy
4,0.7987989783287048,1,0,126.4930648803711,3200.json,NotBuggy
22,0.022521251812577248,4,18,85.2999038696289,2650.json,Buggy
13,0.013995207846164703,3,6,96.50684356689453,3496.json,Buggy
33,2.9556461959145963E-4,7,21,75.40625762939453,3080.json,Buggy
9,0.23561562597751617,2,3,107.28234100341797,1227.json,NotBuggy
4,0.7517833709716797,1,0,128.936767578125,3096.json,NotBuggy
10,0.38260576128959656,2,1,105.57550048828125,653.json,Buggy
17,0.005339907947927713,4,13,90.69039916992188,1458.json,Buggy
4,0.750235378742218,1,0,127.42622375488281,2156.json,NotBuggy
5,0.563147246837616,1,3,118.90401458740234,2212.json,NotBuggy
4,0.5662112832069397,1,2,124.58238983154297,3345.json,Buggy
12,0.07958350330591202,4,5,100.06988525390625,1618.json,NotBuggy
8,0.015530305914580822,1,0,111.4499740600586,1091.json,NotBuggy
4,0.7058275938034058,1,0,128.936767578125,1340.json,NotBuggy
4,0.8908465504646301,1,0,128.335205078125,1803.json,NotBuggy
6,0.057533763349056244,1,7,113.69478607177734,3460.json,NotBuggy
3,0.6211203336715698,1,1,133.18099975585938,606.json,NotBuggy
10,0.12097881734371185,2,4,105.48082733154297,2819.json,NotBuggy
7,0.03373101353645325,2,4,111.1139144897461,728.json,NotBuggy
3,0.2904013693332672,1,2,129.0215301513672,1533.json,NotBuggy
4,0.8633096814155579,1,0,128.936767578125,3762.json,NotBuggy
8,0.5609995722770691,2,0,110.15780639648438,795.json,Buggy
3,0.6746581792831421,1,1,132.086669921875,535.json,NotBuggy
4,0.6658350229263306,1,0,126.94251251220703,2005.json,NotBuggy
10,0.006537824869155884,1,0,107.36906433105469,981.json,NotBuggy
10,0.0021064539905637503,1,0,106.72234344482422,2889.json,NotBuggy
11,0.01227481383830309,2,7,101.35552215576172,1039.json,NotBuggy
9,0.2738490402698517,2,4,106.19174194335938,3491.json,Buggy
4,0.3507521450519562,1,1,128.5205535888672,2624.json,NotBuggy
6,0.006765015423297882,1,2,113.80426025390625,3132.json,NotBuggy
3,0.8577793836593628,1,0,132.086669921875,1166.json,NotBuggy
4,0.5891923308372498,1,3,125.39425659179688,1045.json,Buggy
11,0.2564682066440582,3,2,102.40672302246094,1836.json,NotBuggy
7,0.030477959662675858,1,5,113.51742553710938,1850.json,NotBuggy
16,0.08533525466918945,7,4,94.33833312988281,986.json,NotBuggy
26,0.005416658706963062,5,13,82.74308776855469,2765.json,Buggy
4,0.7763217091560364,1,0,128.936767578125,2768.json,NotBuggy
4,0.5868125557899475,1,1,126.62725830078125,770.json,NotBuggy
7,0.008900011889636517,1,0,113.86808013916016,1481.json,Buggy
4,0.23516404628753662,1,1,126.0733642578125,3342.json,Buggy
12,0.03654985502362251,4,6,100.58140563964844,3556.json,NotBuggy
7,0.0936398133635521,1,0,115.62047576904297,3163.json,NotBuggy
4,0.04991482198238373,1,0,126.4930648803711,1739.json,NotBuggy
4,0.7515485882759094,1,0,128.936767578125,3763.json,NotBuggy
11,0.5442163944244385,3,2,103.0618667602539,1971.json,NotBuggy
24,0.031386978924274445,5,11,84.6861801147461,3072.json,Buggy
9,0.023488666862249374,2,5,107.11946105957031,2797.json,NotBuggy
36,0.0,8,15,75.48303985595703,1752.json,NotBuggy
6,0.06953752040863037,1,0,117.1800765991211,2214.json,Buggy
5,0.3789210915565491,1,3,116.68321990966797,3623.json,NotBuggy
7,0.04021034762263298,1,1,113.21605682373047,814.json,NotBuggy
3,0.6177800297737122,1,1,128.83535766601562,1209.json,NotBuggy
4,0.8707547187805176,1,0,126.4930648803711,3760.json,NotBuggy
4,0.43851858377456665,1,1,125.27178192138672,2672.json,NotBuggy
10,0.2429368644952774,3,3,103.95075225830078,709.json,NotBuggy
4,0.8013161420822144,1,0,127.42622375488281,2272.json,NotBuggy
14,0.09156285971403122,3,6,96.16326904296875,2544.json,NotBuggy
4,0.43526506423950195,1,1,126.94251251220703,2746.json,NotBuggy
4,0.6594977378845215,1,0,127.42622375488281,2594.json,NotBuggy
4,0.6244408488273621,1,0,127.42622375488281,974.json,NotBuggy
3,0.8846278786659241,1,0,131.60296630859375,678.json,NotBuggy
10,0.4873279631137848,6,1,101.5269775390625,3779.json,Buggy
8,0.16463914513587952,1,4,108.71908569335938,2806.json,NotBuggy
10,0.006735462229698896,1,0,107.36906433105469,983.json,NotBuggy
8,0.07119207084178925,2,3,109.01058959960938,2252.json,NotBuggy
3,0.8431515097618103,1,1,132.086669921875,2734.json,NotBuggy
8,0.0657922774553299,2,6,107.37852478027344,2349.json,NotBuggy
12,0.006017532665282488,3,4,99.27298736572266,1975.json,NotBuggy
3,0.925003170967102,1,0,133.59722900390625,916.json,NotBuggy
6,0.648758590221405,1,4,115.71116638183594,2668.json,NotBuggy
4,0.515957772731781,1,0,126.94251251220703,3509.json,NotBuggy
3,0.9268442392349243,1,0,132.086669921875,707.json,NotBuggy
4,0.3989204168319702,1,3,125.91468811035156,2720.json,Buggy
5,0.24376295506954193,1,2,120.96249389648438,2709.json,Buggy
4,0.6213219165802002,1,0,128.936767578125,3189.json,NotBuggy
16,0.25487205386161804,5,3,95.89453125,1484.json,Buggy
5,0.8474829196929932,1,0,122.29976654052734,1006.json,NotBuggy
4,0.6942897439002991,1,0,127.42622375488281,2130.json,NotBuggy
4,0.6353418827056885,1,0,127.42622375488281,3507.json,NotBuggy
9,0.02757303975522518,1,0,109.79678344726562,1905.json,NotBuggy
4,0.07526778429746628,1,0,124.6862564086914,3205.json,NotBuggy
5,0.1857309192419052,1,2,123.32530975341797,2738.json,NotBuggy
3,0.6113569140434265,1,0,133.59722900390625,518.json,NotBuggy
5,0.04680825397372246,1,3,118.2250747680664,3458.json,NotBuggy
4,0.7744070887565613,1,0,128.936767578125,3093.json,NotBuggy
4,0.7804255485534668,1,2,124.6862564086914,2295.json,NotBuggy
3,0.6786856055259705,1,1,132.25152587890625,3738.json,NotBuggy
4,0.8710209131240845,1,0,128.936767578125,631.json,NotBuggy
5,0.15748287737369537,1,2,121.18380737304688,3500.json,NotBuggy
10,0.2586868107318878,1,9,102.60900115966797,2813.json,NotBuggy
7,0.4427609443664551,2,3,112.77070617675781,2837.json,NotBuggy
16,0.3482997417449951,7,0,95.58811950683594,79.json,Buggy
31,0.0032110409811139107,6,21,78.88121032714844,2653.json,Buggy
4,0.7553077340126038,1,1,126.94251251220703,1993.json,NotBuggy
6,0.05793300271034241,1,4,115.78754425048828,2018.json,NotBuggy
5,0.5636454820632935,1,2,120.74615478515625,1302.json,NotBuggy
4,0.6271028518676758,1,1,126.0733642578125,2780.json,NotBuggy
3,0.4632857143878937,1,1,130.99049377441406,602.json,NotBuggy
3,0.9460781812667847,1,0,132.9956512451172,563.json,NotBuggy
3,0.06057086959481239,1,1,132.61029052734375,3222.json,NotBuggy
3,0.5380436778068542,1,2,129.0215301513672,1192.json,NotBuggy
4,0.9747240543365479,1,0,124.92120361328125,3741.json,NotBuggy
16,0.071900375187397,3,9,94.06668853759766,2752.json,NotBuggy
4,0.8180599212646484,1,0,127.42622375488281,976.json,NotBuggy
31,0.06367409974336624,7,7,78.72307586669922,3756.json,NotBuggy
4,0.04088280722498894,1,0,126.4930648803711,2174.json,Buggy
8,0.12247460335493088,1,0,112.51962280273438,1673.json,NotBuggy
4,0.46546486020088196,1,1,125.27178192138672,2790.json,NotBuggy
6,0.4484714865684509,1,4,116.80848693847656,3447.json,NotBuggy
11,0.5473635196685791,3,5,101.02083587646484,1769.json,NotBuggy
5,0.6196606159210205,1,4,116.91162109375,2572.json,NotBuggy
6,0.3196620047092438,1,4,115.94755554199219,2617.json,Buggy
5,0.24376295506954193,1,2,120.96249389648438,2696.json,NotBuggy
3,0.9097299575805664,1,0,131.9385528564453,1591.json,NotBuggy
21,0.0758926197886467,4,6,86.77722930908203,3748.json,Buggy
6,0.22981441020965576,1,0,119.34615325927734,1273.json,Buggy
3,0.2642594873905182,1,0,131.28770446777344,2200.json,NotBuggy
10,0.11392191052436829,2,4,104.14152526855469,1771.json,Buggy
7,0.41400206089019775,2,4,111.1139144897461,2412.json,NotBuggy
5,0.04683814197778702,1,0,123.81129455566406,1470.json,NotBuggy
7,0.8737594485282898,2,4,113.62568664550781,2787.json,NotBuggy
3,0.32816970348358154,1,0,133.59722900390625,2615.json,NotBuggy
13,0.02573130838572979,3,7,97.09339141845703,1965.json,NotBuggy
4,0.7609155774116516,1,1,126.33003997802734,3857.json,NotBuggy
4,0.5160509943962097,1,0,127.42622375488281,2277.json,NotBuggy
5,0.4313729703426361,1,2,121.07132720947266,3343.json,Buggy
3,0.9131848216056824,1,0,133.59722900390625,528.json,NotBuggy
3,0.7781976461410522,1,0,132.9956512451172,517.json,NotBuggy
13,0.060431551188230515,2,9,99.83675384521484,2713.json,Buggy
5,0.6433183550834656,1,1,122.58091735839844,2045.json,NotBuggy
4,0.7425077557563782,1,0,127.42622375488281,1017.json,NotBuggy
15,0.09511995315551758,3,9,94.89490509033203,2346.json,Buggy
13,0.08892075717449188,3,7,98.37139129638672,790.json,Buggy
5,0.24376295506954193,1,2,120.96249389648438,2728.json,NotBuggy
4,0.5847836136817932,1,1,126.62725830078125,769.json,NotBuggy
9,0.8643554449081421,2,3,107.84662628173828,1303.json,NotBuggy
23,0.10189016163349152,5,6,86.15989685058594,2478.json,Buggy
12,0.04313978925347328,3,2,100.86588287353516,1938.json,NotBuggy
3,0.6206606030464172,1,1,131.28770446777344,1846.json,NotBuggy
4,0.5508482456207275,1,0,127.42622375488281,2411.json,NotBuggy
31,0.06367409974336624,7,7,78.72307586669922,3758.json,NotBuggy
7,0.8533912301063538,2,4,113.060302734375,2998.json,NotBuggy
35,1.420091575710103E-4,8,15,74.36917877197266,3245.json,Buggy
3,0.9074175357818604,1,0,130.99049377441406,600.json,NotBuggy
9,0.3768855333328247,2,3,106.45166015625,1521.json,NotBuggy
4,0.9881178736686707,1,0,128.936767578125,2693.json,NotBuggy
4,0.19341041147708893,1,0,127.42622375488281,2947.json,NotBuggy
3,0.6959225535392761,1,0,131.28770446777344,2420.json,NotBuggy
8,0.08336406946182251,1,0,112.51962280273438,1550.json,NotBuggy
34,0.0,7,28,75.57003784179688,1381.json,Buggy
5,0.24376295506954193,1,2,120.96249389648438,2646.json,NotBuggy
3,0.7675378918647766,1,0,132.4454345703125,592.json,NotBuggy
9,0.0067793200723826885,1,6,105.87405395507812,688.json,NotBuggy
4,0.5629940032958984,1,0,127.42622375488281,1214.json,NotBuggy
3,0.3648737967014313,1,0,133.59722900390625,830.json,NotBuggy
5,0.4134896695613861,1,2,122.58207702636719,1537.json,NotBuggy
4,0.43737292289733887,1,4,125.02987670898438,2662.json,Buggy
5,0.24376295506954193,1,2,120.96249389648438,2641.json,NotBuggy
3,0.1035110130906105,1,0,131.28770446777344,1806.json,NotBuggy
12,0.4717109501361847,4,2,102.37261199951172,3074.json,Buggy
6,0.0016773204552009702,1,1,116.13658905029297,3812.json,NotBuggy
9,0.1502338945865631,2,4,105.64976501464844,3495.json,Buggy
43,0.0,14,8,69.9330825805664,1935.json,Buggy
18,0.0,1,8,90.0585708618164,3307.json,NotBuggy
5,0.5694229602813721,1,1,120.96249389648438,2625.json,NotBuggy
4,0.32705798745155334,1,0,127.42622375488281,1919.json,NotBuggy
4,0.4781078100204468,1,0,125.91468811035156,982.json,NotBuggy
3,0.6064549684524536,1,1,132.086669921875,3474.json,NotBuggy
6,0.3236890733242035,1,3,114.45925903320312,1411.json,NotBuggy
12,0.4783250391483307,3,2,100.53009796142578,1922.json,NotBuggy
5,0.46974724531173706,1,1,122.29976654052734,2846.json,Buggy
14,0.0,1,6,95.51445770263672,3303.json,NotBuggy
11,0.01113701518625021,2,2,102.15278625488281,1917.json,NotBuggy
4,0.6121172308921814,1,1,129.14767456054688,2665.json,NotBuggy
3,0.27338528633117676,1,3,128.31268310546875,1951.json,NotBuggy
3,0.6449771523475647,1,1,131.43582153320312,871.json,NotBuggy
4,0.6590509414672852,1,1,126.19583892822266,3037.json,NotBuggy
11,0.43598318099975586,2,3,103.6825180053711,1050.json,NotBuggy
4,0.8600867986679077,1,0,128.335205078125,1894.json,NotBuggy
19,0.10511156171560287,5,12,88.19715118408203,3109.json,Buggy
42,0.0,10,15,99.78067779541016,3380.json,Buggy
3,0.2756229341030121,1,0,131.28770446777344,3220.json,NotBuggy
4,0.3300166428089142,1,0,126.94251251220703,2004.json,NotBuggy
3,0.9388217926025391,1,0,133.59722900390625,591.json,NotBuggy
6,0.19882012903690338,1,3,115.19073486328125,3782.json,Buggy
3,0.6504442095756531,1,0,131.28770446777344,1522.json,NotBuggy
8,0.8306010365486145,2,3,111.1359634399414,2715.json,Buggy
3,0.5359141826629639,1,1,132.25152587890625,3475.json,NotBuggy
31,0.12769289314746857,8,12,79.2738265991211,2216.json,Buggy
3,0.5425459742546082,1,1,130.45266723632812,1863.json,NotBuggy
4,0.15968038141727448,1,0,125.91468811035156,3182.json,NotBuggy
15,0.022375192493200302,4,9,94.0385513305664,3320.json,NotBuggy
17,0.16930267214775085,3,9,91.16051483154297,3073.json,Buggy
37,9.553294512443244E-4,10,15,73.71321868896484,1995.json,Buggy
5,0.24376295506954193,1,2,120.96249389648438,2708.json,Buggy
4,0.42294880747795105,1,1,125.27178192138672,2691.json,NotBuggy
3,0.4971791207790375,1,0,130.57513427734375,2471.json,NotBuggy
11,0.11014577746391296,3,3,101.97985076904297,3833.json,NotBuggy
4,0.7722200751304626,1,0,128.936767578125,2525.json,NotBuggy
11,0.21965275704860687,5,8,100.45819091796875,3781.json,Buggy
3,0.9046097993850708,1,0,133.59722900390625,594.json,NotBuggy
12,0.17913968861103058,2,9,100.12383270263672,1448.json,Buggy
4,0.8341630697250366,1,0,127.42622375488281,2274.json,NotBuggy
6,0.26857051253318787,1,3,115.2608413696289,1308.json,NotBuggy
3,0.11705157905817032,1,0,133.59722900390625,945.json,NotBuggy
11,2.0637304987758398E-4,1,5,102.07866668701172,759.json,NotBuggy
10,0.047380559146404266,3,5,104.49129486083984,2657.json,NotBuggy
4,0.021139713004231453,1,0,128.936767578125,2605.json,NotBuggy
5,0.034046441316604614,1,6,117.36475372314453,3580.json,NotBuggy
3,0.7325850129127502,1,0,132.086669921875,1499.json,Buggy
8,0.03216144070029259,2,3,106.5293960571289,686.json,NotBuggy
3,0.5187432765960693,1,0,131.28770446777344,1413.json,NotBuggy
6,0.42807736992836,1,0,116.4460220336914,1224.json,NotBuggy
23,3.1776208197697997E-4,3,5,85.24220275878906,815.json,NotBuggy
4,0.4755253791809082,1,0,127.42622375488281,1271.json,NotBuggy
20,3.69516754290089E-4,4,15,86.3317642211914,2545.json,NotBuggy
4,0.47283247113227844,1,0,127.42622375488281,2021.json,NotBuggy
30,0.003651653416454792,8,10,79.20887756347656,746.json,NotBuggy
5,0.1857309192419052,1,2,123.32530975341797,2743.json,NotBuggy
31,0.06367409974336624,7,7,78.72307586669922,3757.json,NotBuggy
3,0.06173443794250488,1,0,133.59722900390625,1690.json,NotBuggy
5,0.09490929543972015,1,1,119.86349487304688,1178.json,NotBuggy
4,0.6474235653877258,1,1,125.41301727294922,696.json,NotBuggy
4,0.8769215941429138,1,0,127.78498840332031,1009.json,NotBuggy
44,1.0356045822845772E-4,9,22,69.61647033691406,2329.json,Buggy
4,0.49968671798706055,1,1,126.62725830078125,3486.json,NotBuggy
3,1.2684808461926877E-4,1,1,131.43582153320312,3483.json,NotBuggy
5,0.08769866079092026,1,0,123.81129455566406,1472.json,NotBuggy
5,0.0061074490658938885,1,3,117.61241912841797,3448.json,NotBuggy
4,0.6474629640579224,1,1,127.94984436035156,838.json,NotBuggy
4,0.6074831485748291,1,1,126.19583892822266,2718.json,NotBuggy
3,0.05391271784901619,1,0,131.28770446777344,1564.json,NotBuggy
5,0.06095283105969429,1,5,116.68047332763672,1310.json,NotBuggy
3,0.026956193149089813,1,1,128.1388702392578,1181.json,NotBuggy
4,0.8921201825141907,1,1,124.48601531982422,3092.json,Buggy
17,0.09498300403356552,2,6,93.12110900878906,3590.json,Buggy
3,0.5015354156494141,1,0,131.28770446777344,1647.json,NotBuggy
13,0.17178502678871155,4,4,99.77460479736328,2317.json,NotBuggy
4,0.042429015040397644,1,0,128.335205078125,3145.json,NotBuggy
5,0.4438058137893677,1,2,119.48943328857422,2884.json,NotBuggy
4,0.47283247113227844,1,0,127.42622375488281,2112.json,NotBuggy
4,0.39923781156539917,1,0,126.94251251220703,1213.json,NotBuggy
10,0.3576771020889282,1,2,106.56924438476562,3841.json,NotBuggy
8,0.09613420069217682,3,2,108.84356689453125,2838.json,NotBuggy
15,0.001597053138539195,1,2,96.84204864501953,2637.json,NotBuggy
4,0.3010050654411316,1,1,128.5205535888672,2608.json,NotBuggy
25,0.004247109405696392,4,10,82.21302795410156,786.json,NotBuggy
13,0.09493745863437653,3,4,98.13262939453125,1910.json,NotBuggy
3,0.2872737646102905,1,0,131.60296630859375,3135.json,NotBuggy
3,0.5580771565437317,1,1,130.34019470214844,3565.json,NotBuggy
4,0.9352355003356934,1,0,128.936767578125,3775.json,NotBuggy
3,0.5479726791381836,1,0,133.59722900390625,562.json,NotBuggy
4,0.13263244926929474,1,0,124.6862564086914,1255.json,NotBuggy
4,0.7763217091560364,1,0,128.936767578125,2769.json,NotBuggy
27,4.942064406350255E-4,6,17,80.14823150634766,1144.json,Buggy
3,0.668612539768219,1,0,133.59722900390625,2394.json,NotBuggy
3,0.7975882291793823,1,1,130.45266723632812,1841.json,NotBuggy
8,0.8447615504264832,2,2,109.36935424804688,699.json,Buggy
3,0.9408955574035645,1,0,133.59722900390625,3126.json,NotBuggy
3,0.09198712557554245,1,1,132.79563903808594,3647.json,NotBuggy
4,0.8757740259170532,1,2,125.64796447753906,2751.json,NotBuggy
4,0.4755253791809082,1,0,127.42622375488281,1254.json,NotBuggy
18,0.0,1,8,90.0585708618164,3300.json,NotBuggy
3,0.9099981784820557,1,0,131.9385528564453,561.json,NotBuggy
6,0.7003971934318542,1,3,114.7745132446289,2870.json,NotBuggy
7,0.647301435470581,2,1,114.08124542236328,773.json,Buggy
3,0.9477936029434204,1,0,130.05470275878906,2401.json,NotBuggy
5,0.05911216139793396,1,3,118.00186920166016,1946.json,NotBuggy
10,0.3155350685119629,2,4,106.00907897949219,2667.json,Buggy
4,0.5787438750267029,1,1,127.59107971191406,652.json,Buggy
3,0.7454553246498108,1,1,130.45266723632812,2402.json,NotBuggy
4,0.9205211400985718,1,0,128.936767578125,3028.json,NotBuggy
18,0.14855270087718964,4,8,92.14183807373047,1708.json,NotBuggy
3,0.0021756989881396294,1,1,131.28770446777344,3642.json,NotBuggy
4,0.02002609148621559,1,2,125.02987670898438,2663.json,NotBuggy
12,0.6860593557357788,3,2,101.01498413085938,1879.json,NotBuggy
13,0.10373112559318542,2,5,98.09496307373047,1288.json,NotBuggy
3,0.8101900815963745,1,0,133.59722900390625,1055.json,NotBuggy
4,0.08962003141641617,1,0,127.42622375488281,997.json,NotBuggy
8,0.12086701393127441,2,1,109.5576400756836,3246.json,NotBuggy
3,0.015720784664154053,1,0,131.28770446777344,1087.json,NotBuggy
13,0.22479236125946045,3,3,97.7361831665039,2847.json,NotBuggy
7,0.17501206696033478,2,2,112.25464630126953,2176.json,Buggy
10,0.11413984000682831,3,2,104.65863800048828,2946.json,NotBuggy
4,0.7752267122268677,1,0,127.42622375488281,3104.json,NotBuggy
3,0.16293756663799286,1,0,131.28770446777344,1359.json,NotBuggy
3,0.7088555693626404,1,0,133.59722900390625,979.json,NotBuggy
5,0.007763918023556471,1,3,117.61241912841797,3450.json,NotBuggy
15,0.004791145212948322,3,10,92.28164672851562,687.json,NotBuggy
4,0.39573368430137634,1,0,128.936767578125,2712.json,NotBuggy
15,0.016069142147898674,4,5,94.96379852294922,1582.json,NotBuggy
17,0.05818191543221474,2,11,91.22972869873047,1983.json,Buggy
7,0.016405096277594566,1,0,113.86808013916016,2441.json,Buggy
4,0.8537684679031372,1,0,128.936767578125,1477.json,NotBuggy
6,0.4160136878490448,1,0,119.34615325927734,1452.json,NotBuggy
3,0.643431544303894,1,1,131.28770446777344,1530.json,NotBuggy
4,0.7619823813438416,1,0,127.42622375488281,2464.json,NotBuggy
13,3.604772500693798E-4,1,0,101.34869384765625,1361.json,NotBuggy
4,0.46514153480529785,1,2,124.361083984375,2287.json,NotBuggy
4,0.8498951196670532,1,0,129.6001434326172,2967.json,NotBuggy
14,3.68368870113045E-4,3,6,95.04053497314453,2515.json,NotBuggy
4,0.500538170337677,1,0,126.4930648803711,2171.json,Buggy
16,0.031652748584747314,4,8,92.73756408691406,3138.json,NotBuggy
12,0.5901174545288086,1,8,100.14828491210938,3317.json,Buggy
21,0.032461196184158325,3,9,88.29656219482422,3840.json,NotBuggy
4,0.49887967109680176,1,0,127.42622375488281,2271.json,NotBuggy
5,0.7175843715667725,1,1,121.07132720947266,1653.json,NotBuggy
18,0.0011966418242082,5,13,88.33048248291016,1252.json,Buggy
4,0.5160509943962097,1,0,127.42622375488281,2020.json,NotBuggy
4,0.2979620099067688,1,1,127.94984436035156,1058.json,Buggy
15,0.4469109773635864,3,5,95.3373031616211,3243.json,NotBuggy
5,0.005401466973125935,1,3,117.61241912841797,3456.json,NotBuggy
3,0.08397849649190903,1,0,131.28770446777344,1710.json,NotBuggy
4,0.8568917512893677,1,0,127.78498840332031,3767.json,NotBuggy
4,0.6710191369056702,1,0,127.42622375488281,2022.json,NotBuggy
10,0.07749005407094955,3,5,103.1426010131836,2755.json,NotBuggy
6,0.005401283502578735,1,2,113.9862060546875,3299.json,NotBuggy
4,0.9881178736686707,1,0,128.936767578125,2578.json,NotBuggy
9,0.4633294343948364,2,4,103.88228607177734,785.json,NotBuggy
4,0.7142977118492126,1,1,126.62725830078125,3340.json,Buggy
3,0.8185001015663147,1,1,131.60296630859375,710.json,NotBuggy
4,0.4321542978286743,1,0,127.78498840332031,2725.json,NotBuggy
7,0.1801636964082718,1,0,115.62047576904297,1130.json,NotBuggy
25,0.0017746228259056807,7,14,111.53142547607422,1914.json,Buggy
11,0.8302861452102661,3,6,101.3882064819336,2180.json,Buggy
14,0.06080683693289757,2,5,97.22738647460938,1199.json,Buggy
4,0.3945903182029724,1,0,125.91468811035156,1158.json,NotBuggy
4,0.6527838706970215,1,1,126.62725830078125,1473.json,NotBuggy
9,0.2699330747127533,2,5,104.9856185913086,1078.json,Buggy
15,0.12631738185882568,7,3,95.67415618896484,987.json,NotBuggy
12,0.0,1,5,98.87236785888672,3306.json,NotBuggy
4,0.7382156252861023,1,1,125.91468811035156,3038.json,NotBuggy
16,0.06556051224470139,3,7,93.67154693603516,1516.json,NotBuggy
7,0.009218432009220123,1,0,113.86808013916016,1480.json,NotBuggy
7,0.3568759262561798,2,5,111.30314636230469,1191.json,NotBuggy
4,0.6029676198959351,1,1,126.33003997802734,832.json,NotBuggy
5,0.01766524277627468,1,0,123.81129455566406,1471.json,NotBuggy
3,0.7705280780792236,1,1,131.60296630859375,564.json,NotBuggy
5,0.24376295506954193,1,2,120.96249389648438,2727.json,NotBuggy
3,0.9097299575805664,1,0,131.9385528564453,1547.json,NotBuggy
5,0.3235531747341156,1,1,121.54438018798828,809.json,NotBuggy
3,0.6233307123184204,1,0,131.28770446777344,708.json,NotBuggy
9,0.04990474507212639,2,6,104.31977081298828,1940.json,NotBuggy
3,0.8067988157272339,1,0,131.28770446777344,1543.json,NotBuggy
4,0.4755253791809082,1,0,127.42622375488281,1283.json,NotBuggy
4,0.9486632347106934,1,0,128.936767578125,3091.json,NotBuggy
23,0.09339932352304459,4,4,87.15774536132812,3417.json,Buggy
4,0.8393586874008179,1,1,127.59107971191406,1785.json,NotBuggy
10,0.3155350685119629,2,4,106.00907897949219,2692.json,Buggy
3,0.9153017401695251,1,0,132.086669921875,913.json,NotBuggy
21,0.08383751660585403,3,8,88.38411712646484,2345.json,Buggy
3,0.8067988157272339,1,0,131.28770446777344,1598.json,NotBuggy
4,0.9113366007804871,1,0,127.42622375488281,792.json,NotBuggy
12,0.2107539027929306,6,3,101.03715515136719,1092.json,NotBuggy
4,0.9329303503036499,1,0,128.936767578125,3761.json,NotBuggy
19,0.23251557350158691,3,9,90.39187622070312,2655.json,NotBuggy
4,0.5567881464958191,1,0,126.94251251220703,697.json,NotBuggy
3,0.9877338409423828,1,0,134.26058959960938,1023.json,NotBuggy
8,0.20868118107318878,2,3,108.66751861572266,2831.json,NotBuggy
4,0.9287307858467102,1,0,129.6001434326172,2965.json,NotBuggy
5,0.004832628183066845,1,3,117.61241912841797,3451.json,NotBuggy
22,0.022521251812577248,4,18,85.2999038696289,2719.json,Buggy
4,0.6337543725967407,1,1,125.79222106933594,3796.json,NotBuggy
4,0.6969563961029053,1,0,127.42622375488281,973.json,NotBuggy
10,0.3320249319076538,2,6,102.63037872314453,2621.json,NotBuggy
8,0.566003680229187,2,3,108.08734130859375,2749.json,Buggy
11,0.22247415781021118,2,3,103.62551879882812,1801.json,NotBuggy
15,0.014274046756327152,3,7,95.21937561035156,1575.json,Buggy
14,1.5479743888136E-4,1,0,99.65331268310547,2178.json,NotBuggy
4,0.9881178736686707,1,0,128.936767578125,2726.json,NotBuggy
4,0.5912356972694397,1,3,122.68119049072266,2685.json,NotBuggy
3,0.4373772144317627,1,0,132.086669921875,1215.json,NotBuggy
6,0.07474206387996674,1,0,119.34615325927734,3221.json,NotBuggy
22,0.0013868022942915559,4,12,86.02083587646484,3043.json,Buggy
4,0.5194031596183777,1,1,126.19583892822266,826.json,NotBuggy
4,0.8694813251495361,1,0,128.936767578125,2003.json,NotBuggy
4,0.809013843536377,1,1,125.39425659179688,3728.json,NotBuggy
4,0.7469247579574585,1,0,126.4930648803711,3199.json,NotBuggy
3,0.8067988157272339,1,0,131.28770446777344,1587.json,NotBuggy
6,0.8234317898750305,1,3,115.71329498291016,2754.json,NotBuggy
22,0.022521251812577248,4,18,85.2999038696289,2659.json,Buggy
12,0.15657958388328552,2,6,99.1483383178711,1729.json,Buggy
75,0.0,18,26,56.60865783691406,1393.json,Buggy
30,4.910824354737997E-4,2,14,79.35090637207031,949.json,Buggy
3,0.8778161406517029,1,0,133.59722900390625,593.json,NotBuggy
5,0.6729023456573486,1,2,120.3299331665039,1068.json,NotBuggy
5,0.8678571581840515,1,3,120.3299331665039,1438.json,Buggy
3,0.9074175357818604,1,0,130.99049377441406,613.json,NotBuggy
4,0.23768018186092377,1,0,124.6862564086914,1012.json,NotBuggy
17,0.5739043951034546,2,10,92.3788833618164,3847.json,Buggy
6,0.16714581847190857,1,0,119.34615325927734,2905.json,NotBuggy
8,0.09698452055454254,2,2,109.13993835449219,589.json,NotBuggy
8,0.21553754806518555,2,5,107.63104248046875,757.json,NotBuggy
4,0.34320762753486633,1,0,125.27178192138672,2213.json,NotBuggy
3,0.006619585212320089,1,0,133.59722900390625,3134.json,NotBuggy
3,0.4950807988643646,1,2,129.34671020507812,2151.json,NotBuggy
6,0.22381840646266937,1,0,118.11772155761719,2791.json,NotBuggy
4,0.39573368430137634,1,0,128.936767578125,2698.json,NotBuggy
8,0.566003680229187,2,3,108.08734130859375,2748.json,NotBuggy
3,0.2788960635662079,1,0,133.59722900390625,1204.json,NotBuggy
4,0.977817714214325,1,0,128.936767578125,2642.json,NotBuggy
3,0.06057086959481239,1,1,132.61029052734375,3053.json,NotBuggy
4,0.6103099584579468,1,0,128.936767578125,2074.json,NotBuggy
4,0.4321542978286743,1,0,127.78498840332031,2724.json,NotBuggy
13,0.01664462871849537,2,4,97.02617645263672,2940.json,NotBuggy
11,0.1576654613018036,2,4,101.73475646972656,1745.json,NotBuggy
4,0.4545372426509857,1,0,126.94251251220703,2495.json,NotBuggy
3,0.07665830850601196,1,1,133.18099975585938,610.json,NotBuggy
8,0.07775852084159851,1,0,112.51962280273438,2949.json,NotBuggy
4,0.664024829864502,1,0,127.42622375488281,2400.json,NotBuggy
18,0.01469248067587614,3,8,90.42839813232422,2334.json,Buggy
16,0.20511749386787415,4,8,92.54119873046875,2533.json,NotBuggy
4,0.39573368430137634,1,0,128.936767578125,2694.json,NotBuggy
3,0.24598358571529388,1,0,133.59722900390625,914.json,NotBuggy
3,0.990539014339447,1,0,134.26058959960938,1189.json,Buggy
4,0.6525624990463257,1,1,126.62725830078125,3736.json,NotBuggy
5,0.6238113045692444,1,2,119.31562042236328,2620.json,NotBuggy
16,0.0416889563202858,5,6,94.57585906982422,2444.json,Buggy
9,0.15272200107574463,2,4,105.64976501464844,3497.json,Buggy
8,0.4723142087459564,2,3,107.83899688720703,3816.json,Buggy
10,0.026914477348327637,2,6,105.6418685913086,1907.json,Buggy
4,0.6682161092758179,1,0,128.335205078125,2177.json,Buggy
4,0.9248043298721313,1,0,127.27810668945312,1714.json,NotBuggy
12,0.21447938680648804,3,4,101.0516128540039,2956.json,NotBuggy
20,0.014340351335704327,3,5,90.05890655517578,2480.json,NotBuggy
4,0.20872780680656433,1,0,129.6001434326172,934.json,NotBuggy
8,0.19472970068454742,1,4,108.08014678955078,3801.json,Buggy
3,0.6105390191078186,1,1,133.18099975585938,605.json,NotBuggy
6,0.6137601733207703,1,2,118.23019409179688,1674.json,Buggy
3,0.43273305892944336,1,1,133.18099975585938,612.json,NotBuggy
3,0.5713716149330139,1,1,132.086669921875,534.json,NotBuggy
12,0.052171625196933746,4,4,100.67344665527344,2348.json,NotBuggy
5,0.4860415756702423,1,2,119.94750213623047,1757.json,NotBuggy
14,0.08459978550672531,2,5,97.22738647460938,1198.json,Buggy
8,0.08040551841259003,1,0,112.51962280273438,1642.json,NotBuggy
13,0.017415691167116165,4,8,96.48379516601562,3832.json,NotBuggy
9,0.09292016178369522,2,1,106.22814178466797,730.json,NotBuggy
5,0.020640891045331955,1,0,121.07132720947266,2098.json,NotBuggy
7,0.057125672698020935,2,4,111.05684661865234,1095.json,NotBuggy
36,0.006145724095404148,7,13,74.76407623291016,2388.json,Buggy
3,0.5906446576118469,1,0,133.59722900390625,2393.json,NotBuggy
11,0.0022295904345810413,1,0,105.1783218383789,2651.json,NotBuggy
16,0.0030765999108552933,2,11,92.21184539794922,2302.json,NotBuggy
3,0.749550461769104,1,0,132.086669921875,2280.json,NotBuggy
4,0.666670560836792,1,1,126.62725830078125,1474.json,NotBuggy
3,0.06173443794250488,1,0,133.59722900390625,2794.json,NotBuggy
5,0.46400776505470276,1,2,119.48943328857422,2883.json,NotBuggy
4,0.7021040320396423,1,1,127.42622375488281,2664.json,NotBuggy
3,0.9378372430801392,1,0,130.45266723632812,1500.json,NotBuggy
4,0.5277447700500488,1,0,127.42622375488281,2466.json,NotBuggy
3,0.8043752908706665,1,0,133.59722900390625,599.json,NotBuggy
4,0.5057526230812073,1,2,124.361083984375,1063.json,NotBuggy
7,0.07213301211595535,2,1,112.91719818115234,2403.json,NotBuggy
13,0.6027087569236755,3,5,99.04875183105469,2658.json,Buggy
12,0.14524541795253754,3,4,100.21871948242188,2231.json,NotBuggy
4,0.6668490767478943,1,1,127.42622375488281,3797.json,NotBuggy
4,0.6378273367881775,1,0,127.42622375488281,3103.json,NotBuggy
4,0.08621395379304886,1,0,128.936767578125,2741.json,NotBuggy
6,0.49537143111228943,1,2,115.71329498291016,2147.json,NotBuggy
15,0.0,1,0,97.9199447631836,2875.json,NotBuggy
3,0.008201946504414082,1,3,127.59430694580078,2324.json,NotBuggy
4,0.91476970911026,1,0,127.42622375488281,1016.json,NotBuggy
4,0.6378273367881775,1,0,127.42622375488281,3232.json,NotBuggy
3,0.2962116003036499,1,1,132.25152587890625,3480.json,NotBuggy
4,0.9393712878227234,1,2,126.33003997802734,2707.json,NotBuggy
5,0.35743412375450134,1,0,122.29976654052734,2919.json,NotBuggy
3,0.8971901535987854,1,0,133.59722900390625,2941.json,NotBuggy
3,0.0723189041018486,1,0,131.28770446777344,2059.json,NotBuggy
10,0.09435491263866425,2,3,103.75387573242188,2188.json,Buggy
4,0.5403208136558533,1,3,125.39425659179688,1048.json,Buggy
5,0.6976737976074219,1,2,119.41305541992188,2854.json,NotBuggy
4,0.9205211400985718,1,0,128.936767578125,3672.json,NotBuggy
5,0.03119056113064289,1,3,118.2250747680664,3454.json,NotBuggy
33,0.0,21,6,74.6541519165039,1570.json,Buggy
4,0.0042875660583376884,1,0,126.19583892822266,1931.json,NotBuggy
3,0.5419178605079651,1,1,132.25152587890625,3478.json,NotBuggy
6,0.7309873700141907,1,1,116.993896484375,1299.json,NotBuggy
4,0.5877751708030701,1,1,126.62725830078125,2703.json,NotBuggy
4,0.8134075999259949,1,0,128.936767578125,2073.json,NotBuggy
14,0.13087721168994904,3,11,95.65438842773438,1542.json,NotBuggy
37,0.00337271299213171,6,10,75.78804779052734,2622.json,Buggy
4,0.4949091076850891,1,2,124.361083984375,2690.json,NotBuggy
7,0.15474937856197357,2,3,112.09442901611328,1291.json,NotBuggy
3,0.9063717126846313,1,0,133.59722900390625,530.json,NotBuggy
16,0.07997684180736542,5,5,95.08863067626953,1301.json,NotBuggy
7,0.11293690651655197,2,2,112.27047729492188,1519.json,NotBuggy
11,0.3153199255466461,2,6,102.45098876953125,2541.json,NotBuggy
6,0.5328590869903564,1,3,118.48686981201172,3150.json,NotBuggy
4,0.8964919447898865,1,0,128.936767578125,993.json,NotBuggy
4,0.8393586874008179,1,1,127.59107971191406,1786.json,NotBuggy
5,0.35745474696159363,1,2,120.13368225097656,2778.json,NotBuggy
5,0.5034574866294861,1,3,119.58580780029297,2626.json,NotBuggy
23,0.005515943747013807,5,13,83.53997039794922,3111.json,Buggy
5,0.24376295506954193,1,2,120.96249389648438,2640.json,NotBuggy
31,0.02577681466937065,6,11,77.92649841308594,779.json,Buggy
20,0.007585389539599419,5,6,88.57568359375,3444.json,Buggy
3,0.5713716149330139,1,1,132.086669921875,597.json,NotBuggy
23,0.11600179225206375,4,7,86.80789947509766,2181.json,Buggy
4,0.46160000562667847,1,1,125.27178192138672,2583.json,NotBuggy
4,0.40461602807044983,1,4,122.20084381103516,2540.json,NotBuggy
3,0.057189103215932846,1,0,133.59722900390625,2391.json,NotBuggy
15,0.18021883070468903,4,5,95.3884506225586,2184.json,Buggy
18,0.0014340992784127593,4,7,90.31166076660156,2623.json,Buggy
9,0.11139770597219467,3,5,104.89933013916016,2223.json,NotBuggy
4,0.26809272170066833,1,2,125.02987670898438,3842.json,NotBuggy
4,0.5792973041534424,1,0,128.936767578125,1341.json,NotBuggy
4,0.7176163792610168,1,0,127.42622375488281,765.json,NotBuggy
4,0.8338840007781982,1,0,128.936767578125,1069.json,NotBuggy
4,0.9434067606925964,1,0,128.936767578125,3029.json,NotBuggy
5,0.6526081562042236,1,2,119.84819793701172,3446.json,NotBuggy
4,0.6714504361152649,1,0,128.936767578125,2522.json,NotBuggy
4,0.4512391686439514,1,0,128.335205078125,3795.json,NotBuggy
7,0.056996382772922516,1,0,114.68283081054688,3206.json,NotBuggy
3,0.9239848256111145,1,1,133.18099975585938,2117.json,NotBuggy
4,0.1790124773979187,1,0,124.6862564086914,2470.json,NotBuggy
4,0.2457823008298874,1,0,124.6862564086914,2948.json,NotBuggy
4,0.8275972008705139,1,1,126.94251251220703,3764.json,NotBuggy
19,0.07348006963729858,6,6,88.78404235839844,3078.json,Buggy
4,0.1847154051065445,1,2,125.15930938720703,3800.json,NotBuggy
4,0.9395503997802734,1,0,128.936767578125,796.json,NotBuggy
6,0.07474206387996674,1,0,119.34615325927734,3052.json,NotBuggy
3,0.06057086959481239,1,1,132.61029052734375,3164.json,NotBuggy
3,0.18754632771015167,1,2,128.50894165039062,1210.json,NotBuggy
16,0.00278598559089005,3,8,92.14207458496094,1824.json,NotBuggy
7,0.03955749794840813,1,5,111.4207534790039,2802.json,NotBuggy
3,0.3097199499607086,1,0,133.59722900390625,2360.json,NotBuggy
4,0.140259250998497,1,2,124.25267028808594,835.json,NotBuggy
34,0.0040038470178842545,6,13,76.68527221679688,2100.json,Buggy
5,0.45738086104393005,1,2,122.74693298339844,3329.json,Buggy
28,0.0032094810158014297,5,13,80.55059814453125,1463.json,Buggy
4,0.2923571467399597,1,0,127.42622375488281,1723.json,NotBuggy
19,0.018477408215403557,5,14,87.70929718017578,1284.json,Buggy
4,0.0241763424128294,1,7,121.83644104003906,2820.json,NotBuggy
4,0.7923370003700256,1,1,128.5205535888672,2729.json,NotBuggy
7,0.3478245437145233,2,3,112.44429016113281,2893.json,NotBuggy
3,0.06057086959481239,1,1,132.61029052734375,2997.json,NotBuggy
10,0.2618855834007263,3,1,105.46504974365234,711.json,NotBuggy
16,7.417803280986845E-4,4,11,92.5206069946289,2822.json,NotBuggy
4,0.8044964671134949,1,0,128.936767578125,2072.json,NotBuggy
15,0.017621511593461037,3,8,96.65726470947266,2766.json,Buggy
4,0.8339826464653015,1,0,127.42622375488281,1279.json,NotBuggy
3,0.8101280331611633,1,0,130.85629272460938,1088.json,NotBuggy
4,0.13818255066871643,1,1,124.25267028808594,2629.json,NotBuggy
4,0.23768018186092377,1,0,124.6862564086914,999.json,NotBuggy
3,0.1584240198135376,1,1,132.25152587890625,3477.json,NotBuggy
4,0.36816132068634033,1,3,122.84404754638672,1945.json,NotBuggy
4,0.18457278609275818,1,0,127.42622375488281,1918.json,NotBuggy
3,0.7721955180168152,1,0,131.28770446777344,2058.json,NotBuggy
4,0.9200966358184814,1,0,128.936767578125,3188.json,NotBuggy
17,0.01052827388048172,3,8,91.38499450683594,1580.json,NotBuggy
4,0.010651789605617523,1,5,121.21369934082031,2336.json,Buggy
6,0.5106868147850037,1,3,115.6431884765625,2285.json,NotBuggy
5,0.11742664128541946,1,4,117.59646606445312,1717.json,NotBuggy
3,0.7220084071159363,1,1,132.086669921875,608.json,NotBuggy
9,0.005853638052940369,1,0,109.0759048461914,1187.json,NotBuggy
3,0.8835563659667969,1,0,133.59722900390625,2943.json,NotBuggy
4,0.8443449139595032,1,0,128.936767578125,3192.json,NotBuggy
33,0.0,7,15,76.15082550048828,2757.json,Buggy
4,0.15200507640838623,1,1,124.91740417480469,3859.json,NotBuggy
11,0.03513646498322487,2,7,101.3305892944336,1043.json,NotBuggy
7,0.21628129482269287,1,5,111.52324676513672,2764.json,NotBuggy
3,0.8835563659667969,1,0,133.59722900390625,1523.json,NotBuggy
4,0.6860044598579407,1,0,127.42622375488281,2964.json,NotBuggy
9,0.2667098641395569,2,2,109.56678771972656,2666.json,Buggy
33,0.0,1,0,80.14229583740234,1073.json,NotBuggy
4,0.7926634550094604,1,0,127.42622375488281,975.json,NotBuggy
11,0.19634856283664703,2,2,105.6617660522461,2587.json,Buggy
6,0.061419691890478134,1,6,112.58573913574219,820.json,NotBuggy
6,0.2960226833820343,1,3,114.70814514160156,3843.json,NotBuggy
4,0.8613417744636536,1,0,128.936767578125,3774.json,NotBuggy
4,0.6078895330429077,1,0,125.91468811035156,617.json,NotBuggy
25,0.00879005528986454,5,13,83.5835189819336,3240.json,Buggy
3,0.045267071574926376,1,0,131.28770446777344,1611.json,NotBuggy
4,0.021572818979620934,1,1,123.75868225097656,3310.json,NotBuggy
4,0.7539367079734802,1,0,127.42622375488281,2129.json,NotBuggy
4,0.8469845652580261,1,0,128.936767578125,3786.json,NotBuggy
9,0.14891593158245087,1,7,103.49070739746094,1709.json,NotBuggy
16,0.0686209425330162,4,7,93.30791473388672,742.json,Buggy
11,0.22254177927970886,3,2,102.54724884033203,1151.json,NotBuggy
4,0.9307262301445007,1,0,127.42622375488281,996.json,NotBuggy
3,0.1005798727273941,1,1,133.18099975585938,609.json,NotBuggy
12,0.06947027891874313,3,3,99.19503021240234,2758.json,Buggy
17,0.178106889128685,5,4,92.34833526611328,2265.json,NotBuggy
