SLOCStandard,Readability,SimpleReadability,NVAR,NCOMP,Mcclure,McCabe,IndentSTD,MaximumBlockDepth,totalFanOut,Length,MaintainabilityIndex,SATD,Parameters,LocalVariables,ChangeAtMethodAge,CriticalEditDistances,file,Detection
3,0.23082654178142548,0.419821944241946,0,0,0,1,3.77,0,2,26.0,128.70916748046875,0,2,0,0,0,104.json,NotBuggy
3,0.3124442994594574,0.6614392489844355,0,0,0,1,3.77,0,1,20.0,130.18594360351562,0,1,0,0,0,761.json,NotBuggy
3,0.49174752831459045,0.09940709218398112,1,1,2,2,3.77,0,2,35.0,126.40631103515625,0,1,0,0,0,2294.json,Buggy
11,0.14498229324817657,0.00889652608181883,3,3,6,3,6.67,1,4,67.0,101.32836151123047,0,1,1,0,0,922.json,NotBuggy
8,0.3586467206478119,0.31413867247319943,0,0,0,2,5.66,1,1,38.0,110.01913452148438,0,1,0,0,0,794.json,NotBuggy
14,0.005874275229871273,2.0709743855988203E-5,3,3,6,4,6.49,2,15,105.0,94.54420471191406,0,1,3,0,0,1581.json,NotBuggy
3,1.2642951332964003E-4,0.8437312073482379,0,0,0,1,3.77,0,0,13.0,132.9956512451172,0,0,0,0,0,469.json,NotBuggy
3,0.5611368417739868,0.600229218344899,0,0,0,1,3.77,0,1,21.0,129.81976318359375,0,1,0,0,0,129.json,NotBuggy
3,0.7049697637557983,0.5911533151526175,0,0,0,1,3.77,0,0,22.0,129.57785034179688,0,1,0,0,0,908.json,NotBuggy
3,0.8745493292808533,0.7527008344819573,0,0,0,1,3.77,0,2,17.0,131.43582153320312,0,1,0,0,0,1423.json,NotBuggy
3,0.011466797441244125,0.14452593305473777,0,0,0,1,3.77,0,2,32.0,127.03218841552734,0,2,0,0,0,614.json,NotBuggy
9,0.011966722086071968,0.0021831914424125104,1,1,2,2,6.29,1,9,67.0,104.62130737304688,0,1,0,0,0,1556.json,NotBuggy
19,3.1913944985717535E-4,2.2801622064237824E-8,5,5,10,7,8.9,3,12,155.0,86.49224853515625,0,2,5,0,0,629.json,NotBuggy
3,0.06730113178491592,0.5528685963056427,0,0,0,1,3.77,0,1,24.0,129.0215301513672,0,2,0,0,0,1402.json,NotBuggy
3,0.8801499605178833,0.9202017645154369,0,0,0,1,3.77,0,0,12.0,133.59722900390625,0,0,0,0,0,1601.json,NotBuggy
3,0.025487717241048813,0.36947907054327206,0,0,0,1,3.77,0,1,24.0,128.83535766601562,0,1,0,0,0,681.json,NotBuggy
3,0.8514964580535889,0.7739909218989509,0,0,0,1,3.77,0,0,19.0,130.70933532714844,0,1,0,0,0,925.json,NotBuggy
7,0.00447947159409523,4.812628248517496E-6,0,0,0,1,3.61,0,9,94.0,106.8592529296875,0,2,2,0,0,370.json,NotBuggy
3,0.005339452996850014,0.2785962003621961,0,0,0,1,3.77,0,1,27.0,128.1388702392578,0,2,0,0,0,680.json,NotBuggy
3,0.0,0.05019749537419624,0,0,0,1,3.77,0,2,42.0,125.76248931884766,0,2,0,0,0,1051.json,NotBuggy
6,0.002193093067035079,0.0064953620191105215,0,0,0,1,5.5,0,3,57.0,112.44830322265625,0,3,1,0,0,120.json,NotBuggy
3,6.375542725436389E-4,0.24095762692257947,0,0,0,1,3.77,0,1,30.0,127.67500305175781,0,3,0,0,0,2224.json,NotBuggy
3,0.3372165262699127,0.566630386627928,0,0,0,1,3.77,0,2,22.0,129.69032287597656,0,0,0,0,0,1046.json,NotBuggy
3,8.471126784570515E-4,0.26894028349918486,0,0,0,1,3.77,0,3,29.0,127.8512954711914,0,1,0,0,0,1066.json,Buggy
3,0.15088248252868652,0.36038964778223964,0,0,0,1,3.77,0,1,22.0,129.47398376464844,0,0,0,0,0,18.json,NotBuggy
4,0.47463345527648926,0.7744827039744254,0,0,0,1,4.0,0,1,21.0,125.27178192138672,0,1,0,0,0,226.json,NotBuggy
3,0.5590980648994446,0.8604079886369074,0,0,0,1,3.77,0,0,15.0,131.9385528564453,0,0,0,0,0,1666.json,NotBuggy
3,0.005473754834383726,0.14723581132456756,0,0,0,1,3.77,0,1,35.0,126.56620788574219,0,2,0,0,0,409.json,NotBuggy
3,0.3239244222640991,0.3555854240697059,0,0,0,1,3.77,0,2,26.0,128.41912841796875,0,1,0,0,0,634.json,NotBuggy
6,0.207405224442482,0.2695690390754663,1,1,2,2,5.5,1,3,34.0,115.32806396484375,0,1,1,0,0,8.json,NotBuggy
3,0.8473100662231445,0.7696581367324973,0,0,0,1,3.77,0,1,17.0,131.28770446777344,0,1,0,0,0,1390.json,NotBuggy
9,0.11399324983358383,0.007486374115180495,0,0,0,1,8.3,0,8,73.0,104.49549865722656,0,3,0,0,0,620.json,NotBuggy
3,0.04755273461341858,0.29251503377610605,0,0,0,1,3.77,0,1,29.0,128.0374755859375,0,2,0,0,0,1890.json,NotBuggy
31,0.0054270136170089245,3.9262491989069345E-7,0,0,0,5,8.15,3,12,152.0,78.90264129638672,0,3,3,0,0,2354.json,NotBuggy
3,0.5714921951293945,0.5541554778176085,0,0,0,1,3.77,0,1,23.0,129.4591827392578,0,1,0,0,0,1298.json,NotBuggy
5,0.028671270236372948,0.14805766191551614,0,0,0,1,10.85,0,7,37.0,118.2250747680664,0,1,0,0,0,1093.json,NotBuggy
5,0.003131548408418894,0.0026467714532404864,2,1,3,2,5.99,0,5,58.0,115.03157806396484,0,2,1,0,0,146.json,NotBuggy
3,0.42166197299957275,0.7250480826546425,0,0,0,1,3.77,0,1,18.0,130.85629272460938,0,0,0,0,0,1603.json,NotBuggy
3,0.0,0.03496278227517898,0,0,0,1,3.77,0,1,42.0,125.61813354492188,0,2,0,0,0,405.json,NotBuggy
3,0.3029724955558777,0.6959982845486717,0,0,0,1,3.77,0,1,20.0,130.18594360351562,0,1,0,0,0,760.json,NotBuggy
7,0.11896518617868423,0.03669891164428831,1,1,2,2,6.05,1,3,47.0,110.7762451171875,0,2,1,0,0,1614.json,Buggy
3,0.5355666279792786,0.6451475346851465,0,0,0,1,3.77,0,0,20.0,130.18594360351562,0,1,0,0,0,2282.json,NotBuggy
5,0.0011266175424680114,0.06633004431666975,0,0,0,1,3.92,0,4,44.0,117.1008529663086,0,2,0,0,0,2358.json,NotBuggy
3,0.49376243352890015,0.6839255792933945,0,0,0,1,3.77,0,1,19.0,130.45266723632812,0,0,0,0,0,1417.json,NotBuggy
3,0.3315446078777313,0.5131655364049076,0,0,0,1,3.77,0,0,24.0,129.12539672851562,0,2,0,0,0,918.json,NotBuggy
3,0.9506703615188599,0.9297367686374198,0,0,0,1,3.77,0,0,12.0,133.59722900390625,0,0,0,0,0,536.json,NotBuggy
3,0.9099963307380676,0.9096306973479196,0,0,0,1,3.77,0,1,14.0,132.61029052734375,0,0,0,0,0,1398.json,NotBuggy
4,6.155293667688966E-4,0.06198839942060368,0,0,0,1,6.63,0,1,40.0,121.14502716064453,0,3,0,0,0,393.json,NotBuggy
14,2.626597706694156E-4,1.2522408330883334E-9,1,1,2,2,13.04,1,15,144.0,92.79679107666016,0,2,4,0,0,797.json,NotBuggy
5,2.773620653897524E-4,0.06183105549078408,0,0,0,1,3.92,0,4,45.0,117.12834930419922,0,2,0,0,0,2356.json,NotBuggy
3,0.15572546422481537,0.5724860820096193,0,0,0,1,3.77,0,1,22.0,129.37762451171875,0,0,0,0,0,921.json,NotBuggy
3,0.1995512992143631,0.40286569275520817,0,0,0,1,3.77,0,1,26.0,128.70916748046875,0,1,0,0,0,1889.json,NotBuggy
3,3.1497018062509596E-4,0.1251932431074015,0,0,0,1,3.77,0,1,33.0,127.01653289794922,0,3,0,0,0,2251.json,NotBuggy
9,0.07856287062168121,0.029637204228258513,0,0,0,2,5.33,1,5,54.0,105.98300170898438,0,1,1,0,0,1804.json,NotBuggy
22,0.004143423866480589,1.1306403961272675E-7,4,3,7,4,5.15,1,17,155.0,84.83489990234375,0,1,5,0,0,2208.json,Buggy
3,0.3863503336906433,0.7258725464015596,0,0,0,1,3.77,0,1,18.0,130.7338104248047,0,0,0,0,0,99.json,NotBuggy
3,0.6377668380737305,0.823923222594508,0,0,0,1,3.77,0,0,15.0,131.9385528564453,0,0,0,0,0,1670.json,NotBuggy
8,0.0020935332868248224,5.718531882038334E-4,0,0,0,2,4.8,1,3,73.0,105.92192840576172,0,3,3,0,0,371.json,NotBuggy
3,0.19026245176792145,0.7063240776399775,0,0,0,1,3.77,0,0,20.0,130.07347106933594,0,1,0,0,0,1677.json,NotBuggy
12,0.5738362073898315,0.17223206000759858,0,0,0,1,7.54,1,2,53.0,101.6497573852539,0,2,0,0,0,1389.json,NotBuggy
16,0.012503710575401783,5.863690459779999E-7,0,0,0,2,7.47,2,11,118.0,91.76567840576172,0,2,5,0,0,509.json,NotBuggy
3,0.8238320350646973,0.7781837807559538,0,0,0,1,3.77,0,1,18.0,130.85629272460938,0,1,0,0,0,499.json,NotBuggy
3,0.9001754522323608,0.47705402538565217,0,0,0,1,4.0,0,3,25.0,128.8092498779297,0,1,0,0,0,581.json,NotBuggy
4,7.677886751480401E-4,0.06899937889328554,0,0,0,1,6.63,0,1,40.0,121.21139526367188,0,3,0,0,0,394.json,NotBuggy
3,0.4253218472003937,0.7040842767846865,0,0,0,1,3.77,0,1,19.0,130.70933532714844,0,1,0,0,0,1885.json,NotBuggy
3,0.8259474039077759,0.7542684212199138,0,0,0,1,3.77,0,0,19.0,130.70933532714844,0,1,0,0,0,890.json,NotBuggy
3,0.2906588912010193,0.7338924254015976,0,0,0,1,3.77,0,0,20.0,130.07347106933594,0,1,0,0,0,1675.json,NotBuggy
39,0.0,3.4541760992266712E-18,8,11,19,11,6.79,3,31,286.0,70.29878234863281,0,3,7,0,0,1578.json,NotBuggy
3,0.3982812166213989,0.34066770089836057,0,0,0,1,3.77,0,2,26.0,128.41912841796875,0,1,0,0,0,1173.json,NotBuggy
3,0.9152590036392212,0.8985201263698973,0,0,0,1,3.77,0,0,12.0,133.59722900390625,0,0,0,0,0,1363.json,NotBuggy
3,0.005459143314510584,0.07845207348114108,0,0,0,1,3.77,0,5,37.0,126.21087646484375,0,1,0,0,0,1143.json,NotBuggy
3,0.05361071974039078,0.5603543637619185,0,0,0,1,3.77,0,1,24.0,129.0215301513672,0,2,0,0,0,1399.json,NotBuggy
3,0.011184669099748135,0.3086522538027485,0,0,0,1,3.77,0,1,29.0,127.94110107421875,0,2,0,0,0,2047.json,NotBuggy
6,0.1668320894241333,0.2729852456680099,1,1,2,2,5.5,1,3,34.0,115.32806396484375,0,1,1,0,0,10.json,NotBuggy
3,0.0391305647790432,0.4925568994746056,0,0,0,1,3.77,0,2,22.0,129.47398376464844,0,0,0,0,0,1285.json,NotBuggy
3,0.174300879240036,0.2620778909742292,0,0,0,1,3.77,0,0,29.0,127.68843078613281,0,2,0,0,0,2308.json,NotBuggy
3,0.048799168318510056,0.20377087585137876,0,0,0,1,3.77,0,2,32.0,127.17654418945312,0,1,0,0,0,207.json,NotBuggy
3,4.471379506867379E-4,0.3511193552248271,0,0,0,1,3.77,0,1,26.0,128.50894165039062,0,2,0,0,0,1203.json,NotBuggy
3,0.00850697886198759,0.32661213910360365,0,0,0,1,3.77,0,0,29.0,128.14134216308594,0,3,0,0,0,946.json,NotBuggy
6,0.18189884722232819,0.008398348834662998,0,0,0,1,3.77,0,7,54.0,112.63169860839844,0,0,2,0,0,1061.json,Buggy
6,0.635421872138977,0.1802299923943502,1,2,3,3,13.11,0,3,45.0,113.64049530029297,0,1,0,0,0,2288.json,NotBuggy
20,0.0,1.3624297326261642E-10,7,4,11,4,6.92,2,14,175.0,85.72022247314453,0,4,4,0,0,1358.json,NotBuggy
16,0.022667312994599342,3.1983410812875046E-5,0,0,0,2,14.56,2,11,105.0,92.5074234008789,0,1,2,0,0,372.json,NotBuggy
3,0.5237954258918762,0.5754473500538541,0,0,0,1,3.77,0,1,21.0,129.7158966064453,0,1,0,0,0,1424.json,NotBuggy
3,0.13746777176856995,0.7679336550131153,0,0,0,1,3.77,0,1,19.0,130.70933532714844,0,1,0,0,0,733.json,NotBuggy
3,0.5006908178329468,0.4788598479989915,0,0,0,1,3.77,0,1,21.0,129.7158966064453,0,1,0,0,0,784.json,NotBuggy
3,0.01836257241666317,0.24915748828391024,0,0,0,1,3.77,0,1,30.0,127.67500305175781,0,2,0,0,0,2165.json,NotBuggy
4,0.7995343208312988,0.3821859318502383,0,0,0,1,4.0,0,2,26.0,123.75868225097656,0,0,0,0,0,468.json,NotBuggy
3,0.26866069436073303,0.7587116472207964,0,0,0,1,3.77,0,1,18.0,130.85629272460938,0,0,0,0,0,1604.json,NotBuggy
17,0.010205830447375774,7.49879940291815E-6,1,2,3,4,8.57,2,11,120.0,90.43000793457031,0,2,4,0,0,644.json,NotBuggy
3,0.1460869312286377,0.6017093878665027,0,0,0,1,3.77,0,1,20.0,130.07347106933594,0,0,0,0,0,97.json,NotBuggy
3,0.3152872920036316,0.6828660456686567,0,0,0,1,3.77,0,1,20.0,130.18594360351562,0,1,0,0,0,763.json,NotBuggy
3,0.8849436640739441,0.8674177454384762,0,0,0,1,3.77,0,0,14.0,132.4454345703125,0,0,0,0,0,1206.json,NotBuggy
12,1.289334468310699E-4,2.5597364973584673E-6,2,1,3,2,8.08,2,7,108.0,97.11123657226562,0,4,2,0,0,1357.json,NotBuggy
5,0.813605546951294,0.4542723974620299,0,0,0,1,9.8,0,4,34.0,118.37519836425781,0,1,0,0,0,639.json,NotBuggy
3,0.7219179272651672,0.7353322253514752,0,0,0,1,3.77,0,1,18.0,130.85629272460938,0,1,0,0,0,110.json,NotBuggy
3,0.29020652174949646,0.39414605176323525,0,0,0,1,3.77,0,1,24.0,128.83535766601562,0,1,0,0,0,471.json,NotBuggy
4,0.016333134844899178,0.03145394506756184,0,0,0,1,6.63,0,1,45.0,120.40968322753906,0,3,0,0,0,560.json,NotBuggy
3,0.3431132733821869,0.4740084097014737,0,0,0,1,3.77,0,1,25.0,128.91311645507812,0,1,0,0,0,2164.json,NotBuggy
3,0.38385477662086487,0.8659039036396387,0,0,0,1,3.77,0,1,14.0,132.61029052734375,0,0,0,0,0,121.json,NotBuggy
5,0.18932664394378662,0.35127735364488755,1,1,2,2,5.99,1,2,31.0,118.91511535644531,0,2,0,0,0,1815.json,NotBuggy
4,0.34655559062957764,0.23845865173113967,0,0,0,1,6.63,0,2,35.0,121.83938598632812,0,2,0,0,0,548.json,NotBuggy
3,0.0,0.12997236364791653,0,0,0,1,3.77,0,1,35.0,126.78941345214844,0,4,0,0,0,2248.json,NotBuggy
3,0.2410990595817566,0.7091309345164466,0,0,0,1,3.77,0,0,20.0,130.07347106933594,0,1,0,0,0,1661.json,NotBuggy
4,6.847026525065303E-4,0.06557248999254618,0,0,0,1,6.63,0,1,40.0,121.21139526367188,0,3,0,0,0,395.json,NotBuggy
3,0.44082924723625183,0.7374254560767401,0,0,0,1,3.77,0,1,18.0,130.85629272460938,0,0,0,0,0,1602.json,NotBuggy
3,0.9446049928665161,0.8267194949669464,0,0,0,1,3.77,0,0,15.0,131.9385528564453,0,0,0,0,0,1157.json,NotBuggy
3,0.3069796562194824,0.8378186693923252,0,0,0,1,3.77,0,0,14.0,132.4454345703125,0,0,0,0,0,1650.json,NotBuggy
3,0.023970577865839005,0.20713616310020216,0,0,0,1,3.77,0,1,32.0,127.42921447753906,0,2,0,0,0,1891.json,NotBuggy
6,0.3582594096660614,0.24241562539594458,2,2,4,2,5.5,1,2,37.0,114.96261596679688,0,2,0,0,0,1586.json,NotBuggy
3,0.02938336692750454,0.5081452590974368,0,0,0,1,3.77,0,1,25.0,129.0255889892578,0,2,0,0,0,2173.json,NotBuggy
3,0.04573213681578636,0.32712226024186114,0,0,0,1,3.77,0,1,29.0,127.61418151855469,0,2,0,0,0,407.json,NotBuggy
14,0.026160698384046555,6.846870193310889E-4,4,3,7,4,7.16,2,8,85.0,95.60475158691406,0,1,3,0,0,1348.json,NotBuggy
9,0.1589561253786087,0.003051144058663333,0,0,0,1,4.53,0,6,69.0,104.6557846069336,0,1,4,0,0,738.json,NotBuggy
12,0.11602740734815598,0.08571746856721742,1,1,2,3,8.22,2,3,57.0,100.75931549072266,0,0,1,0,0,212.json,NotBuggy
3,5.68052870221436E-4,0.24435244466975245,0,0,0,1,3.77,0,1,30.0,127.67500305175781,0,3,0,0,0,2233.json,NotBuggy
3,0.9536068439483643,0.7636902106747342,0,0,0,1,3.77,0,0,20.0,130.44261169433594,0,1,0,0,0,1366.json,NotBuggy
5,0.02374110370874405,0.04518640003422346,0,0,0,1,5.99,0,5,42.0,117.2763900756836,0,1,0,0,0,507.json,NotBuggy
3,0.686437726020813,0.864118244606287,0,0,0,1,3.77,0,0,17.0,131.28770446777344,0,1,0,0,0,1657.json,NotBuggy
8,0.018693098798394203,0.19882156130870313,1,1,2,2,4.8,1,1,47.0,109.05816650390625,0,1,1,0,0,1525.json,NotBuggy
3,0.6986345052719116,0.8630109544418854,0,0,0,1,3.77,0,1,17.0,131.28770446777344,0,1,0,0,0,1428.json,NotBuggy
3,0.27865269780158997,0.3868203390828843,0,0,0,1,3.77,0,1,24.0,128.83535766601562,0,1,0,0,0,470.json,NotBuggy
3,0.005654626525938511,0.2440145119056977,0,0,0,1,3.77,0,1,27.0,128.1388702392578,0,2,0,0,0,682.json,NotBuggy
3,0.7971004247665405,0.6540211142627076,0,0,0,1,3.77,0,2,19.0,130.45266723632812,0,0,0,0,0,1412.json,NotBuggy
3,0.20360025763511658,0.45220692245445937,0,0,0,1,3.77,0,2,26.0,128.60531616210938,0,1,0,0,0,1375.json,NotBuggy
4,0.30129268765449524,0.546317115050562,0,0,0,1,4.0,0,1,24.0,124.4649429321289,0,0,0,0,0,103.json,NotBuggy
5,0.00142160605173558,4.531471283804424E-4,0,0,0,1,5.99,0,9,68.0,114.25384521484375,0,2,1,0,0,700.json,NotBuggy
3,0.9912829399108887,0.7513193088729232,0,0,0,1,3.77,0,0,22.0,129.94700622558594,0,0,0,0,0,1388.json,NotBuggy
3,0.028191907331347466,0.5329124560717072,0,0,0,1,3.77,0,1,25.0,129.0255889892578,0,2,0,0,0,2167.json,NotBuggy
3,0.6853635311126709,0.8532924058140302,0,0,0,1,3.77,0,0,15.0,131.9385528564453,0,0,0,0,0,1664.json,NotBuggy
3,0.5317037105560303,0.7616749052998563,0,0,0,1,3.77,0,2,18.0,130.99049377441406,0,1,0,0,0,1293.json,NotBuggy
3,0.7989166975021362,0.8889713077707506,0,0,0,1,3.77,0,1,15.0,132.25152587890625,0,0,0,0,0,1391.json,NotBuggy
3,5.681430920958519E-4,0.23770127618203227,0,0,0,1,3.77,0,1,30.0,127.67500305175781,0,3,0,0,0,2227.json,NotBuggy
3,3.055432753171772E-4,0.36051135569981246,0,0,0,1,3.77,0,1,26.0,128.60531616210938,0,2,0,0,0,1153.json,NotBuggy
5,0.07902991771697998,0.23767849578539324,2,1,3,2,5.99,1,2,34.0,118.35591888427734,0,3,0,0,0,1883.json,NotBuggy
3,0.3096153736114502,0.7220456591998373,0,0,0,1,3.77,0,1,20.0,130.18594360351562,0,1,0,0,0,766.json,NotBuggy
4,0.0377369150519371,0.4167520280530839,0,0,0,1,4.0,0,1,28.0,123.46312713623047,0,1,0,0,0,732.json,NotBuggy
3,0.02841690555214882,0.5410507439291138,0,0,0,1,3.77,0,1,22.0,129.57785034179688,0,0,0,0,0,923.json,NotBuggy
8,0.05944990739226341,0.0391625678542512,1,1,2,2,5.66,1,4,50.0,108.34576416015625,0,2,0,0,0,647.json,Buggy
12,0.025482404977083206,7.922029778642398E-4,1,2,3,3,6.63,2,9,85.0,98.73348999023438,0,2,3,0,0,641.json,NotBuggy
3,7.155535276979208E-4,0.23701599974215537,0,0,0,1,3.77,0,1,30.0,127.67500305175781,0,3,0,0,0,2239.json,NotBuggy
6,0.002171566477045417,0.006202319794730375,0,0,0,1,5.5,0,3,57.0,112.44830322265625,0,3,1,0,0,119.json,NotBuggy
4,0.01221882551908493,0.5496494861280489,0,0,0,1,6.63,0,1,23.0,124.58238983154297,0,1,0,0,0,1094.json,NotBuggy
3,0.024093886837363243,0.4264206195328384,0,0,0,1,3.77,0,1,24.0,128.83535766601562,0,1,0,0,0,679.json,NotBuggy
3,0.85634446144104,0.9305902111326466,0,0,0,1,3.77,0,0,12.0,133.59722900390625,0,0,0,0,0,1294.json,NotBuggy
8,0.870670735836029,0.04322796342865455,3,3,6,3,5.66,0,4,57.0,107.43441772460938,0,1,1,0,0,1047.json,NotBuggy
3,0.8921763896942139,0.7665768223866245,0,0,0,1,3.77,0,1,18.0,130.85629272460938,0,1,0,0,0,569.json,NotBuggy
3,0.9912829399108887,0.7513193088729232,0,0,0,1,3.77,0,0,22.0,129.94700622558594,0,0,0,0,0,1385.json,NotBuggy
3,0.0,0.7304634749401168,0,0,0,1,3.77,0,0,19.0,130.57513427734375,0,1,0,0,0,220.json,NotBuggy
3,0.6183976531028748,0.7933470300716949,0,0,0,1,3.77,0,1,18.0,130.85629272460938,0,0,0,0,0,1077.json,NotBuggy
3,0.7213577032089233,0.6272985553712688,0,0,0,1,3.77,0,1,21.0,129.93223571777344,0,1,0,0,0,1421.json,NotBuggy
4,0.039086394011974335,0.06574372049322622,0,0,0,1,4.0,0,5,39.0,121.41315460205078,0,1,1,0,0,525.json,NotBuggy
9,0.2709875702857971,0.11979987277039025,1,1,2,3,5.9,1,3,49.0,106.49266052246094,0,1,1,0,0,2290.json,NotBuggy
22,0.0,6.524319401697633E-10,4,4,8,5,5.77,2,14,177.0,83.83392333984375,0,4,5,0,0,1569.json,NotBuggy
9,0.0028865989297628403,2.7854253347849874E-4,2,1,3,2,5.06,1,10,81.0,103.72474670410156,1,2,3,0,0,526.json,NotBuggy
3,0.9697448015213013,0.8144813413524732,0,0,0,1,3.77,0,0,15.0,131.9385528564453,0,0,0,0,0,1205.json,NotBuggy
4,0.15530194342136383,0.11171753412618929,0,0,0,1,4.0,0,2,34.0,121.9271469116211,0,2,0,0,0,472.json,NotBuggy
3,0.024936094880104065,0.43817991349341295,0,0,0,1,3.77,0,1,26.0,128.41912841796875,0,2,0,0,0,1352.json,NotBuggy
4,0.0019005658105015755,0.12741538032930572,0,0,0,1,6.63,0,1,38.0,121.54822540283203,0,3,0,0,0,2172.json,NotBuggy
4,0.30342021584510803,0.6900148797097372,0,0,0,1,4.0,0,3,23.0,125.05540466308594,0,1,0,0,0,1567.json,NotBuggy
3,0.3372165262699127,0.566630386627928,0,0,0,1,3.77,0,2,22.0,129.69032287597656,0,0,0,0,0,1042.json,NotBuggy
8,0.04210846498608589,0.0016802799935239094,0,0,0,1,9.6,0,13,70.0,106.44800567626953,0,0,1,0,0,364.json,NotBuggy
3,0.940157413482666,0.8365233286771577,0,0,0,1,3.77,0,1,15.0,132.086669921875,0,0,0,0,0,1405.json,NotBuggy
13,0.00429513119161129,5.346901138950816E-4,4,3,7,4,6.49,2,7,86.0,96.86338806152344,0,3,0,0,0,198.json,NotBuggy
3,0.36136478185653687,0.7302453837586255,0,0,0,1,3.77,0,1,19.0,130.57513427734375,0,1,0,0,0,658.json,NotBuggy
7,6.255453336052597E-4,0.0023617186361017677,0,0,0,1,3.61,0,9,67.0,109.27415466308594,0,2,0,0,0,1584.json,NotBuggy
3,0.6693090796470642,0.9543966427539781,0,0,0,1,3.77,0,0,11.0,134.26058959960938,0,0,0,0,0,1360.json,NotBuggy
3,0.005233387462794781,0.25873451785473767,0,0,0,1,3.77,0,1,27.0,128.1388702392578,0,2,0,0,0,690.json,NotBuggy
7,0.0029439216013997793,0.012422562524748123,2,1,3,2,6.05,1,4,56.0,109.7632064819336,0,2,1,0,0,1364.json,NotBuggy
3,0.7496356964111328,0.8436608036375658,0,0,0,1,3.77,0,0,15.0,132.25152587890625,0,0,0,0,0,2279.json,NotBuggy
3,0.11971260607242584,0.885516635997689,0,0,0,1,3.77,0,0,14.0,132.4454345703125,0,0,0,0,0,283.json,NotBuggy
4,0.34947100281715393,0.4236460156990698,0,0,0,1,4.0,0,1,28.0,123.37332153320312,0,1,0,0,0,1112.json,NotBuggy
3,0.08291199803352356,0.11386887485628841,0,0,0,1,3.77,0,4,34.0,126.78704833984375,0,1,0,0,0,1440.json,NotBuggy
3,0.7037910223007202,0.8189972625693259,0,0,0,1,3.77,0,1,17.0,131.28770446777344,0,1,0,0,0,1427.json,NotBuggy
3,0.8171690106391907,0.502598504561389,0,0,0,1,3.77,0,1,19.0,130.34019470214844,0,1,0,0,0,477.json,NotBuggy
3,6.375542725436389E-4,0.23557063114731822,0,0,0,1,3.77,0,1,30.0,127.67500305175781,0,3,0,0,0,2236.json,NotBuggy
3,0.0984022468328476,0.9015345723645253,0,0,0,1,3.77,0,0,14.0,132.4454345703125,0,0,0,0,0,282.json,NotBuggy
3,0.25389301776885986,0.6329277073439881,0,0,0,1,3.77,0,0,20.0,130.07347106933594,0,1,0,0,0,1682.json,NotBuggy
3,0.3967733383178711,0.6460051047346254,0,0,0,1,3.77,0,0,21.0,129.93223571777344,0,1,0,0,0,917.json,NotBuggy
3,0.5655946731567383,0.571535892801744,0,0,0,1,3.77,0,1,21.0,129.7158966064453,0,1,0,0,0,541.json,NotBuggy
3,0.9053484797477722,0.7734066096372743,0,0,0,1,3.77,0,1,18.0,130.85629272460938,0,1,0,0,0,575.json,NotBuggy
5,0.5154269337654114,0.5454659842226381,2,1,3,2,5.99,1,3,26.0,120.31627655029297,0,0,0,0,0,96.json,NotBuggy
3,0.6539921164512634,0.8481242628061335,0,0,0,1,3.77,0,0,15.0,131.9385528564453,0,0,0,0,0,1672.json,NotBuggy
15,0.030814997851848602,5.870642324530219E-4,3,3,6,4,6.17,2,9,94.0,94.31312561035156,0,2,3,0,0,642.json,NotBuggy
3,0.004069228656589985,0.20044937787523268,0,0,0,1,3.77,0,2,30.0,127.59099578857422,0,0,0,0,0,516.json,NotBuggy
3,0.041130002588033676,0.3424805396256116,0,0,0,1,3.77,0,1,26.0,128.41912841796875,0,2,0,0,0,2163.json,NotBuggy
3,4.469208652153611E-4,0.1253150562955148,0,0,0,1,3.77,0,1,35.0,126.71056365966797,0,2,0,0,0,403.json,NotBuggy
3,0.03509816899895668,0.38356423125759354,0,0,0,1,3.77,0,1,26.0,128.41912841796875,0,2,0,0,0,1351.json,NotBuggy
8,0.3888604938983917,0.5907715213948304,0,0,0,1,7.94,1,1,34.0,111.05071258544922,0,1,0,0,0,1420.json,NotBuggy
3,0.8768583536148071,0.7325182796291531,0,0,0,1,3.77,0,0,19.0,130.70933532714844,0,1,0,0,0,906.json,NotBuggy
3,0.08029036968946457,0.5397645144805019,0,0,0,1,3.77,0,1,23.0,129.34671020507812,0,2,0,0,0,788.json,NotBuggy
3,0.18020029366016388,0.7606965482374864,0,0,0,1,3.77,0,0,17.0,131.1535186767578,0,0,0,0,0,1697.json,NotBuggy
3,0.8267079591751099,0.796052531290139,0,0,0,1,3.77,0,2,16.0,131.75106811523438,0,0,0,0,0,1643.json,NotBuggy
3,7.155535276979208E-4,0.23673521608186932,0,0,0,1,3.77,0,1,30.0,127.67500305175781,0,3,0,0,0,2230.json,NotBuggy
3,0.15546031296253204,0.6788715915231083,0,0,0,1,3.77,0,0,21.0,130.05470275878906,0,1,0,0,0,1165.json,NotBuggy
3,0.27933552861213684,0.8308629999017497,0,0,0,1,3.77,0,0,14.0,132.4454345703125,0,0,0,0,0,920.json,NotBuggy
3,0.07303879410028458,0.42848639032378527,0,0,0,1,3.77,0,1,28.0,128.0337677001953,0,2,0,0,0,798.json,NotBuggy
3,0.02503855712711811,0.3996180675335356,0,0,0,1,3.77,0,1,24.0,128.83535766601562,0,1,0,0,0,683.json,NotBuggy
3,0.7638214230537415,0.7555777549496455,0,0,0,1,3.77,0,1,18.0,130.85629272460938,0,1,0,0,0,540.json,NotBuggy
3,0.9501405954360962,0.7058442268981938,0,0,0,1,3.77,0,0,14.0,132.4454345703125,0,1,0,0,0,1070.json,NotBuggy
3,0.3124442994594574,0.6766181609727456,0,0,0,1,3.77,0,1,20.0,130.18594360351562,0,1,0,0,0,764.json,NotBuggy
13,0.0034726134035736322,9.75757883807258E-4,5,4,9,3,8.02,2,10,81.0,97.28594970703125,0,2,2,0,0,1349.json,NotBuggy
3,0.2600342333316803,0.7400438899198272,0,0,0,1,3.77,0,1,20.0,130.18594360351562,0,1,0,0,0,762.json,NotBuggy
3,0.5370233654975891,0.8809443054906705,0,0,0,1,3.77,0,1,15.0,132.25152587890625,0,0,0,0,0,1292.json,NotBuggy
3,0.6786924004554749,0.8545879343221912,0,0,0,1,3.77,0,0,17.0,131.28770446777344,0,1,0,0,0,1655.json,NotBuggy
5,0.028671270236372948,0.14805766191551614,0,0,0,1,10.85,0,7,37.0,118.2250747680664,0,1,0,0,0,1152.json,NotBuggy
3,0.2201460301876068,0.6075646762115501,0,0,0,1,3.77,0,0,21.0,129.93223571777344,0,1,0,0,0,1406.json,NotBuggy
28,0.0014870628947392106,1.6289767036584814E-5,3,5,8,7,6.24,2,17,137.0,80.7735595703125,0,1,3,0,0,543.json,NotBuggy
3,0.40066564083099365,0.789487646151593,0,0,0,1,3.77,0,0,17.0,131.28770446777344,0,1,0,0,0,1651.json,NotBuggy
4,0.4223986268043518,0.035843756719455735,1,2,3,3,9.8,0,3,43.0,120.24597930908203,0,1,0,0,0,2296.json,NotBuggy
6,0.4885716140270233,0.6676255852197617,0,0,0,1,9.8,0,4,31.0,116.1915054321289,0,0,0,0,0,1071.json,NotBuggy
25,1.7657723219599575E-4,1.3352541124906823E-8,3,2,5,4,6.82,3,13,158.0,82.41613006591797,0,3,7,0,0,692.json,NotBuggy
3,0.1948540359735489,0.5240506181651307,0,0,0,1,3.77,0,0,23.0,129.34671020507812,0,2,0,0,0,2281.json,NotBuggy
3,0.29880496859550476,0.4707771970559003,0,0,0,1,3.77,0,1,23.0,129.14646911621094,0,1,0,0,0,391.json,NotBuggy
22,0.0035884007811546326,1.2136343492058395E-7,4,3,7,4,5.15,1,17,155.0,84.83489990234375,0,1,5,0,0,2203.json,Buggy
3,0.20360025763511658,0.45220692245445937,0,0,0,1,3.77,0,2,26.0,128.60531616210938,0,1,0,0,0,1378.json,NotBuggy
3,9.462671587243676E-4,0.7941206347167667,0,0,0,1,3.77,0,0,16.0,131.60296630859375,0,0,0,0,0,221.json,NotBuggy
3,0.9912829399108887,0.7513193088729232,0,0,0,1,3.77,0,0,22.0,129.94700622558594,0,0,0,0,0,1382.json,NotBuggy
3,0.923134446144104,0.9329914984387151,0,0,0,1,3.77,0,0,12.0,133.59722900390625,0,0,0,0,0,1656.json,NotBuggy
3,7.156676147133112E-4,0.23473263452769896,0,0,0,1,3.77,0,1,30.0,127.67500305175781,0,3,0,0,0,2245.json,NotBuggy
3,0.6055049896240234,0.669531579009016,0,0,0,1,3.77,0,2,19.0,130.57513427734375,0,0,0,0,0,717.json,NotBuggy
11,0.01178770326077938,0.0016883001208806757,2,2,4,3,6.9,2,6,78.0,100.48799133300781,0,2,2,0,0,1306.json,NotBuggy
12,0.18790248036384583,0.2558679968334309,1,3,4,5,8.54,2,1,50.0,101.40363311767578,0,1,0,0,0,1606.json,NotBuggy
3,0.3976222276687622,0.7786121618100774,0,0,0,1,3.77,0,1,17.0,131.28770446777344,0,0,0,0,0,531.json,NotBuggy
9,0.16555219888687134,0.10422048823623853,1,1,2,2,7.7,1,7,54.0,106.09454345703125,0,0,1,0,0,1344.json,NotBuggy
5,0.02523462288081646,0.19298702062670509,2,1,3,2,5.99,1,2,36.0,118.0586929321289,0,3,0,0,0,2363.json,NotBuggy
3,0.28566551208496094,0.6938689203446786,0,0,0,1,3.77,0,0,20.0,130.07347106933594,0,1,0,0,0,1671.json,NotBuggy
5,0.06506192684173584,0.19008706426632468,0,0,0,1,3.92,0,3,36.0,118.14434051513672,0,1,1,0,0,1007.json,Buggy
7,4.524206160567701E-4,0.0018552829489439568,0,0,0,1,3.61,0,9,67.0,109.21708679199219,0,2,0,0,0,1562.json,NotBuggy
3,0.5549757480621338,0.7476222297220644,0,0,0,1,3.77,0,1,18.0,130.99049377441406,0,1,0,0,0,2161.json,NotBuggy
42,0.0,2.5740623408223333E-6,3,9,12,8,11.22,1,5,206.0,72.21125030517578,0,2,2,0,0,585.json,NotBuggy
3,0.009726817719638348,0.0527938610216817,0,0,0,1,3.77,0,2,38.0,125.94933319091797,0,2,0,0,0,2306.json,NotBuggy
8,0.3615495264530182,0.04907486807314935,0,0,0,2,5.66,1,2,47.0,108.51105499267578,0,1,0,0,0,1060.json,NotBuggy
6,0.7072599530220032,0.27337980932758443,1,1,2,2,4.8,1,1,39.0,114.4151611328125,0,1,0,0,0,676.json,NotBuggy
3,0.5154913663864136,0.8518127615615049,0,0,0,1,3.77,0,1,17.0,131.28770446777344,0,0,0,0,0,1350.json,NotBuggy
3,0.7646934390068054,0.7802149812668784,0,0,0,1,3.77,0,1,18.0,130.99049377441406,0,1,0,0,0,2204.json,NotBuggy
6,0.5993976593017578,0.6442135307079327,1,1,2,2,5.5,1,2,29.0,116.48211669921875,0,1,0,0,0,1408.json,NotBuggy
8,0.870670735836029,0.04322796342865455,3,3,6,3,5.66,0,4,57.0,107.43441772460938,0,1,1,0,0,1041.json,NotBuggy
6,0.04617241397500038,0.10145284458524295,1,1,2,2,5.5,1,2,38.0,114.61321258544922,0,1,0,0,0,1800.json,NotBuggy
3,0.9912829399108887,0.7513193088729232,0,0,0,1,3.77,0,0,22.0,129.94700622558594,0,0,0,0,0,1376.json,NotBuggy
3,0.5006908178329468,0.4788598479989915,0,0,0,1,3.77,0,1,21.0,129.7158966064453,0,1,0,0,0,791.json,NotBuggy
3,0.8343782424926758,0.8277610184097358,0,0,0,1,3.77,0,0,19.0,130.70933532714844,0,1,0,0,0,1407.json,NotBuggy
3,0.42075586318969727,0.7099173476008462,0,0,0,1,3.77,0,0,17.0,131.03103637695312,0,0,0,0,0,1683.json,NotBuggy
3,0.252669095993042,0.7600750172494704,0,0,0,1,3.77,0,0,17.0,131.03103637695312,0,0,0,0,0,1660.json,NotBuggy
3,0.27933552861213684,0.8308629999017497,0,0,0,1,3.77,0,0,14.0,132.4454345703125,0,0,0,0,0,1167.json,NotBuggy
15,7.937133777886629E-4,4.4217510376387537E-4,4,3,7,4,5.23,1,16,96.0,94.15375518798828,0,1,1,0,0,1346.json,NotBuggy
3,0.2003677487373352,0.7063024596205844,0,0,0,1,3.77,0,1,20.0,130.18594360351562,0,1,0,0,0,2357.json,NotBuggy
3,0.7496127486228943,0.7285622769425536,0,0,0,1,3.77,0,1,17.0,131.1535186767578,0,0,0,0,0,1415.json,NotBuggy
5,0.037720147520303726,0.0306535371484244,0,0,0,1,3.92,0,4,49.0,116.35194396972656,0,2,0,0,0,622.json,NotBuggy
13,0.562922477722168,0.16136254799345534,0,0,0,1,7.38,1,3,57.0,99.92262268066406,0,1,1,0,0,1374.json,NotBuggy
3,0.0,0.18249770499052248,0,0,0,1,3.77,0,1,35.0,126.78941345214844,0,2,0,0,0,1356.json,NotBuggy
3,0.316799521446228,0.5185998195443396,0,0,0,1,3.77,0,1,23.0,129.14646911621094,0,1,0,0,0,2156.json,NotBuggy
3,0.8331016898155212,0.9087298318011374,0,0,0,1,3.77,0,0,12.0,133.59722900390625,0,0,0,0,0,1618.json,NotBuggy
3,1.2641942885238677E-4,0.8433471118222837,0,0,0,1,3.77,0,0,13.0,132.9956512451172,0,0,0,0,0,365.json,NotBuggy
3,0.11020310968160629,0.14547346277022474,0,0,0,1,3.77,0,3,32.0,127.25540161132812,0,1,0,0,0,1803.json,NotBuggy
3,0.036189090460538864,0.4588147388069275,0,0,0,1,3.77,0,1,25.0,128.8092498779297,0,1,0,0,0,404.json,NotBuggy
11,0.004206365905702114,0.014065102335624392,3,2,5,3,7.9,2,9,66.0,101.5701904296875,0,2,0,0,0,737.json,NotBuggy
24,4.3245471897535026E-4,4.992593686601886E-10,1,2,3,3,7.44,1,25,185.0,82.73527526855469,0,2,4,0,0,621.json,NotBuggy
6,0.5218843817710876,0.5854066973200877,2,1,3,2,5.5,1,1,28.0,116.66458892822266,0,1,0,0,0,1622.json,NotBuggy
3,0.7979575395584106,0.7754188686929445,0,0,0,1,3.77,0,1,18.0,130.85629272460938,0,1,0,0,0,795.json,NotBuggy
6,0.041434258222579956,0.010610816356235172,0,0,0,1,5.5,0,3,52.0,112.87580871582031,0,2,2,0,0,535.json,NotBuggy
22,0.0012519980082288384,3.8107955777011327E-6,12,6,18,7,5.33,2,8,134.0,84.98936462402344,0,3,3,0,0,650.json,NotBuggy
3,0.14803849160671234,0.6649413026596825,0,0,0,1,3.77,0,0,21.0,130.05470275878906,0,1,0,0,0,1166.json,NotBuggy
3,0.9379879236221313,0.9201951074933467,0,0,0,1,3.77,0,0,12.0,133.59722900390625,0,0,0,0,0,1045.json,NotBuggy
5,0.021143246442079544,0.1527792975549638,3,1,4,2,5.99,1,3,37.0,117.91622161865234,0,3,0,0,0,2339.json,NotBuggy
3,0.6818232536315918,0.25826226664241136,1,1,2,2,3.77,0,1,28.0,127.64090728759766,0,1,0,0,0,460.json,NotBuggy
3,0.21121707558631897,0.39795687893741105,0,0,0,1,3.77,0,2,26.0,128.3351287841797,0,1,0,0,0,206.json,NotBuggy
3,0.06626531481742859,0.24623075536456898,0,0,0,1,3.77,0,3,30.0,127.67500305175781,0,2,0,0,0,770.json,NotBuggy
3,3.606615064200014E-4,0.08260458240556517,0,0,0,1,3.77,0,1,37.0,126.2772445678711,0,3,0,0,0,2159.json,NotBuggy
3,0.9747391939163208,0.8085184721449319,0,0,0,1,3.77,0,0,13.0,132.9956512451172,0,0,0,0,0,2214.json,NotBuggy
3,0.2278956025838852,0.7601291203908854,0,0,0,1,3.77,0,0,20.0,130.07347106933594,0,1,0,0,0,1667.json,NotBuggy
4,8.307045791298151E-4,0.08750760634370694,0,0,0,1,4.0,0,2,40.0,121.43460083007812,0,3,1,0,0,196.json,NotBuggy
25,0.0,2.5885003108258316E-8,4,5,9,6,8.07,2,17,180.0,81.30056762695312,1,3,6,0,0,556.json,Buggy
3,0.5958088636398315,0.790010207831343,0,0,0,1,3.77,0,1,18.0,130.85629272460938,0,1,0,0,0,678.json,NotBuggy
3,0.9642404317855835,0.8069391330656491,0,0,0,1,3.77,0,0,15.0,131.9385528564453,0,0,0,0,0,1098.json,NotBuggy
22,0.004143423866480589,1.1306403961272675E-7,4,3,7,4,5.15,1,17,155.0,84.83489990234375,0,1,5,0,0,2207.json,Buggy
4,0.6537889242172241,0.4352803432307608,0,0,0,1,4.0,0,1,28.0,123.37332153320312,0,1,0,0,0,1120.json,NotBuggy
3,0.06932023167610168,0.537183448664989,0,0,0,1,3.77,0,1,23.0,129.2428436279297,0,1,0,0,0,1566.json,NotBuggy
3,0.7940754294395447,0.08584599083521936,1,1,2,2,3.77,0,2,34.0,126.4869384765625,0,1,0,0,0,2295.json,NotBuggy
3,0.6649777889251709,0.7838839959377779,0,0,0,1,3.77,0,1,18.0,130.85629272460938,0,1,0,0,0,677.json,NotBuggy
3,0.44358211755752563,0.8153863748009965,0,0,0,1,3.77,0,1,16.0,131.91592407226562,0,0,0,0,0,663.json,NotBuggy
3,0.7646934390068054,0.7802149812668784,0,0,0,1,3.77,0,1,18.0,130.99049377441406,0,1,0,0,0,2218.json,NotBuggy
3,0.0,0.0884220225387737,0,0,0,1,3.77,0,3,37.0,126.42160034179688,0,3,0,0,0,2286.json,NotBuggy
22,0.004172295331954956,1.1219594265068298E-7,4,3,7,4,5.15,1,17,155.0,84.83489990234375,0,1,5,0,0,2190.json,NotBuggy
3,0.009260553866624832,0.3636807838566797,0,0,0,1,3.77,0,1,28.0,128.21994018554688,0,3,0,0,0,2174.json,NotBuggy
3,0.278914213180542,0.7541762754358653,0,0,0,1,3.77,0,0,20.0,130.07347106933594,0,1,0,0,0,1673.json,NotBuggy
6,0.0036914246156811714,0.01253686723866617,2,1,3,2,8.54,1,4,50.0,112.75593566894531,0,2,0,0,0,117.json,NotBuggy
3,0.5005325675010681,0.35910166662384635,0,0,0,1,3.77,0,2,26.0,128.3351287841797,0,1,0,0,0,580.json,NotBuggy
4,0.6537889242172241,0.4352803432307608,0,0,0,1,4.0,0,1,28.0,123.37332153320312,0,1,0,0,0,1121.json,NotBuggy
10,0.0025461630430072546,4.199067202837775E-6,1,1,2,2,6.97,1,9,100.0,100.43425750732422,0,3,2,0,0,628.json,NotBuggy
16,0.0014400245854631066,3.0810263510213272E-6,1,4,5,5,4.81,1,7,122.0,91.25960540771484,1,1,0,0,0,517.json,Buggy
3,0.31998348236083984,0.36302794772661867,0,0,0,1,3.77,0,2,26.0,128.41912841796875,0,1,0,0,0,635.json,NotBuggy
9,0.3521449863910675,0.07122683953574566,0,0,0,2,7.33,1,1,49.0,106.38627624511719,0,2,0,0,0,701.json,NotBuggy
3,0.07573917508125305,0.1391185451732788,0,0,0,1,3.77,0,2,30.0,127.36779022216797,0,2,0,0,0,790.json,NotBuggy
3,0.005324359051883221,0.25580607558932983,0,0,0,1,3.77,0,1,27.0,128.1388702392578,0,2,0,0,0,684.json,NotBuggy
3,0.15088248252868652,0.3790503388321901,0,0,0,1,3.77,0,1,22.0,129.47398376464844,0,0,0,0,0,17.json,NotBuggy
3,0.735495388507843,0.7336469060124164,0,0,0,1,3.77,0,1,18.0,130.99049377441406,0,1,0,0,0,1898.json,NotBuggy
3,0.9492362141609192,0.5278003064223894,1,1,2,2,3.77,0,0,23.0,128.91647338867188,0,1,0,0,0,162.json,NotBuggy
3,0.20360025763511658,0.45220692245445937,0,0,0,1,3.77,0,2,26.0,128.60531616210938,0,1,0,0,0,1381.json,NotBuggy
3,0.005129418335855007,0.26551028011192535,0,0,0,1,3.77,0,1,27.0,128.1388702392578,0,2,0,0,0,688.json,NotBuggy
3,0.7505555152893066,0.8282968373936326,0,0,0,1,3.77,0,0,15.0,131.9385528564453,0,0,0,0,0,1662.json,NotBuggy
4,0.2094198614358902,0.4959078503346109,0,0,0,1,4.0,0,1,27.0,123.47842407226562,0,1,1,0,0,322.json,Buggy
6,2.490528568159789E-4,0.0017319583393810686,0,0,0,1,3.77,0,4,63.0,111.69737243652344,0,1,0,0,0,373.json,NotBuggy
14,0.012181784026324749,8.847499883601124E-4,4,3,7,4,7.16,2,8,85.0,95.68262481689453,0,0,3,0,0,1353.json,NotBuggy
3,0.7964597940444946,0.917157617413264,0,0,0,1,3.77,0,1,14.0,132.61029052734375,0,0,0,0,0,1411.json,NotBuggy
12,0.20946311950683594,0.036946233447614316,1,1,2,2,4.95,1,5,70.0,99.8711166381836,0,2,2,0,0,637.json,NotBuggy
3,0.34792086482048035,0.628935057859763,0,0,0,1,3.77,0,0,20.0,130.07347106933594,0,1,0,0,0,1686.json,NotBuggy
3,0.2624087333679199,0.8021275535837172,0,0,0,1,3.77,0,1,15.0,132.086669921875,0,0,0,0,0,1414.json,NotBuggy
3,0.8726282715797424,0.7540918851592375,0,0,0,1,3.77,0,1,18.0,130.85629272460938,0,1,0,0,0,497.json,NotBuggy
12,0.0020286166109144688,0.0015102104856010204,1,3,4,4,5.5,3,9,80.0,98.81873321533203,0,2,0,0,0,1305.json,Buggy
5,0.3716067373752594,0.3955702915629264,1,1,2,2,5.99,1,1,29.0,119.43572235107422,0,1,0,0,0,102.json,NotBuggy
12,0.5726999044418335,0.17083971826334107,0,0,0,1,7.54,1,2,53.0,101.6497573852539,0,2,0,0,0,1386.json,NotBuggy
4,0.025581737980246544,0.1900714791277667,0,0,0,1,6.63,0,1,35.0,121.90575408935547,0,2,0,0,0,411.json,NotBuggy
22,0.0,1.124154016786086E-7,4,4,8,4,13.08,2,17,149.0,84.95938110351562,0,4,2,0,0,161.json,NotBuggy
3,0.15914905071258545,0.245874573422718,0,0,0,1,3.77,0,1,26.0,128.50894165039062,0,1,0,0,0,1029.json,NotBuggy
28,0.0,7.633821877826835E-9,2,3,5,5,10.57,2,21,171.0,79.87486267089844,0,2,2,0,0,160.json,NotBuggy
9,0.0054250056855380535,0.05242157760011262,1,1,2,2,4.53,1,8,54.0,106.09454345703125,0,1,0,0,0,1560.json,NotBuggy
4,0.057085756212472916,0.08774070268141972,0,0,0,1,4.0,0,1,36.0,121.62992095947266,0,2,0,0,0,482.json,NotBuggy
3,0.1433907002210617,0.6495289239955434,0,0,0,1,3.77,0,0,21.0,130.05470275878906,0,1,0,0,0,1174.json,NotBuggy
3,0.4355751574039459,0.8197963386759426,0,0,0,1,3.77,0,0,15.0,131.9385528564453,0,0,0,0,0,1676.json,NotBuggy
6,0.3381514251232147,0.4984104522894118,0,0,0,1,9.8,0,4,36.0,115.4139404296875,0,1,0,0,0,1308.json,NotBuggy
3,0.21461622416973114,0.510008152753221,0,0,0,1,3.77,0,0,24.0,129.2378692626953,0,2,0,0,0,945.json,NotBuggy
3,0.174300879240036,0.2620778909742292,0,0,0,1,3.77,0,0,29.0,127.68843078613281,0,2,0,0,0,2307.json,NotBuggy
3,0.2946746349334717,0.6934349035400715,0,0,0,1,3.77,0,1,20.0,130.18594360351562,0,1,0,0,0,759.json,NotBuggy
7,0.04884888604283333,0.011123623622741403,1,2,3,2,5.11,1,3,55.0,109.90679168701172,0,2,1,0,0,645.json,NotBuggy
4,0.0013779308646917343,0.06770524497625661,0,0,0,1,6.63,0,1,40.0,121.14502716064453,0,3,0,0,0,2160.json,NotBuggy
3,0.023471878841519356,0.7487438373878678,0,0,0,1,3.77,0,1,20.0,130.44261169433594,0,1,0,0,0,2355.json,NotBuggy
3,0.07573917508125305,0.1391185451732788,0,0,0,1,3.77,0,2,30.0,127.36779022216797,0,2,0,0,0,787.json,NotBuggy
3,0.0057691833935678005,0.23675946220397182,0,0,0,1,3.77,0,1,27.0,128.1388702392578,0,2,0,0,0,686.json,NotBuggy
3,0.6551463603973389,0.6497106459089315,0,0,0,1,3.77,0,1,19.0,130.45266723632812,0,1,0,0,0,1413.json,NotBuggy
3,0.8800961971282959,0.8405521586946649,0,0,0,1,3.77,0,1,15.0,132.086669921875,0,0,0,0,0,1392.json,NotBuggy
3,4.3009629007428885E-4,0.15342326383464894,0,0,0,1,3.77,0,1,33.0,127.17938995361328,0,2,0,0,0,396.json,NotBuggy
3,0.0028117368929088116,0.46823934562029546,0,0,0,1,3.77,0,1,23.0,129.2428436279297,0,1,0,0,0,1178.json,NotBuggy
5,0.0013974366011098027,0.014694145180059548,0,0,0,1,7.16,0,3,49.0,116.18830871582031,0,3,0,0,0,419.json,NotBuggy
4,0.00838379468768835,0.15547830135465662,0,0,0,1,6.63,0,5,33.0,122.21172332763672,0,1,0,0,0,1156.json,NotBuggy
6,0.0,3.9381454192422325E-4,0,0,0,1,3.77,0,10,79.0,111.1039047241211,0,1,0,0,0,1564.json,NotBuggy
3,0.6694725155830383,0.8195488761441272,0,0,0,1,3.77,0,0,14.0,132.4454345703125,0,0,0,0,0,1181.json,NotBuggy
4,0.33277034759521484,0.2988560018731381,0,0,0,1,6.63,0,1,34.0,122.05648803710938,0,2,0,0,0,406.json,NotBuggy
3,0.9161099791526794,0.8723884387824107,0,0,0,1,3.77,0,1,14.0,132.61029052734375,0,0,0,0,0,1409.json,NotBuggy
3,0.15094909071922302,0.6239276780993146,0,0,0,1,3.77,0,0,24.0,129.2378692626953,0,2,0,0,0,897.json,NotBuggy
3,0.00658221822232008,0.25559236134670266,0,0,0,1,3.77,0,2,28.0,127.94976043701172,0,2,0,0,0,1563.json,NotBuggy
6,0.009184886701405048,0.04066086837981188,0,0,0,1,5.5,1,3,47.0,113.50348663330078,0,2,1,0,0,313.json,Buggy
3,0.5006908178329468,0.4788598479989915,0,0,0,1,3.77,0,1,21.0,129.7158966064453,0,1,0,0,0,786.json,NotBuggy
3,0.5006908178329468,0.4788598479989915,0,0,0,1,3.77,0,1,21.0,129.7158966064453,0,1,0,0,0,789.json,NotBuggy
3,0.290994793176651,0.35211209442772695,0,0,0,1,3.77,0,2,26.0,128.41912841796875,0,1,0,0,0,636.json,NotBuggy
8,0.002952084643766284,0.0026505115261536596,1,1,2,2,5.66,1,3,65.0,106.73119354248047,0,4,1,0,0,118.json,NotBuggy
5,0.006585230585187674,0.04624875043997023,0,0,0,1,3.92,0,4,49.0,116.41182708740234,0,2,0,0,0,699.json,NotBuggy
3,8.048353483900428E-4,0.07797551178542433,0,0,0,1,3.77,0,1,35.0,126.56620788574219,0,3,0,0,0,400.json,NotBuggy
8,0.4569748044013977,0.08758372054900608,0,0,0,2,5.66,1,1,44.0,108.95602416992188,0,1,0,0,0,374.json,NotBuggy
5,0.36363935470581055,0.47363357976781123,0,0,0,1,9.28,0,3,32.0,118.82691955566406,0,2,0,0,0,1309.json,NotBuggy
3,0.13391807675361633,0.4666923844715966,0,0,0,1,3.77,0,1,24.0,128.83535766601562,0,1,0,0,0,538.json,NotBuggy
8,0.011103091761469841,8.77322789444708E-5,0,0,0,1,4.8,0,6,90.0,105.10157012939453,0,4,1,0,0,561.json,NotBuggy
5,0.18967802822589874,0.16720956890109875,2,1,3,2,5.99,1,1,39.0,117.64247131347656,0,1,1,0,0,25.json,NotBuggy
3,8.032151963561773E-4,0.23300968681379713,0,0,0,1,3.77,0,1,30.0,127.67500305175781,0,3,0,0,0,2221.json,NotBuggy
7,0.3722596764564514,0.013019138449880755,1,1,2,2,6.05,1,6,57.0,109.6711654663086,0,1,1,0,0,285.json,Buggy
3,0.9212453365325928,0.7109835601756339,0,0,0,1,3.77,0,0,20.0,130.07347106933594,0,1,0,0,0,652.json,NotBuggy
6,0.4182412326335907,0.23313128195457244,0,0,0,1,9.32,0,5,43.0,113.96601867675781,0,1,0,0,0,1123.json,NotBuggy
3,0.150620698928833,0.6626761079275842,0,0,0,1,3.77,0,0,21.0,130.05470275878906,0,1,0,0,0,1172.json,NotBuggy
3,0.014673122204840183,0.2884563369957791,0,0,0,1,3.77,0,1,30.0,127.67500305175781,0,2,0,0,0,2170.json,NotBuggy
3,0.024213401600718498,0.2723997858710181,0,0,0,1,3.77,0,1,30.0,127.67500305175781,0,2,0,0,0,2176.json,NotBuggy
3,0.6840895414352417,0.8422548420127243,0,0,0,1,3.77,0,1,17.0,131.28770446777344,0,1,0,0,0,1359.json,NotBuggy
3,0.023809608072042465,0.4109191018731564,0,0,0,1,3.77,0,1,24.0,128.83535766601562,0,1,0,0,0,687.json,NotBuggy
3,0.0016514534363523126,0.6444383223557232,0,0,0,1,3.77,0,1,20.0,130.18594360351562,0,0,0,0,0,92.json,NotBuggy
5,0.031651049852371216,0.16365331673726147,0,0,0,1,3.92,0,5,37.0,118.14622497558594,0,1,0,0,0,1577.json,NotBuggy
3,0.21344999969005585,0.785945814234459,0,0,0,1,3.77,0,0,19.0,130.57513427734375,0,1,0,0,0,1361.json,NotBuggy
9,0.054286789149045944,2.697314729233969E-4,1,1,2,2,7.7,1,9,84.0,103.21116638183594,0,2,1,0,0,626.json,NotBuggy
3,4.787655489053577E-4,0.14382124991889247,0,0,0,1,3.77,0,1,35.0,126.71056365966797,0,3,0,0,0,2171.json,NotBuggy
3,0.7596389651298523,0.8537231442222808,0,0,0,1,3.77,0,1,13.0,133.18099975585938,0,0,0,0,0,1461.json,NotBuggy
13,0.3380186855792999,1.5994819305228331E-4,6,5,11,6,6.68,2,5,89.0,95.93240356445312,0,2,1,0,0,1365.json,NotBuggy
3,0.3843226730823517,0.8353219690324185,0,0,0,1,3.77,0,0,17.0,131.28770446777344,0,1,0,0,0,1653.json,NotBuggy
3,0.021422743797302246,0.22105867359417097,0,0,0,1,3.77,0,0,30.0,127.8611831665039,0,0,0,0,0,1058.json,Buggy
10,0.01299144048243761,7.129281908383688E-5,2,2,4,3,8.91,1,8,81.0,101.30000305175781,0,1,2,0,0,2186.json,NotBuggy
3,0.30079853534698486,0.7507074296079462,0,0,0,1,3.77,0,0,20.0,130.07347106933594,0,1,0,0,0,1665.json,NotBuggy
4,1.689529453869909E-4,0.09816860811489429,0,0,0,1,6.63,0,3,38.0,121.34877014160156,0,0,0,0,0,1678.json,NotBuggy
3,0.7043840289115906,0.5771329302611451,1,1,2,2,3.77,0,1,21.0,129.48590087890625,0,1,0,0,0,1607.json,NotBuggy
3,0.36469194293022156,0.7166890504267254,0,0,0,1,3.77,0,0,20.0,130.07347106933594,0,1,0,0,0,1663.json,NotBuggy
3,0.07573917508125305,0.1391185451732788,0,0,0,1,3.77,0,2,30.0,127.36779022216797,0,2,0,0,0,785.json,NotBuggy
3,0.20360025763511658,0.45220692245445937,0,0,0,1,3.77,0,2,26.0,128.60531616210938,0,1,0,0,0,1372.json,NotBuggy
9,0.043853383511304855,5.397489809837256E-4,1,1,2,2,5.33,1,5,74.0,103.9430923461914,0,1,2,0,0,369.json,NotBuggy
8,0.8505220413208008,0.051546990276381585,3,3,6,3,5.66,0,2,51.0,108.01278686523438,0,1,1,0,0,901.json,Buggy
3,0.16813290119171143,0.5996461505793431,0,0,0,1,3.77,0,0,24.0,129.12539672851562,0,2,0,0,0,936.json,NotBuggy
3,0.0,0.06803324629096397,0,0,0,1,3.77,0,1,39.0,126.1478500366211,0,3,0,0,0,1748.json,NotBuggy
6,0.4885716140270233,0.6676255852197617,0,0,0,1,9.8,0,4,31.0,116.1915054321289,0,0,0,0,0,1074.json,NotBuggy
3,0.4067688584327698,0.6959935933289979,0,0,0,1,3.77,0,0,17.0,131.03103637695312,0,0,0,0,0,1685.json,NotBuggy
3,0.7966378331184387,0.8443367816166384,0,0,0,1,3.77,0,0,14.0,132.4454345703125,0,0,0,0,0,1078.json,NotBuggy
13,1.9094039453193545E-4,2.1245568008133716E-5,1,1,2,3,5.29,1,17,101.0,96.1014633178711,0,2,1,0,0,1583.json,NotBuggy
4,0.007943152450025082,0.03113568138314727,0,0,0,1,4.0,0,5,43.0,120.53455352783203,0,1,1,0,0,1065.json,NotBuggy
3,0.40703317523002625,0.4507537714465528,0,0,0,1,3.77,0,2,23.0,129.14646911621094,0,0,0,0,0,1096.json,NotBuggy
3,0.0028117368929088116,0.46957221915676334,0,0,0,1,3.77,0,1,23.0,129.2428436279297,0,1,0,0,0,1202.json,NotBuggy
3,0.006346442736685276,0.38584114737905284,0,0,0,1,3.77,0,1,28.0,128.21994018554688,0,3,0,0,0,2168.json,NotBuggy
3,0.08082085102796555,0.5197367717494237,0,0,0,1,3.77,0,1,23.0,129.34671020507812,0,2,0,0,0,2162.json,NotBuggy
8,0.5449277758598328,0.04033010279143285,3,3,6,3,5.66,0,3,52.0,107.91181182861328,0,1,1,0,0,913.json,Buggy
9,0.07054121792316437,0.1135357687294948,0,0,0,1,12.21,0,7,49.0,106.7727279663086,0,3,0,0,0,524.json,NotBuggy
3,0.07573917508125305,0.1391185451732788,0,0,0,1,3.77,0,2,30.0,127.36779022216797,0,2,0,0,0,792.json,NotBuggy
4,0.13578028976917267,0.13150354459257532,0,0,0,1,6.63,0,1,40.0,121.14502716064453,0,2,0,0,0,408.json,NotBuggy
5,0.7720173597335815,0.4505567552735008,0,0,0,1,9.8,0,4,34.0,118.37519836425781,0,1,0,0,0,640.json,NotBuggy
3,0.19355230033397675,0.5890238919633868,0,0,0,1,3.77,0,1,22.0,129.81280517578125,0,2,0,0,0,1886.json,NotBuggy
8,0.015512687154114246,0.011606023661556428,1,1,2,2,5.66,1,3,59.0,107.4850845336914,0,2,1,0,0,192.json,Buggy
3,0.8907841444015503,0.7740604598767282,0,0,0,1,3.77,0,0,19.0,130.70933532714844,0,1,0,0,0,935.json,NotBuggy
11,0.0,6.197309841957908E-6,2,2,4,3,4.62,1,10,106.0,98.71238708496094,0,4,2,0,0,1801.json,NotBuggy
4,0.002452397020533681,0.12022982933651467,0,0,0,1,6.63,0,1,38.0,121.54822540283203,0,3,0,0,0,2178.json,NotBuggy
5,0.02882302552461624,0.13351702509058558,0,0,0,1,3.92,0,3,42.0,117.4128646850586,0,2,0,0,0,698.json,NotBuggy
3,0.11674486100673676,0.5685583285639371,0,0,0,1,3.77,0,0,22.0,129.47398376464844,0,1,0,0,0,1698.json,NotBuggy
3,0.10744650661945343,0.6387027752239701,0,0,0,1,3.77,0,1,20.0,130.18594360351562,0,0,0,0,0,93.json,NotBuggy
3,0.2906588912010193,0.7281040384778773,0,0,0,1,3.77,0,0,20.0,130.07347106933594,0,1,0,0,0,1669.json,NotBuggy
3,0.02815837971866131,0.4036624690276484,0,0,0,1,3.77,0,0,25.0,128.62307739257812,0,1,0,0,0,1312.json,NotBuggy
3,0.7718706727027893,0.8101845525988729,0,0,0,1,3.77,0,1,15.0,132.25152587890625,0,0,0,0,0,1393.json,NotBuggy
12,0.06409505009651184,0.0015034857259601734,0,0,0,2,9.42,1,9,80.0,98.84024047851562,0,2,0,0,0,619.json,NotBuggy
8,0.4419505000114441,0.13902608886895743,0,0,0,2,5.66,1,1,42.0,109.30946350097656,0,1,0,0,0,1068.json,NotBuggy
3,0.6539921164512634,0.8369158839248453,0,0,0,1,3.77,0,0,15.0,131.9385528564453,0,0,0,0,0,1668.json,NotBuggy
9,0.03408658504486084,0.017914800155383978,0,0,0,1,9.26,0,7,60.0,105.46932983398438,0,2,1,0,0,1297.json,NotBuggy
4,0.010716890916228294,0.06143402642536007,0,0,0,1,5.99,0,2,42.0,120.89131164550781,0,3,0,0,0,613.json,NotBuggy
3,0.010547676123678684,0.1702306189396613,0,0,0,1,3.77,0,1,33.0,127.09538269042969,0,2,0,0,0,2166.json,NotBuggy
4,0.00838379468768835,0.15547830135465662,0,0,0,1,6.63,0,5,33.0,122.21172332763672,0,1,0,0,0,1097.json,NotBuggy
12,0.6825965046882629,0.27493524244500905,0,0,0,1,7.54,1,1,51.0,101.96131896972656,0,1,0,0,0,1383.json,NotBuggy
3,0.023951338604092598,0.39471232066826745,0,0,0,1,3.77,0,1,24.0,128.83535766601562,0,1,0,0,0,689.json,NotBuggy
3,0.6690326929092407,0.3453907937563477,1,1,2,2,3.77,0,1,28.0,127.71976470947266,0,1,0,0,0,693.json,NotBuggy
3,0.5645449757575989,0.9327989331808837,0,0,0,1,3.77,0,0,12.0,133.59722900390625,0,0,0,0,0,1272.json,NotBuggy
6,0.009184886701405048,0.04066086837981188,0,0,0,1,5.5,1,3,47.0,113.50348663330078,0,2,1,0,0,314.json,Buggy
3,0.45043057203292847,0.46659866768868474,0,0,0,1,3.77,0,2,23.0,129.14646911621094,0,0,0,0,0,1204.json,NotBuggy
3,0.49620309472084045,0.7856188654495647,0,0,0,1,3.77,0,0,15.0,131.9385528564453,0,0,0,0,0,1681.json,NotBuggy
3,0.8587803244590759,0.7898553648033382,0,0,0,1,3.77,0,0,19.0,130.70933532714844,0,1,0,0,0,896.json,NotBuggy
3,0.09058123081922531,0.5403683594419466,0,0,0,1,3.77,0,2,26.0,128.60531616210938,0,2,0,0,0,1307.json,NotBuggy
3,0.005062360316514969,0.05024370732487141,0,0,0,1,3.77,0,5,39.0,125.93712615966797,0,2,0,0,0,646.json,NotBuggy
3,0.013038608245551586,0.15991775178348228,0,0,0,1,3.77,0,2,32.0,127.03218841552734,0,2,0,0,0,610.json,NotBuggy
3,0.7999961972236633,0.7716421700407202,0,0,0,1,3.77,0,1,16.0,131.60296630859375,0,0,0,0,0,914.json,Buggy
14,0.0023300505708903074,2.0600706838923746E-5,3,3,6,4,9.65,3,10,103.0,94.53313446044922,0,3,2,0,0,1585.json,NotBuggy
5,0.7955460548400879,0.26649631195036394,0,0,0,1,9.33,0,2,33.0,118.66690826416016,0,1,0,0,0,1441.json,NotBuggy
3,8.383782114833593E-4,0.13415272890402585,0,0,0,1,3.77,0,1,35.0,126.71056365966797,0,3,0,0,0,2177.json,NotBuggy
3,0.21088017523288727,0.8342249096528831,0,0,0,1,3.77,0,0,16.0,131.60296630859375,0,0,0,0,0,217.json,NotBuggy
3,0.3881280720233917,0.6336838183739839,0,0,0,1,3.77,0,0,20.0,130.07347106933594,0,1,0,0,0,1684.json,NotBuggy
25,0.0,4.026333450358785E-11,4,4,8,4,8.47,3,15,199.0,81.43699645996094,0,1,7,0,0,605.json,NotBuggy
4,0.01221882551908493,0.547685204649257,0,0,0,1,6.63,0,1,23.0,124.58238983154297,0,1,0,0,0,1154.json,NotBuggy
3,0.6539921164512634,0.8299824141176794,0,0,0,1,3.77,0,0,15.0,131.9385528564453,0,0,0,0,0,1674.json,NotBuggy
3,0.017073238268494606,0.14537852816806027,0,0,0,1,3.77,0,2,32.0,127.03218841552734,0,2,0,0,0,612.json,NotBuggy
11,0.05996537208557129,0.013240862405763453,2,2,4,3,4.82,1,7,65.0,101.53804016113281,0,0,2,0,0,1354.json,NotBuggy
3,4.471379506867379E-4,0.36504330955418507,0,0,0,1,3.77,0,1,26.0,128.50894165039062,0,2,0,0,0,1177.json,NotBuggy
3,3.055432753171772E-4,0.34872705773551754,0,0,0,1,3.77,0,1,26.0,128.60531616210938,0,2,0,0,0,1095.json,NotBuggy
3,0.3709910809993744,0.3302107394160931,0,0,0,1,3.77,0,2,26.0,128.41912841796875,0,1,0,0,0,1175.json,NotBuggy
3,0.08907902240753174,0.5979224142365219,0,0,0,1,3.77,0,1,24.0,129.0215301513672,0,2,0,0,0,1400.json,NotBuggy
3,0.2309858649969101,0.5243571520094376,0,0,0,1,3.77,0,0,24.0,129.12539672851562,0,2,0,0,0,907.json,NotBuggy
9,0.17875196039676666,0.05307131183828076,0,0,0,2,5.33,1,1,51.0,106.33470153808594,0,1,0,0,0,1111.json,NotBuggy
10,0.04843275249004364,0.00876507162406688,5,3,8,2,8.16,1,7,70.0,102.52521514892578,0,0,1,0,0,209.json,NotBuggy
4,0.48784783482551575,0.6849940733192009,0,0,0,1,4.0,0,1,21.0,125.27178192138672,0,0,0,0,0,1895.json,NotBuggy
3,0.0,0.1970603837270954,0,0,0,1,3.77,0,1,32.0,127.42921447753906,0,3,0,0,0,397.json,NotBuggy
5,0.03586892783641815,0.1541391055120923,0,0,0,1,10.85,0,7,37.0,118.2250747680664,0,1,0,0,0,1201.json,NotBuggy
4,9.90374363027513E-4,0.03991425603300666,0,0,0,1,6.63,0,1,43.0,120.76895904541016,0,3,0,0,0,412.json,NotBuggy
3,0.9912829399108887,0.7513193088729232,0,0,0,1,3.77,0,0,22.0,129.94700622558594,0,0,0,0,0,1379.json,NotBuggy
8,0.3907383382320404,0.5402141542210269,0,0,0,1,7.94,1,1,34.0,111.05071258544922,0,1,0,0,0,1418.json,NotBuggy
6,0.009184886701405048,0.04066086837981188,0,0,0,1,5.5,1,3,47.0,113.50348663330078,0,2,1,0,0,312.json,Buggy
7,0.14237473905086517,0.07460657734467709,1,1,2,2,6.05,1,2,46.0,110.83599090576172,0,2,0,0,0,488.json,NotBuggy
3,0.9476510882377625,0.7920706286635114,0,0,0,1,3.77,0,0,13.0,132.9956512451172,0,0,0,0,0,2181.json,NotBuggy
3,0.3103724718093872,0.43376267846816663,0,0,0,1,3.77,0,1,25.0,128.8092498779297,0,1,0,0,0,586.json,NotBuggy
3,0.20360025763511658,0.45220692245445937,0,0,0,1,3.77,0,2,26.0,128.60531616210938,0,1,0,0,0,1387.json,NotBuggy
3,0.07635758817195892,0.19459828073162963,0,0,0,1,3.77,0,2,32.0,127.17654418945312,0,1,0,0,0,208.json,NotBuggy
4,0.33849766850471497,0.2772316196203097,0,0,0,1,4.0,0,0,31.0,122.76004028320312,0,1,1,0,0,1416.json,NotBuggy
4,0.030056698247790337,0.07327765734930715,0,0,0,1,4.0,0,1,40.0,121.14502716064453,0,2,1,0,0,1031.json,Buggy
3,0.29742586612701416,0.680440360218144,0,0,0,1,3.77,0,1,20.0,130.18594360351562,0,1,0,0,0,765.json,NotBuggy
3,0.20360025763511658,0.45220692245445937,0,0,0,1,3.77,0,2,26.0,128.60531616210938,0,1,0,0,0,1384.json,NotBuggy
5,0.457783967256546,0.49573110812311616,0,0,0,1,3.92,0,1,30.0,119.48943328857422,0,1,0,0,0,1600.json,NotBuggy
3,0.9456406831741333,0.9268680459620416,0,0,0,1,3.77,0,0,12.0,133.59722900390625,0,0,0,0,0,1044.json,NotBuggy
8,0.010863613337278366,6.0982286081609716E-5,2,1,3,2,4.8,1,6,80.0,105.33827209472656,0,2,2,0,0,796.json,NotBuggy
3,0.07972872257232666,0.5750891730579638,0,0,0,1,3.77,0,1,20.0,130.07347106933594,0,0,0,0,0,954.json,Buggy
3,0.9912829399108887,0.7513193088729232,0,0,0,1,3.77,0,0,22.0,129.94700622558594,0,0,0,0,0,1373.json,NotBuggy
3,0.09889200329780579,0.5748690493212538,0,0,0,1,3.77,0,1,24.0,129.0215301513672,0,2,0,0,0,1401.json,NotBuggy
3,0.6183976531028748,0.7933470300716949,0,0,0,1,3.77,0,1,18.0,130.85629272460938,0,0,0,0,0,1186.json,NotBuggy
3,0.48833367228507996,0.7986698159502122,0,0,0,1,3.77,0,0,18.0,130.85629272460938,0,1,0,0,0,1362.json,NotBuggy
3,0.09975279867649078,0.39548236129920766,0,0,0,1,3.77,0,1,25.0,128.8092498779297,0,2,0,0,0,1887.json,NotBuggy
3,0.47055912017822266,0.7109114128342477,0,0,0,1,3.77,0,1,19.0,130.45266723632812,0,0,0,0,0,1419.json,NotBuggy
3,0.8580255508422852,0.7338795549031724,0,0,0,1,3.77,0,0,19.0,130.70933532714844,0,1,0,0,0,891.json,NotBuggy
7,0.3111579418182373,0.41302590083839474,0,0,0,2,5.11,1,3,38.0,112.40554809570312,0,0,2,0,0,1345.json,NotBuggy
7,0.5271145105361938,0.4904371869951909,1,1,2,2,6.05,0,1,34.0,112.98392486572266,0,1,1,0,0,190.json,NotBuggy
3,0.28921690583229065,0.7039574704016361,0,0,0,1,3.77,0,1,20.0,130.18594360351562,0,1,0,0,0,758.json,NotBuggy
3,0.7966378331184387,0.8443367816166384,0,0,0,1,3.77,0,0,14.0,132.4454345703125,0,0,0,0,0,1187.json,NotBuggy
6,0.009184886701405048,0.04066086837981188,0,0,0,1,5.5,1,3,47.0,113.50348663330078,0,2,1,0,0,311.json,Buggy
3,0.07181704789400101,0.5134225095505289,0,0,0,1,3.77,0,1,23.0,129.34671020507812,0,2,0,0,0,1897.json,NotBuggy
4,0.20472051203250885,0.3012464114379968,0,0,0,1,4.0,0,2,31.0,122.76004028320312,0,1,0,0,0,1122.json,NotBuggy
5,0.3432014286518097,0.06990538460230176,0,0,0,1,5.99,0,2,42.0,116.9898910522461,0,2,0,0,0,484.json,NotBuggy
3,0.02563917636871338,0.3721481940581306,0,0,0,1,3.77,0,1,24.0,128.83535766601562,0,1,0,0,0,685.json,NotBuggy
3,0.3931737244129181,0.5602418657342575,0,0,0,1,3.77,0,2,21.0,129.81976318359375,0,0,0,0,0,1155.json,NotBuggy
3,0.8836855888366699,0.7544002507500386,0,0,0,1,3.77,0,0,19.0,130.70933532714844,0,1,0,0,0,948.json,NotBuggy
3,0.7973781824111938,0.8739650800281574,0,0,0,1,3.77,0,1,15.0,132.25152587890625,0,0,0,0,0,1394.json,NotBuggy
6,0.001788986031897366,0.004590410079975013,0,0,0,1,3.77,0,5,59.0,112.26897430419922,0,1,2,0,0,1037.json,NotBuggy
3,0.5451213121414185,0.41988833779766327,0,0,0,1,3.77,0,1,24.0,128.92515563964844,0,1,0,0,0,1425.json,NotBuggy
3,0.0,0.030389494332798098,0,0,0,1,3.77,0,1,41.0,125.74343872070312,0,3,0,0,0,401.json,NotBuggy
5,0.03308748081326485,0.03716448003450948,0,0,0,1,3.92,0,2,49.0,116.35194396972656,0,2,0,0,0,539.json,NotBuggy
14,0.668220579624176,0.7608831532075191,1,2,3,3,9.0,3,3,45.0,100.06736755371094,0,0,0,0,0,201.json,NotBuggy
4,0.19383907318115234,0.23640167108331223,0,0,0,1,4.0,0,1,32.0,122.5160903930664,0,2,1,0,0,197.json,Buggy
3,0.0,0.13131156725265095,0,0,0,1,3.77,0,1,35.0,126.78941345214844,0,4,0,0,0,2242.json,NotBuggy
3,0.08967181295156479,0.35082623517921685,0,0,0,1,3.77,0,0,27.0,128.22288513183594,0,2,0,0,0,909.json,NotBuggy
3,0.20760412514209747,0.7015925038132579,0,0,0,1,3.77,0,1,20.0,130.18594360351562,0,1,0,0,0,2359.json,NotBuggy
6,0.20139853656291962,0.2762898915555233,1,1,2,2,5.5,1,3,34.0,115.32806396484375,0,1,1,0,0,9.json,NotBuggy
4,5.581799778155982E-4,0.06489195325499689,0,0,0,1,6.63,0,1,40.0,121.14502716064453,0,3,0,0,0,609.json,NotBuggy
3,0.7909041047096252,0.7496780482316197,0,0,0,1,3.77,0,1,18.0,130.85629272460938,0,1,0,0,0,694.json,NotBuggy
