SLOCStandard,Readability,SimpleReadability,NVAR,NCOMP,Mcclure,McCabe,IndentSTD,MaximumBlockDepth,totalFanOut,Length,MaintainabilityIndex,SATD,Parameters,LocalVariables,ChangeAtMethodAge,CriticalEditDistances,file,Decision
9,0.9132406711578369,0.905926218820123,1,1,2,2,2.95,1,3,41.0,107.86027526855469,0,1,1,0,0,2249.json,Buggy
21,0.7002503275871277,0.16076055712228837,5,3,8,5,3.52,2,3,100.0,88.16680908203125,0,0,4,0,0,922.json,Buggy
2,0.9973500370979309,0.9613825294280185,0,0,0,1,1.89,0,0,9.0,142.4026641845703,0,0,0,0,0,6177.json,Buggy
7,0.31930673122406006,0.23240528020144197,1,1,2,2,3.02,1,0,43.0,111.41020202636719,0,1,0,0,0,6926.json,Buggy
33,0.09449027478694916,5.80646351657107E-5,1,1,2,3,6.99,3,9,154.0,78.3741683959961,0,1,1,0,0,8305.json,Buggy
55,3.670109435915947E-4,5.844514862657677E-9,2,4,6,5,8.24,4,21,262.0,66.8055419921875,0,1,3,0,0,5280.json,Buggy
6,0.002246759133413434,0.06549393576854076,0,0,0,1,5.5,0,1,48.0,113.39401245117188,0,1,0,0,0,4586.json,Buggy
18,0.26451388001441956,7.65390040229122E-4,1,1,2,3,3.88,2,7,105.0,90.52351379394531,0,1,1,0,0,7450.json,Buggy
16,0.6731811761856079,0.008058810638370517,5,4,9,5,4.99,3,1,86.0,93.11372375488281,0,1,4,0,0,6617.json,Buggy
19,0.7974371910095215,0.33221495151624464,3,2,5,3,2.26,2,4,99.0,90.13299560546875,1,0,4,0,0,8155.json,Buggy
7,0.0015722350217401981,0.0022814408606782665,0,0,0,1,1.8,0,4,66.0,108.91719055175781,0,5,1,0,0,7302.json,Buggy
3,0.3741116225719452,0.3655683098515599,0,0,0,1,1.89,0,1,29.0,127.76728820800781,0,1,0,0,0,3729.json,Buggy
4,0.8094661831855774,0.7275098328012146,0,0,0,1,2.0,0,2,24.0,124.361083984375,0,0,1,0,0,884.json,Buggy
3,0.0,0.017039142016429892,0,0,0,1,1.89,0,1,44.0,125.07545471191406,0,1,0,0,0,7379.json,Buggy
11,0.17254480719566345,0.15519638455481016,3,2,5,4,3.92,2,4,59.0,101.86613464355469,0,1,1,0,0,5821.json,Buggy
3,1.0534217290114611E-4,0.14187500469839714,0,0,0,1,1.89,0,5,37.0,126.67426300048828,0,1,0,0,0,8248.json,Buggy
3,0.36615628004074097,0.6125683460888023,0,0,0,1,1.89,0,1,27.0,128.31268310546875,0,1,0,0,0,5213.json,Buggy
7,0.23641687631607056,0.717319482868055,1,1,2,2,3.02,1,3,36.0,112.68669891357422,0,1,0,0,0,5152.json,Buggy
10,0.12330368161201477,0.029295786060068735,0,0,0,2,2.8,1,3,61.0,103.40232849121094,0,1,1,0,0,4568.json,Buggy
35,0.6560288667678833,0.007400695676985166,4,4,8,5,3.04,2,10,143.0,77.44761657714844,0,1,1,0,0,4136.json,Buggy
4,6.619711057282984E-4,0.03494172669626375,0,0,0,1,2.0,0,2,45.0,120.46957397460938,0,2,0,0,0,7287.json,Buggy
15,0.3137419521808624,0.06380316085254778,6,3,9,4,2.47,1,5,84.0,94.62648010253906,0,1,1,0,0,3546.json,Buggy
35,0.058986466377973557,2.193856430590906E-5,2,1,3,2,5.76,2,7,165.0,77.22217559814453,0,1,3,0,0,387.json,Buggy
7,0.002775051863864064,0.001235343512985383,1,1,2,2,2.56,1,2,66.0,108.57231903076172,0,2,0,0,0,7119.json,Buggy
8,0.5788800120353699,0.8709347782699707,0,0,0,2,3.12,1,3,32.0,111.30977630615234,0,0,0,0,0,6132.json,Buggy
7,0.01006605476140976,7.341231723538852E-4,0,0,0,1,2.56,0,4,73.0,108.20762634277344,0,1,1,0,0,7951.json,Buggy
6,0.2923327386379242,0.9121859045925615,1,1,2,2,3.27,1,3,30.0,116.30582427978516,0,0,0,0,0,5052.json,Buggy
49,0.01565290428698063,2.035741543679723E-7,7,12,19,13,5.39,5,7,205.0,68.04703521728516,0,1,7,0,0,2789.json,Buggy
16,0.8676989674568176,0.4542179892184763,3,3,6,5,3.67,2,3,76.0,94.09302520751953,0,0,3,0,0,1856.json,Buggy
15,0.86402827501297,0.6557417244614564,2,2,4,4,3.83,2,5,58.0,96.87604522705078,0,0,1,0,0,5903.json,Buggy
42,0.08635281771421432,3.2392790730750614E-6,11,8,19,11,5.98,4,11,198.0,71.14346313476562,0,0,7,0,0,3587.json,Buggy
3,0.44082170724868774,0.6494352348504334,0,0,0,1,1.89,0,1,25.0,128.8092498779297,0,1,0,0,0,6990.json,Buggy
29,0.5211208462715149,1.9612925677249738E-4,6,4,10,6,3.63,2,15,142.0,80.27429962158203,0,1,3,0,0,1730.json,Buggy
6,0.7248459458351135,0.43442788871144417,0,0,0,1,1.89,0,4,39.0,114.84461975097656,0,1,2,0,0,3872.json,Buggy
3,0.9538560509681702,0.9742395479082524,0,0,0,1,1.89,0,1,15.0,132.25152587890625,0,1,0,0,0,3871.json,Buggy
3,0.321124792098999,0.3012687193385753,0,0,0,1,1.89,0,1,30.0,127.51214599609375,0,1,0,0,0,2903.json,Buggy
29,0.5211208462715149,1.9612925677249738E-4,6,4,10,6,3.63,2,15,142.0,80.27429962158203,0,1,3,0,0,1736.json,Buggy
3,0.32915374636650085,0.07030324973852364,0,0,0,1,2.0,0,0,39.0,125.8741455078125,1,2,0,0,0,7332.json,Buggy
4,0.22659704089164734,0.4084179572841112,0,0,0,1,2.0,0,2,29.0,123.02798461914062,0,2,0,0,0,5975.json,Buggy
3,0.09985435754060745,0.24456223767959512,0,0,0,1,1.89,0,1,31.0,127.26738739013672,0,1,0,0,0,4485.json,Buggy
5,0.17852260172367096,0.7186775890926175,0,0,0,1,1.96,0,2,33.0,118.90401458740234,0,2,0,0,0,4927.json,Buggy
32,0.017936663702130318,0.010234723677441207,5,7,12,8,5.48,4,7,128.0,79.16378784179688,0,4,2,0,0,2503.json,Buggy
14,0.46022340655326843,0.0070848581595323945,2,2,4,3,3.89,3,5,82.0,96.09947204589844,0,1,1,0,0,5084.json,Buggy
16,0.6171371936798096,0.1840070688245583,0,0,0,1,3.53,1,5,80.0,94.56570434570312,0,1,0,0,0,5451.json,Buggy
3,0.010316465981304646,0.45809638023726434,0,0,0,1,1.89,0,0,28.0,128.0337677001953,0,0,0,0,0,2273.json,Buggy
7,0.15073198080062866,0.7799731662527787,2,2,4,3,4.12,2,3,35.0,112.60318756103516,0,0,0,0,0,2489.json,Buggy
4,0.017927585169672966,0.042117409184185044,0,0,0,1,2.0,0,1,43.0,120.64608764648438,0,1,0,0,0,8350.json,Buggy
5,0.17852260172367096,0.7186775890926175,0,0,0,1,1.96,0,2,33.0,118.90401458740234,0,2,0,0,0,4580.json,Buggy
3,0.6748182773590088,0.9780624344689616,0,0,0,1,1.89,0,1,14.0,132.61029052734375,0,0,0,0,0,5938.json,Buggy
13,0.0013303417945280671,1.3892286849499765E-6,1,2,3,3,2.65,1,5,110.0,95.29011535644531,0,4,1,0,0,7873.json,Buggy
13,0.8757932782173157,0.6655755957162107,4,3,7,3,4.01,2,2,57.0,99.62625122070312,0,0,2,0,0,1336.json,Buggy
8,0.2537097930908203,0.7399594655342604,1,1,2,2,3.12,1,4,41.0,109.6941146850586,0,1,0,0,0,5001.json,Buggy
4,0.2328370362520218,0.47701520811581105,0,0,0,1,2.0,0,2,29.0,123.02798461914062,0,1,0,0,0,8016.json,Buggy
4,0.05789320915937424,0.045957471658296126,0,0,0,1,2.0,0,2,42.0,120.65690612792969,0,1,0,0,0,7375.json,Buggy
9,6.622106884606183E-4,1.7768899383620266E-5,1,1,2,2,3.77,2,2,93.0,102.61357116699219,0,1,0,0,0,6006.json,Buggy
36,0.36506450176239014,0.7159505583769868,5,7,12,9,11.04,3,9,167.0,75.29139709472656,1,5,2,0,0,6553.json,Buggy
3,0.8003692030906677,0.9132176815153754,0,0,0,1,1.89,0,1,17.0,131.28770446777344,0,1,0,0,0,2912.json,Buggy
31,0.017168067395687103,1.6177063063470767E-5,4,5,9,7,4.36,3,16,153.0,78.8392562866211,0,0,4,0,0,2798.json,Buggy
24,0.7092334032058716,0.32143657377014623,4,3,7,4,2.82,2,6,94.0,86.34966278076172,0,0,2,0,0,4142.json,Buggy
19,0.12320375442504883,0.7393517598940099,2,2,4,3,4.15,3,8,85.0,90.81475830078125,0,1,1,0,0,4390.json,Buggy
3,0.9476325511932373,0.9724323970863599,0,0,0,1,1.89,0,0,14.0,132.4454345703125,0,0,0,0,0,3632.json,Buggy
3,0.0033592870458960533,0.10916304194760924,0,0,0,1,1.89,0,1,35.0,126.49983978271484,0,1,0,0,0,4902.json,Buggy
3,0.001391844474710524,0.03339203775311671,0,0,0,1,1.89,0,2,41.0,125.49713897705078,0,2,0,0,0,7027.json,Buggy
3,0.9773156046867371,0.9615757071210423,0,0,0,1,1.89,0,1,14.0,132.61029052734375,0,0,0,0,0,6178.json,Buggy
4,0.5074531435966492,0.6577101599140973,0,0,0,1,2.0,0,2,24.0,124.57742309570312,0,1,0,0,0,3060.json,Buggy
3,0.10136119276285172,0.22298106285478703,0,0,0,1,1.89,0,1,31.0,127.26738739013672,0,1,0,0,0,1426.json,Buggy
3,0.06894125044345856,0.3048707834468638,0,0,0,1,1.89,0,1,28.0,127.87090301513672,0,1,0,0,0,1237.json,Buggy
3,0.42490801215171814,0.31090777834255745,0,0,0,1,1.89,0,1,29.0,127.76728820800781,0,1,0,0,0,1689.json,Buggy
24,0.04253070056438446,1.050529061361199E-4,3,5,8,6,3.71,2,5,134.0,83.87225341796875,0,1,4,0,0,598.json,Buggy
4,0.5984686017036438,0.8828056590126526,0,0,0,1,2.0,0,2,23.0,124.7987289428711,0,1,0,0,0,1084.json,Buggy
13,0.38783717155456543,0.44491090232588687,1,1,2,4,5.2,3,5,62.0,98.74549865722656,0,0,1,0,0,5796.json,Buggy
6,0.0,3.648617968192328E-4,0,0,0,1,1.89,0,4,75.0,110.9234848022461,0,3,0,0,0,7682.json,Buggy
20,0.6310935020446777,0.026686672169796588,4,4,8,5,2.91,2,3,100.0,88.95720672607422,0,0,4,0,0,918.json,Buggy
9,0.0,9.802323623351985E-6,0,0,0,1,2.95,0,3,101.0,102.67451477050781,0,3,0,0,0,8437.json,Buggy
3,0.9476325511932373,0.9724323970863599,0,0,0,1,1.89,0,0,14.0,132.4454345703125,0,0,0,0,0,2845.json,Buggy
7,1.7169342027045786E-4,1.0321857617242815E-4,0,0,0,1,1.81,0,5,83.0,107.85324096679688,0,4,0,0,0,7724.json,Buggy
13,0.7074882984161377,0.8444919906833378,0,0,0,2,4.01,2,4,46.0,101.09404754638672,0,0,0,0,0,5797.json,Buggy
2,0.9836314916610718,0.9782335119860887,0,0,0,1,0.0,0,0,14.0,139.1788330078125,0,1,0,0,0,1866.json,Buggy
15,0.3137419521808624,0.06380316085254778,6,3,9,4,2.47,1,5,84.0,94.62648010253906,0,1,1,0,0,3560.json,Buggy
10,0.6284714341163635,0.7778351276295223,0,0,0,2,2.99,1,4,47.0,105.2325210571289,0,1,0,0,0,5477.json,Buggy
16,0.24497872591018677,0.08442214090450462,3,3,6,4,4.9,3,1,77.0,94.3570327758789,0,0,1,0,0,2123.json,Buggy
4,0.21323983371257782,0.39711340524845107,0,0,0,1,2.0,0,2,29.0,123.02798461914062,0,2,0,0,0,5976.json,Buggy
9,0.9132406711578369,0.905926218820123,1,1,2,2,2.95,1,3,41.0,107.86027526855469,0,1,1,0,0,3870.json,Buggy
18,0.5488238334655762,1.1851038347160893E-4,7,4,11,3,3.58,2,8,113.0,89.90460968017578,0,1,6,0,0,3582.json,Buggy
30,0.01387972291558981,0.022149872856279267,3,3,6,4,5.06,3,6,124.0,81.08894348144531,0,0,1,0,0,2689.json,Buggy
5,0.6294983625411987,0.7758841717368558,2,1,3,2,2.99,1,2,28.0,119.71456909179688,0,1,0,0,0,1619.json,Buggy
6,0.0,7.594551320473179E-4,0,0,0,1,1.89,0,4,67.0,111.41984558105469,0,5,0,0,0,7394.json,Buggy
21,0.10527583211660385,1.6751257430098297E-4,2,4,6,6,4.18,3,10,113.0,86.89012908935547,1,1,2,0,0,3989.json,Buggy
18,0.5488238334655762,1.1851038347160893E-4,7,4,11,3,3.58,2,8,113.0,89.90460968017578,0,1,6,0,0,2895.json,Buggy
7,0.0,5.38067761783546E-4,0,0,0,1,3.52,0,2,74.0,108.40586853027344,0,4,0,0,0,7875.json,Buggy
14,0.5518035888671875,0.006173951909748582,1,1,2,3,2.7,1,4,84.0,95.82347869873047,0,1,1,0,0,2517.json,Buggy
5,0.002966318279504776,0.01900977639112998,0,0,0,1,1.96,0,2,50.0,116.13534545898438,0,1,1,0,0,4921.json,Buggy
84,9.252569288946688E-4,3.8322223584185975E-15,10,20,30,17,5.25,4,25,392.0,54.716835021972656,0,0,16,0,0,1497.json,Buggy
4,6.619711057282984E-4,0.03494172669626375,0,0,0,1,2.0,0,2,45.0,120.46957397460938,0,2,0,0,0,7985.json,Buggy
3,0.9475132822990417,0.7919321925368186,0,0,0,1,1.89,0,0,19.0,130.45266723632812,0,1,0,0,0,940.json,Buggy
6,0.7248459458351135,0.43442788871144417,0,0,0,1,1.89,0,4,39.0,114.84461975097656,0,1,2,0,0,2251.json,Buggy
7,0.31930673122406006,0.23240528020144197,1,1,2,2,3.02,1,0,43.0,111.41020202636719,0,1,0,0,0,6925.json,Buggy
3,0.5093927383422852,0.7867993470656705,0,0,0,1,1.89,0,2,23.0,129.14646911621094,0,1,0,0,0,3613.json,Buggy
3,0.0,0.026350979133142854,0,0,0,1,1.89,1,1,47.0,125.03324890136719,0,2,0,0,0,7681.json,Buggy
3,0.4392116665840149,0.2956831123023728,0,0,0,1,1.89,0,1,30.0,127.51214599609375,0,1,0,0,0,5274.json,Buggy
6,0.0,3.648617968192328E-4,0,0,0,1,1.89,0,4,75.0,110.9234848022461,0,3,0,0,0,7007.json,Buggy
31,0.034654129296541214,0.0023653040434519186,6,4,10,6,6.42,4,7,136.0,79.68173217773438,0,0,5,0,0,2267.json,Buggy
8,0.9001198410987854,0.8329274109628662,1,1,2,2,2.83,1,1,36.0,110.44464111328125,0,0,1,0,0,4112.json,Buggy
3,0.7383139729499817,0.9908937439433797,0,0,0,1,1.89,0,1,14.0,132.79563903808594,0,0,0,0,0,5106.json,Buggy
12,0.7767711281776428,0.9754104816562232,3,3,6,4,2.58,1,2,44.0,102.29837036132812,0,0,0,0,0,4420.json,Buggy
3,0.7480138540267944,0.9525742540993366,0,0,0,1,1.89,0,1,17.0,131.43582153320312,0,1,0,0,0,5367.json,Buggy
7,0.9001040458679199,0.9589666243935984,0,0,0,2,4.12,2,1,30.0,113.80858612060547,0,1,1,0,0,4588.json,Buggy
3,0.9122247695922852,0.5310307116200784,0,0,0,1,1.89,0,0,23.0,129.05665588378906,0,1,0,0,0,5875.json,Buggy
8,0.2537097930908203,0.7399594655342604,1,1,2,2,3.12,1,4,41.0,109.6941146850586,0,1,0,0,0,5004.json,Buggy
3,4.4425256783142686E-4,0.0719930665707319,0,0,0,1,1.89,0,1,39.0,125.8741455078125,0,2,0,0,0,7775.json,Buggy
9,2.4007679894566536E-4,1.1305214344897622E-4,0,0,0,1,2.95,0,4,85.0,103.45244598388672,0,3,0,0,0,7785.json,Buggy
3,0.321124792098999,0.3012687193385753,0,0,0,1,1.89,0,1,30.0,127.51214599609375,0,1,0,0,0,3354.json,Buggy
31,0.034654129296541214,0.0023653040434519186,6,4,10,6,6.42,4,7,136.0,79.68173217773438,0,0,5,0,0,2264.json,Buggy
6,0.3616398274898529,0.0818424398152402,1,1,2,2,2.75,1,0,43.0,113.79048919677734,0,1,0,0,0,6920.json,Buggy
14,0.30265218019485474,0.06371347495587201,1,1,2,3,2.61,1,5,69.0,97.21869659423828,0,1,0,0,0,1338.json,Buggy
31,0.005788067355751991,3.999644095088397E-7,5,4,9,6,3.24,2,15,165.0,78.22406005859375,0,0,2,0,0,4419.json,Buggy
17,0.8312878012657166,0.9218148624933358,2,2,4,4,4.6,3,1,59.0,94.8139877319336,0,0,1,0,0,961.json,Buggy
5,0.8401678800582886,0.9837557972562103,1,1,2,2,2.99,1,0,19.0,122.20396423339844,0,0,0,0,0,3569.json,Buggy
54,0.005351708270609379,3.833824881812787E-7,4,7,11,12,3.87,3,17,233.0,66.10279083251953,0,1,4,0,0,5050.json,Buggy
24,0.7092334032058716,0.32143657377014623,4,3,7,4,2.82,2,6,94.0,86.34966278076172,0,0,2,0,0,4122.json,Buggy
10,0.013202451169490814,0.003998951805645255,2,2,4,3,2.53,1,2,71.0,102.52096557617188,0,3,0,0,0,7391.json,Buggy
4,0.8094661831855774,0.7275098328012146,0,0,0,1,2.0,0,2,24.0,124.361083984375,0,0,1,0,0,883.json,Buggy
12,0.8216583132743835,0.9800101828023362,0,0,0,1,5.28,2,3,43.0,103.03780364990234,0,1,0,0,0,3349.json,Buggy
102,0.0,1.4604553686517546E-15,11,25,36,23,5.9,5,31,435.0,49.54713821411133,0,0,17,0,0,2047.json,Buggy
3,0.025772536173462868,0.35583755860243693,0,0,0,1,1.89,0,1,28.0,127.87090301513672,0,1,0,0,0,1285.json,Buggy
3,0.29408809542655945,0.5939811988179078,0,0,0,1,1.89,0,0,25.0,129.1480712890625,0,0,0,0,0,6012.json,Buggy
12,0.1457374542951584,0.07066311183071905,1,2,3,4,4.85,3,3,66.0,99.76697540283203,0,0,2,0,0,2134.json,Buggy
12,6.610688287764788E-4,0.6574076598489041,0,0,0,1,1.49,0,10,50.0,102.47673797607422,0,0,0,0,0,6891.json,Buggy
3,0.13027723133563995,0.8837141794313211,0,0,0,1,1.89,0,2,23.0,129.34671020507812,0,1,0,0,0,5453.json,Buggy
12,0.8216583132743835,0.9800101828023362,0,0,0,1,5.28,2,3,43.0,103.03780364990234,0,1,0,0,0,5083.json,Buggy
4,0.0,0.00219450704612329,0,0,0,1,3.32,0,0,58.0,118.82865142822266,0,3,0,0,0,7807.json,Buggy
9,0.8745360970497131,0.9541825896004131,0,0,0,2,2.95,1,3,37.0,108.47293090820312,0,1,0,0,0,2443.json,Buggy
2,0.9836314916610718,0.9782335119860887,0,0,0,1,0.0,0,0,14.0,139.1788330078125,0,1,0,0,0,4051.json,Buggy
5,0.8401678800582886,0.9837557972562103,1,1,2,2,2.99,1,0,19.0,122.20396423339844,0,0,0,0,0,3935.json,Buggy
34,0.27345770597457886,0.006807903915241971,2,2,4,4,2.99,1,9,138.0,78.41519165039062,0,1,1,0,0,2961.json,Buggy
4,0.25444430112838745,0.43086810417255045,0,0,0,1,2.0,0,2,29.0,123.02798461914062,0,1,0,0,0,7575.json,Buggy
3,0.9887742400169373,0.9205828450466302,0,0,0,1,1.64,0,0,15.0,132.25152587890625,1,1,0,0,0,6880.json,Buggy
12,0.32269003987312317,0.5325579015544935,3,2,5,3,3.45,2,6,53.0,101.24423217773438,0,2,0,0,0,2595.json,Buggy
10,0.37317511439323425,0.07781955257072193,0,0,0,2,2.8,1,3,60.0,103.4046630859375,0,1,1,0,0,2456.json,Buggy
3,0.051829949021339417,0.1679975337985526,0,0,0,1,1.89,0,2,30.0,127.30142211914062,0,1,0,0,0,7277.json,Buggy
27,0.0010736945550888777,3.664329019158729E-8,3,4,7,6,4.4,3,4,169.0,80.52676391601562,0,1,5,0,0,4702.json,Buggy
14,0.7931326031684875,0.9456066446723813,0,0,0,3,2.7,1,5,52.0,99.2366943359375,0,0,0,0,0,2440.json,Buggy
16,0.33345213532447815,5.696882255976479E-4,6,4,10,5,4.99,3,1,98.0,92.33036041259766,0,2,4,0,0,6620.json,Buggy
3,0.9887999892234802,0.9239948574951011,0,0,0,1,2.0,0,0,15.0,132.25152587890625,1,1,0,0,0,6887.json,Buggy
12,0.954828143119812,0.534767857104718,1,1,2,3,2.31,1,4,61.0,100.30889129638672,0,0,3,0,0,875.json,Buggy
7,0.546981155872345,0.9305035301673524,1,1,2,2,3.02,1,2,30.0,114.00881958007812,0,1,0,0,0,4589.json,Buggy
7,0.0030362308025360107,0.0010979932216125397,1,1,2,2,2.56,1,2,66.0,108.57231903076172,0,2,0,0,0,7324.json,Buggy
17,0.5321552157402039,0.5951090230027116,4,4,8,3,3.39,2,5,64.0,94.41667175292969,0,0,1,0,0,2132.json,Buggy
3,0.08050879836082458,0.27118522456879557,0,0,0,1,1.89,0,1,31.0,127.26738739013672,0,1,0,0,0,4204.json,Buggy
7,0.546981155872345,0.9305035301673524,1,1,2,2,3.02,1,2,30.0,114.00881958007812,0,1,0,0,0,4590.json,Buggy
6,0.0,7.851686229514091E-5,1,1,2,2,2.75,1,2,78.0,110.13037109375,0,5,0,0,0,7259.json,Buggy
7,0.023589013144373894,0.025584111000904228,1,1,2,2,2.56,1,1,56.0,109.91966247558594,0,1,1,0,0,6929.json,Buggy
6,0.0,5.016736773510755E-5,0,0,0,1,1.89,0,4,80.0,110.26341247558594,0,5,0,0,0,7101.json,Buggy
17,0.41663679480552673,0.005582613772064867,3,3,6,4,5.45,4,7,92.0,92.04791259765625,0,1,1,0,0,5443.json,Buggy
3,0.010316465981304646,0.45809638023726434,0,0,0,1,1.89,0,0,28.0,128.0337677001953,0,0,0,0,0,2275.json,Buggy
18,0.005291352514177561,1.4368133362232417E-6,0,0,0,2,3.5,2,6,130.0,89.35397338867188,0,2,3,0,0,3836.json,Buggy
7,0.002916433848440647,0.05013989193906162,0,0,0,2,3.02,1,2,55.0,110.07041931152344,0,3,0,0,0,6950.json,Buggy
7,0.546981155872345,0.9305035301673524,1,1,2,2,3.02,1,2,30.0,114.00881958007812,0,1,0,0,0,2164.json,Buggy
6,0.7963292598724365,0.9509372698255341,1,1,2,2,2.75,1,1,26.0,117.0499496459961,0,1,0,0,0,3102.json,Buggy
7,0.0,7.800560831747654E-4,0,0,0,1,5.17,0,2,73.0,108.47661590576172,0,3,0,0,0,7367.json,Buggy
10,0.40835991501808167,0.33175868885413473,2,2,4,3,2.53,1,4,54.0,104.15770721435547,0,0,1,0,0,6171.json,Buggy
29,0.5211208462715149,1.9612925677249738E-4,6,4,10,6,3.63,2,15,142.0,80.27429962158203,0,1,3,0,0,1743.json,Buggy
16,0.2833718955516815,0.05238618629974656,0,0,0,1,3.53,1,4,80.0,94.65248107910156,0,3,0,0,0,2744.json,Buggy
3,0.9476325511932373,0.9724323970863599,0,0,0,1,1.89,0,0,14.0,132.4454345703125,0,0,0,0,0,3633.json,Buggy
28,0.3234744071960449,1.1460492611478266E-4,5,3,8,5,2.4,1,8,141.0,81.13578796386719,0,1,2,0,0,4333.json,Buggy
20,0.03762723505496979,8.622311048971733E-5,9,4,13,5,3.14,3,7,112.0,87.89602661132812,0,1,4,0,0,1019.json,Buggy
9,0.78767329454422,0.8100684118587212,2,1,3,2,3.14,1,2,40.0,107.84432220458984,0,1,0,0,0,1864.json,Buggy
24,0.04253070056438446,1.050529061361199E-4,3,5,8,6,3.71,2,5,134.0,83.87225341796875,0,1,4,0,0,590.json,Buggy
30,0.0610872320830822,1.2216821503075781E-6,7,7,14,8,3.68,3,3,165.0,78.62276458740234,0,1,5,0,0,856.json,Buggy
7,0.21403178572654724,0.4424523042781361,1,1,2,2,2.56,1,1,38.0,112.25244903564453,0,1,1,0,0,6881.json,Buggy
16,0.6709439158439636,0.8529210657383394,2,3,5,4,4.44,3,1,57.0,95.97543334960938,0,0,1,0,0,5961.json,Buggy
33,0.5199326276779175,0.014160536598942706,5,5,10,6,2.8,2,10,131.0,78.86367797851562,0,0,3,0,0,1815.json,Buggy
16,0.2761262059211731,0.006484825378136901,1,1,2,3,2.73,1,6,86.0,93.68859100341797,0,1,1,0,0,2276.json,Buggy
3,0.4289167821407318,0.7739966348439256,0,0,0,1,1.89,0,1,20.0,129.9696044921875,0,0,0,0,0,7599.json,Buggy
12,0.8216583132743835,0.9800101828023362,0,0,0,1,5.28,2,3,43.0,103.03780364990234,0,1,0,0,0,3428.json,Buggy
16,0.055647313594818115,1.7509697214578728E-4,1,1,2,3,3.87,2,7,99.0,92.7049331665039,0,1,1,0,0,8292.json,Buggy
103,0.0,9.064702578525045E-18,6,16,22,21,5.08,4,43,451.0,49.84539031982422,0,1,7,0,0,5114.json,Buggy
6,0.7248459458351135,0.43442788871144417,0,0,0,1,1.89,0,4,39.0,114.84461975097656,0,1,2,0,0,2243.json,Buggy
3,0.7480138540267944,0.9525742540993366,0,0,0,1,1.89,0,1,17.0,131.43582153320312,0,1,0,0,0,5476.json,Buggy
4,0.2759396433830261,0.39351247453173815,0,0,0,1,2.0,0,1,30.0,122.93054962158203,0,1,1,0,0,5062.json,Buggy
3,0.7747183442115784,0.9756974498401978,0,0,0,1,1.89,0,1,17.0,131.43582153320312,0,1,0,0,0,5099.json,Buggy
4,0.2328370362520218,0.47701520811581105,0,0,0,1,2.0,0,2,29.0,123.02798461914062,0,1,0,0,0,8017.json,Buggy
8,0.4016789495944977,0.7523609597986238,2,1,3,2,3.12,1,4,37.0,110.38101959228516,0,1,0,0,0,4556.json,Buggy
5,0.6483769416809082,0.683425136679467,1,1,2,2,2.99,1,1,27.0,119.80731201171875,0,1,0,0,0,6521.json,Buggy
9,6.622106884606183E-4,1.7768899383620266E-5,1,1,2,2,3.77,2,2,93.0,102.61357116699219,0,1,0,0,0,6003.json,Buggy
3,0.06886328011751175,0.13899959049070423,0,0,0,1,1.89,0,1,35.0,126.56620788574219,0,1,0,0,0,7661.json,Buggy
7,0.6959906816482544,0.6578744994276963,3,1,4,2,3.33,1,3,44.0,111.56436157226562,0,1,0,0,0,6931.json,Buggy
3,0.4188827872276306,0.8003734320583078,0,0,0,1,1.89,0,1,19.0,130.45266723632812,0,1,0,0,0,6181.json,Buggy
125,0.0,5.421088742577666E-26,22,33,55,32,6.03,6,18,543.0,42.875450134277344,1,0,21,0,0,2131.json,Buggy
8,0.6980481743812561,0.9130683028823492,0,0,0,1,3.97,1,3,38.0,110.39348602294922,0,1,0,0,0,5350.json,Buggy
11,0.0037989115808159113,1.7306583283529956E-5,0,0,0,1,2.95,0,5,109.0,98.83554077148438,0,1,3,0,0,3806.json,Buggy
25,0.00883769802749157,0.6316372511342722,4,6,10,7,3.24,2,6,111.0,84.02642059326172,1,1,2,0,0,2233.json,Buggy
3,0.321124792098999,0.3012687193385753,0,0,0,1,1.89,0,1,30.0,127.51214599609375,0,1,0,0,0,5393.json,Buggy
3,0.9579899311065674,0.9666654800088064,0,0,0,1,1.89,0,0,12.0,133.59722900390625,0,0,0,0,0,6170.json,Buggy
3,0.002913885749876499,0.6161138251870473,0,0,0,1,1.89,0,1,25.0,128.8092498779297,0,1,0,0,0,2256.json,Buggy
16,0.08868713676929474,0.01741688781509847,1,1,2,3,3.61,2,5,85.0,93.5987319946289,0,1,1,0,0,8199.json,Buggy
5,0.2087869495153427,0.381512804818151,0,0,0,1,1.96,0,2,35.0,118.5140380859375,0,1,1,0,0,5122.json,Buggy
24,0.7092334032058716,0.32143657377014623,4,3,7,4,2.82,2,6,94.0,86.34966278076172,0,0,2,0,0,4133.json,Buggy
16,0.055647313594818115,1.7509697214578728E-4,1,1,2,3,3.87,2,7,99.0,92.7049331665039,0,1,1,0,0,8287.json,Buggy
22,0.2377282679080963,0.05473833833168224,4,4,8,6,5.04,3,6,94.0,87.37711334228516,0,0,2,0,0,5703.json,Buggy
3,0.5093927383422852,0.7867993470656705,0,0,0,1,1.89,0,2,23.0,129.14646911621094,0,1,0,0,0,2826.json,Buggy
3,0.0032166624441742897,0.11704633373926118,0,0,0,1,1.89,0,1,35.0,126.49983978271484,0,1,0,0,0,4743.json,Buggy
3,0.321124792098999,0.3012687193385753,0,0,0,1,1.89,0,1,30.0,127.51214599609375,0,1,0,0,0,3022.json,Buggy
9,1.901731448015198E-4,1.2452874340733975E-4,1,1,2,2,2.27,1,4,82.0,103.3017807006836,0,6,0,0,0,8040.json,Buggy
16,0.10669445246458054,4.6655225929969523E-4,1,3,4,4,2.65,3,4,96.0,92.73590850830078,0,2,0,0,0,6613.json,Buggy
23,0.6313965320587158,0.07616789928729811,0,0,0,2,4.32,2,6,101.0,87.05281829833984,0,1,1,0,0,5387.json,Buggy
6,0.0,5.140852160181281E-5,0,0,0,1,1.89,0,4,84.0,110.16038513183594,0,4,0,0,0,7059.json,Buggy
3,0.8003692030906677,0.9132176815153754,0,0,0,1,1.89,0,1,17.0,131.28770446777344,0,1,0,0,0,2205.json,Buggy
14,0.2719205617904663,0.002403813160277675,1,1,2,3,2.7,1,4,84.0,95.82347869873047,0,1,1,0,0,2167.json,Buggy
4,3.931004321202636E-4,0.016836647188192663,0,0,0,1,3.32,0,2,48.0,119.9625473022461,0,2,0,0,0,7837.json,Buggy
3,0.0526602678000927,0.14427447084584538,0,0,0,1,1.89,0,1,35.0,126.56620788574219,0,1,0,0,0,6987.json,Buggy
3,0.9886382222175598,0.9251264344658892,0,0,0,1,2.0,0,0,15.0,132.25152587890625,1,1,0,0,0,6890.json,Buggy
10,0.5201646685600281,0.06112122635019676,0,0,0,1,3.6,1,4,61.0,103.58975219726562,0,1,1,0,0,3112.json,Buggy
3,0.051829949021339417,0.1679975337985526,0,0,0,1,1.89,0,2,30.0,127.30142211914062,0,1,0,0,0,7975.json,Buggy
18,0.5872676372528076,0.24990542440340674,3,4,7,5,5.16,3,5,77.0,92.16686248779297,0,1,1,0,0,6175.json,Buggy
3,0.06894125044345856,0.3048707834468638,0,0,0,1,1.89,0,1,28.0,127.87090301513672,0,1,0,0,0,5137.json,Buggy
7,0.546981155872345,0.9305035301673524,1,1,2,2,3.02,1,2,30.0,114.00881958007812,0,1,0,0,0,2158.json,Buggy
7,0.0,4.742817173430119E-7,0,0,0,1,3.33,1,4,107.0,106.15303802490234,0,5,1,0,0,7879.json,Buggy
16,0.8570126891136169,0.4889298603138315,3,2,5,4,3.87,2,3,78.0,94.23784637451172,0,0,3,0,0,923.json,Buggy
9,6.622106884606183E-4,1.7768899383620266E-5,1,1,2,2,3.77,2,2,93.0,102.61357116699219,0,1,0,0,0,6001.json,Buggy
18,0.14683322608470917,0.001296530813698031,0,0,0,3,2.51,1,5,104.0,90.57327270507812,0,1,3,0,0,2699.json,Buggy
20,0.0,0.08709587836079116,5,4,9,5,3.87,3,7,120.0,87.53726196289062,1,1,3,0,0,1992.json,Buggy
8,0.4016789495944977,0.7523609597986238,2,1,3,2,3.12,1,4,37.0,110.38101959228516,0,1,0,0,0,2416.json,Buggy
10,0.9085034728050232,0.6956050341119349,1,1,2,3,2.67,1,2,49.0,104.60588836669922,1,1,2,0,0,873.json,Buggy
7,0.546981155872345,0.9305035301673524,1,1,2,2,3.02,1,2,30.0,114.00881958007812,0,1,0,0,0,4601.json,Buggy
17,0.41663679480552673,0.005582613772064867,3,3,6,4,5.45,4,7,92.0,92.04791259765625,0,1,1,0,0,5100.json,Buggy
9,1.126010756706819E-4,3.9527295296098395E-5,0,0,0,1,3.27,1,4,94.0,102.96736145019531,0,3,2,0,0,7378.json,Buggy
4,0.507369339466095,0.3476118011045258,0,0,0,1,1.96,0,1,34.0,122.27970123291016,1,1,0,0,0,7732.json,Buggy
3,0.051829949021339417,0.1679975337985526,0,0,0,1,1.89,0,2,30.0,127.30142211914062,0,1,0,0,0,8475.json,Buggy
15,0.006783938035368919,8.357076624147786E-5,2,1,3,2,3.52,2,9,101.0,93.87645721435547,0,3,1,0,0,7894.json,Buggy
24,0.0,4.54033930127028E-6,3,2,5,4,6.31,4,5,172.0,82.72830200195312,1,2,5,0,0,2219.json,Buggy
3,0.9280638098716736,0.48843979911507357,0,0,0,1,1.89,0,0,24.0,128.7513427734375,0,1,0,0,0,4936.json,Buggy
5,0.269048273563385,0.8790678166004668,0,0,0,2,2.99,1,1,26.0,119.91375732421875,0,0,1,0,0,3720.json,Buggy
5,0.006634200923144817,0.03189246900582873,0,0,0,1,1.96,0,2,49.0,116.35194396972656,0,1,1,0,0,1229.json,Buggy
17,0.6401112675666809,0.04545452472377333,5,4,9,4,4.39,3,3,83.0,92.6611099243164,0,0,4,0,0,933.json,Buggy
13,0.4555104374885559,0.7398637729225124,0,0,0,3,2.65,1,5,56.0,99.97763061523438,0,1,0,0,0,2439.json,Buggy
5,0.02172979712486267,0.1886439325768103,0,0,0,1,1.96,0,3,45.0,116.85465240478516,0,2,2,0,0,6042.json,Buggy
3,8.632009848952293E-4,0.06667324172461887,0,0,0,1,1.89,0,2,39.0,125.93712615966797,0,1,0,0,0,7246.json,Buggy
20,0.02272305078804493,0.031934322065290635,7,5,12,6,6.31,4,8,92.0,89.11658477783203,0,2,2,0,0,1245.json,Buggy
14,0.5415817499160767,0.0059287019291782185,1,1,2,3,2.7,1,4,84.0,95.82347869873047,0,1,1,0,0,4618.json,Buggy
3,0.010316465981304646,0.45809638023726434,0,0,0,1,1.89,0,0,28.0,128.0337677001953,0,0,0,0,0,3890.json,Buggy
6,0.13197463750839233,0.002014695348012802,1,1,2,2,1.89,0,2,64.0,111.38548278808594,0,1,2,0,0,4640.json,Buggy
44,0.0515398308634758,7.465939300607312E-6,13,10,23,12,5.35,4,7,195.0,70.36907958984375,0,0,10,0,0,3325.json,Buggy
5,0.8401678800582886,0.9837557972562103,1,1,2,2,2.99,1,0,19.0,122.20396423339844,0,0,0,0,0,3564.json,Buggy
35,0.6560288667678833,0.007400695676985166,4,4,8,5,3.04,2,10,143.0,77.44761657714844,0,1,1,0,0,4117.json,Buggy
25,0.018163122236728668,1.0485912060633455E-4,4,5,9,8,5.35,4,6,124.0,83.06182861328125,0,1,3,0,0,6752.json,Buggy
33,0.5199326276779175,0.014160536598942706,5,5,10,6,2.8,2,10,131.0,78.86367797851562,0,0,3,0,0,1838.json,Buggy
3,0.09010669589042664,0.24190647062865933,0,0,0,1,1.89,0,1,31.0,127.26738739013672,0,1,0,0,0,3978.json,Buggy
8,3.9873537025414407E-4,0.0035102352650767036,0,0,0,1,4.87,0,3,68.0,106.82038879394531,0,3,0,0,0,8066.json,Buggy
19,0.15175555646419525,0.03445081669451926,5,4,9,5,3.63,2,8,88.0,90.3250732421875,0,1,2,0,0,5015.json,Buggy
3,0.0,0.011090511234546687,0,0,0,1,1.89,0,2,48.0,124.62299346923828,0,2,0,0,0,7255.json,Buggy
3,0.321124792098999,0.3012687193385753,0,0,0,1,1.89,0,1,30.0,127.51214599609375,0,1,0,0,0,5342.json,Buggy
16,0.00218200427480042,1.914908060620126E-8,1,1,2,2,3.32,2,7,153.0,90.57886505126953,0,4,3,0,0,8082.json,Buggy
4,0.5984686017036438,0.8828056590126526,0,0,0,1,2.0,0,2,23.0,124.7987289428711,0,1,0,0,0,1364.json,Buggy
3,0.9476325511932373,0.9724323970863599,0,0,0,1,1.89,0,0,14.0,132.4454345703125,0,0,0,0,0,3634.json,Buggy
3,0.7750954627990723,0.9820299019104956,0,0,0,1,1.89,0,1,17.0,131.43582153320312,0,1,0,0,0,5107.json,Buggy
4,0.16035784780979156,0.07532370305438875,0,0,0,1,2.99,0,0,42.0,120.76844787597656,1,3,0,0,0,7125.json,Buggy
5,0.39601197838783264,0.6073321349280952,1,1,2,2,2.99,1,0,28.0,119.52839660644531,0,1,0,0,0,5999.json,Buggy
54,0.005351708270609379,3.833824881812787E-7,4,7,11,12,3.87,3,17,233.0,66.10279083251953,0,1,4,0,0,4980.json,Buggy
14,0.46022340655326843,0.0070848581595323945,2,2,4,3,3.89,3,5,82.0,96.09947204589844,0,1,1,0,0,5031.json,Buggy
3,9.100641473196447E-4,0.39054131247769047,0,0,0,1,1.89,0,1,27.0,128.22288513183594,0,1,0,0,0,939.json,Buggy
21,0.7002503275871277,0.16076055712228837,5,3,8,5,3.52,2,3,100.0,88.16680908203125,0,0,4,0,0,911.json,Buggy
3,0.09040001779794693,0.26726953714018536,0,0,0,1,1.89,0,1,31.0,127.26738739013672,0,1,0,0,0,3655.json,Buggy
16,0.055647313594818115,1.7509697214578728E-4,1,1,2,3,3.87,2,7,99.0,92.7049331665039,0,1,1,0,0,2968.json,Buggy
9,0.8238576650619507,0.16283700627425424,1,2,3,3,3.36,2,2,52.0,105.89716339111328,1,1,0,0,0,8034.json,Buggy
3,0.8954359292984009,0.9710141441475466,0,0,0,1,1.89,0,0,14.0,132.61029052734375,0,1,0,0,0,6861.json,Buggy
24,0.04253070056438446,1.050529061361199E-4,3,5,8,6,3.71,2,5,134.0,83.87225341796875,0,1,4,0,0,567.json,Buggy
30,5.412198952399194E-4,3.688538870214167E-4,8,7,15,8,3.22,3,5,162.0,78.74812316894531,0,1,5,0,0,4637.json,Buggy
3,0.2227059304714203,0.8506903044682792,0,0,0,1,1.89,0,1,21.0,129.93223571777344,0,1,0,0,0,6173.json,Buggy
3,0.8680031299591064,0.9738815829991783,0,0,0,1,1.89,0,0,12.0,133.59722900390625,0,0,0,0,0,6169.json,Buggy
6,0.17962732911109924,0.023934706269224112,0,0,0,1,1.89,0,3,56.0,112.39662170410156,0,1,2,0,0,3506.json,Buggy
32,0.007440317887812853,2.224127544681701E-7,9,8,17,8,5.97,5,11,163.0,77.25027465820312,0,3,3,0,0,5856.json,Buggy
4,0.728266179561615,0.755704072668547,0,0,0,1,2.0,0,2,22.0,125.02987670898438,0,1,0,0,0,5974.json,Buggy
13,0.06411821395158768,0.1431466174372365,1,1,2,3,2.65,1,2,61.0,98.96623229980469,0,1,1,0,0,3777.json,Buggy
6,0.6166317462921143,0.08762504732267676,0,0,0,1,1.89,0,3,50.0,113.12964630126953,0,1,2,0,0,4223.json,Buggy
33,0.03148854896426201,1.7678176753504366E-5,4,6,10,9,5.13,4,11,155.0,77.06181335449219,0,1,3,0,0,4236.json,Buggy
12,0.8216583132743835,0.9800101828023362,0,0,0,1,5.28,2,3,43.0,103.03780364990234,0,1,0,0,0,5086.json,Buggy
21,0.6301835775375366,0.20332433482766094,3,4,7,6,4.43,3,6,98.0,87.99765014648438,0,0,3,0,0,2627.json,Buggy
3,0.0040418957360088825,0.01782658350054748,0,0,0,1,1.89,0,2,44.0,125.02336120605469,0,1,0,0,0,7204.json,Buggy
3,0.42702940106391907,0.5238970915890176,0,0,0,1,1.89,0,1,24.0,128.83535766601562,0,1,0,0,0,5365.json,Buggy
12,0.08050743490457535,0.05798151995999575,1,1,2,3,4.36,2,5,66.0,99.8090591430664,0,1,1,0,0,4110.json,Buggy
13,0.8757932782173157,0.6655755957162107,4,3,7,3,4.01,2,2,57.0,99.62625122070312,0,0,2,0,0,1331.json,Buggy
14,0.7726826667785645,0.6393290380103407,4,3,7,4,3.18,2,5,64.0,97.48184204101562,0,2,1,0,0,4595.json,Buggy
3,1.0534217290114611E-4,0.14187500469839714,0,0,0,1,1.89,0,5,37.0,126.67426300048828,0,1,0,0,0,8255.json,Buggy
54,0.005351708270609379,3.833824881812787E-7,4,7,11,12,3.87,3,17,233.0,66.10279083251953,0,1,4,0,0,5131.json,Buggy
3,0.5093927383422852,0.7867993470656705,0,0,0,1,1.89,0,2,23.0,129.14646911621094,0,1,0,0,0,3624.json,Buggy
3,0.7480138540267944,0.9525742540993366,0,0,0,1,1.89,0,1,17.0,131.43582153320312,0,1,0,0,0,5349.json,Buggy
8,0.4016789495944977,0.7523609597986238,2,1,3,2,3.12,1,4,37.0,110.38101959228516,0,1,0,0,0,4766.json,Buggy
11,0.16533923149108887,0.10768349725692175,5,3,8,3,3.56,2,4,59.0,101.80165100097656,0,2,0,0,0,4055.json,Buggy
7,0.546981155872345,0.9305035301673524,1,1,2,2,3.02,1,2,30.0,114.00881958007812,0,1,0,0,0,2163.json,Buggy
7,0.43305158615112305,0.9778783298405952,1,1,2,2,3.06,1,2,30.0,113.80858612060547,0,0,0,0,0,4630.json,Buggy
3,0.025772536173462868,0.35583755860243693,0,0,0,1,1.89,0,1,28.0,127.87090301513672,0,1,0,0,0,1265.json,Buggy
13,2.0459917141124606E-4,2.8963011315798498E-5,1,1,2,2,2.79,1,4,97.0,96.28327941894531,0,6,0,0,0,7105.json,Buggy
5,0.35884344577789307,0.46245356468442234,0,0,0,1,1.96,0,3,35.0,118.3609390258789,0,1,0,0,0,4935.json,Buggy
24,0.04253070056438446,1.050529061361199E-4,3,5,8,6,3.71,2,5,134.0,83.87225341796875,0,1,4,0,0,906.json,Buggy
7,0.9001040458679199,0.9589666243935984,0,0,0,2,4.12,2,1,30.0,113.80858612060547,0,1,1,0,0,2145.json,Buggy
8,0.8846601843833923,0.9536141747385464,1,1,2,2,2.4,1,2,31.0,111.30105590820312,0,1,0,0,0,1599.json,Buggy
6,0.032519496977329254,0.04369385638499403,0,0,0,1,1.89,0,3,51.0,113.25019073486328,0,1,1,0,0,2881.json,Buggy
62,2.893962082453072E-4,6.110272099607213E-11,13,13,26,16,5.59,5,13,298.0,61.48005294799805,0,1,8,0,0,920.json,Buggy
11,0.1001446545124054,0.011637563146407091,0,0,0,2,2.86,1,4,67.0,101.28683471679688,0,1,1,0,0,2405.json,Buggy
3,0.025772536173462868,0.35583755860243693,0,0,0,1,1.89,0,1,28.0,127.87090301513672,0,1,0,0,0,1105.json,Buggy
16,0.4303160607814789,0.051915901596306845,1,2,3,4,3.12,2,8,75.0,94.34404754638672,0,1,1,0,0,5112.json,Buggy
25,0.41530153155326843,0.3344765420637598,2,2,4,3,6.09,3,9,101.0,85.62271881103516,0,0,0,0,0,5002.json,Buggy
3,0.7629597783088684,0.9597869228867797,0,0,0,1,1.89,0,0,15.0,132.086669921875,0,0,0,0,0,5900.json,Buggy
3,0.0,0.0010169223878662688,0,0,0,1,1.89,0,2,60.0,123.266845703125,0,4,0,0,0,7960.json,Buggy
53,0.03505672886967659,1.796159935241116E-9,17,10,27,12,4.13,3,12,262.0,65.4225082397461,0,0,15,0,0,2537.json,Buggy
18,0.13622520864009857,0.0040676455867506515,3,3,6,4,3.05,2,5,89.0,91.2943344116211,0,1,1,0,0,6530.json,Buggy
3,0.321124792098999,0.3012687193385753,0,0,0,1,1.89,0,1,30.0,127.51214599609375,0,1,0,0,0,5415.json,Buggy
14,0.46022340655326843,0.0070848581595323945,2,2,4,3,3.89,3,5,82.0,96.09947204589844,0,1,1,0,0,5089.json,Buggy
10,0.45495954155921936,0.5245657988812024,3,2,5,3,3.67,2,5,45.0,105.22864532470703,0,1,0,0,0,6184.json,Buggy
3,0.9122247695922852,0.5310307116200784,0,0,0,1,1.89,0,0,23.0,129.05665588378906,0,1,0,0,0,5953.json,Buggy
24,0.04253070056438446,1.050529061361199E-4,3,5,8,6,3.71,2,5,134.0,83.87225341796875,0,1,4,0,0,882.json,Buggy
3,0.002511572325602174,0.017064931792071972,0,0,0,1,1.89,0,3,44.0,125.07545471191406,0,1,0,0,0,8371.json,Buggy
30,0.02115655317902565,2.3647117204920556E-6,5,4,9,7,9.1,6,11,151.0,79.00816345214844,0,0,3,0,0,5788.json,Buggy
6,0.84743732213974,0.9828403000373966,1,1,2,2,3.27,1,1,22.0,118.35382080078125,0,0,0,0,0,2149.json,Buggy
15,0.86402827501297,0.6557417244614564,2,2,4,4,3.83,2,5,58.0,96.87604522705078,0,0,1,0,0,6127.json,Buggy
10,0.5201646685600281,0.06112122635019676,0,0,0,1,3.6,1,4,61.0,103.58975219726562,0,1,1,0,0,5320.json,Buggy
27,0.01784914918243885,1.6594861576150127E-6,8,7,15,7,4.94,4,9,143.0,80.9762191772461,0,3,3,0,0,5855.json,Buggy
3,0.010316465981304646,0.45809638023726434,0,0,0,1,1.89,0,0,28.0,128.0337677001953,0,0,0,0,0,3892.json,Buggy
3,0.3726615607738495,0.34268362267115393,0,0,0,1,1.89,0,1,27.0,128.22288513183594,0,0,0,0,0,8458.json,Buggy
6,0.13197463750839233,0.002014695348012802,1,1,2,2,1.89,0,2,64.0,111.38548278808594,0,1,2,0,0,3659.json,Buggy
2,0.9982191324234009,0.9809222041379261,0,0,0,1,1.89,0,0,9.0,142.4026641845703,0,0,0,0,0,6221.json,Buggy
18,0.45232003927230835,0.7152438357310554,1,2,3,5,3.73,2,5,74.0,92.27576446533203,0,0,1,0,0,3673.json,Buggy
6,0.9116225838661194,0.9734987679367302,1,1,2,2,2.75,1,1,24.0,117.66641235351562,0,1,0,0,0,4599.json,Buggy
6,0.07370328158140182,0.14144629977918713,1,1,2,2,2.75,1,1,40.0,114.1120834350586,0,1,0,0,0,7790.json,Buggy
58,0.0029683804605156183,1.852357920101824E-8,10,16,26,16,5.39,5,15,260.0,63.54944610595703,0,0,8,0,0,6534.json,Buggy
12,0.8216583132743835,0.9800101828023362,0,0,0,1,5.28,2,3,43.0,103.03780364990234,0,1,0,0,0,3427.json,Buggy
4,0.5984686017036438,0.8828056590126526,0,0,0,1,2.0,0,2,23.0,124.7987289428711,0,1,0,0,0,1230.json,Buggy
80,9.611828136257827E-4,4.4205099339871833E-13,11,21,32,18,5.28,4,19,361.0,55.7866325378418,0,0,13,0,0,4581.json,Buggy
40,0.09720749408006668,5.42041664232029E-4,3,5,8,8,2.48,2,10,168.0,73.6797103881836,0,1,3,0,0,2150.json,Buggy
10,0.6320128440856934,0.33525496170119706,1,1,2,2,2.99,1,3,50.0,104.78790283203125,0,1,1,0,0,1955.json,Buggy
3,0.8003692030906677,0.9132176815153754,0,0,0,1,1.89,0,1,17.0,131.28770446777344,0,1,0,0,0,2175.json,Buggy
15,0.12453997135162354,0.033161480641370214,1,1,2,3,2.61,1,5,73.0,95.62737274169922,0,1,1,0,0,2613.json,Buggy
4,0.010450289584696293,0.04689437668932554,0,0,0,1,2.0,0,1,43.0,120.58902740478516,0,1,0,0,0,8348.json,Buggy
4,0.02922992780804634,0.4132267741012365,0,0,0,1,2.0,0,2,29.0,123.19084167480469,0,1,0,0,0,8399.json,Buggy
3,0.7750954627990723,0.9820299019104956,0,0,0,1,1.89,0,1,17.0,131.43582153320312,0,1,0,0,0,6222.json,Buggy
18,0.20924542844295502,0.030076755004171066,6,5,11,5,3.66,2,9,82.0,91.41749572753906,0,1,1,0,0,4178.json,Buggy
5,0.35884344577789307,0.46245356468442234,0,0,0,1,1.96,0,3,35.0,118.3609390258789,0,1,0,0,0,4221.json,Buggy
28,0.0031157287303358316,0.8140839336498887,4,7,11,8,3.58,3,4,113.0,81.97513580322266,1,1,2,0,0,2006.json,Buggy
47,0.00886999350041151,1.6780109826802695E-7,4,6,10,8,5.58,4,19,220.0,69.57048034667969,0,1,4,0,0,5054.json,Buggy
8,0.517514705657959,0.24762377752749695,1,1,2,2,2.83,1,3,45.0,108.89363861083984,0,1,0,0,0,2670.json,Buggy
14,0.7931326031684875,0.9456066446723813,0,0,0,3,2.7,1,5,52.0,99.2366943359375,0,0,0,0,0,2446.json,Buggy
16,0.290621817111969,0.015889113030017825,6,3,9,4,2.54,1,6,92.0,92.99302673339844,0,1,1,0,0,1579.json,Buggy
7,0.546981155872345,0.9305035301673524,1,1,2,2,3.02,1,2,30.0,114.00881958007812,0,1,0,0,0,2157.json,Buggy
7,0.43305158615112305,0.9778783298405952,1,1,2,2,3.06,1,2,30.0,113.80858612060547,0,0,0,0,0,4638.json,Buggy
5,6.942081381566823E-4,0.006370245834992501,0,0,0,1,1.96,0,3,56.0,115.54603576660156,0,2,0,0,0,7986.json,Buggy
10,0.5376133918762207,0.17084925153604355,3,2,5,3,3.67,2,5,51.0,104.34339141845703,0,1,0,0,0,5904.json,Buggy
29,0.010448683053255081,1.0116185937837658E-5,8,8,16,8,3.75,3,10,142.0,79.763671875,0,2,2,0,0,2125.json,Buggy
56,0.11166562139987946,7.489789911134366E-5,8,9,17,13,4.3,3,12,214.0,65.66040802001953,0,0,8,0,0,1333.json,Buggy
3,0.7747183442115784,0.9756974498401978,0,0,0,1,1.89,0,1,17.0,131.43582153320312,0,1,0,0,0,5254.json,Buggy
29,0.5211208462715149,1.9612925677249738E-4,6,4,10,6,3.63,2,15,142.0,80.27429962158203,0,1,3,0,0,3600.json,Buggy
15,0.587888777256012,0.2481657714642249,2,4,6,5,4.49,3,4,68.0,95.76681518554688,0,1,1,0,0,6168.json,Buggy
16,0.005642895121127367,1.8117960829820166E-5,2,1,3,2,3.46,2,10,109.0,92.31300354003906,0,3,1,0,0,7213.json,Buggy
6,0.9829133749008179,0.960311126385,1,1,2,2,2.99,1,2,28.0,116.66458892822266,0,1,0,0,0,4634.json,Buggy
10,0.0,1.9458276455537667E-7,0,0,0,1,3.6,1,5,120.0,99.77865600585938,0,3,0,0,0,7886.json,Buggy
41,0.062208179384469986,6.350829697661759E-7,11,10,21,11,5.34,4,11,202.0,71.51455688476562,0,0,9,0,0,2499.json,Buggy
14,0.7934744358062744,0.9556382248135802,0,0,0,3,2.7,1,5,54.0,99.04044342041016,0,0,0,0,0,5161.json,Buggy
4,0.0027482802979648113,0.05304524250810882,0,0,0,1,2.0,0,1,41.0,120.78221893310547,0,1,1,0,0,4575.json,Buggy
14,0.7726826667785645,0.6393290380103407,4,3,7,4,3.18,2,5,64.0,97.48184204101562,0,2,1,0,0,2152.json,Buggy
7,0.546981155872345,0.9305035301673524,1,1,2,2,3.02,1,2,30.0,114.00881958007812,0,1,0,0,0,4600.json,Buggy
7,0.63526850938797,0.4903893407381935,1,1,2,2,3.02,1,2,38.0,112.11597442626953,0,1,0,0,0,7279.json,Buggy
10,0.5119779109954834,0.30248461265746135,0,0,0,2,2.8,1,4,52.0,104.64384460449219,0,1,1,0,0,4952.json,Buggy
24,0.7092334032058716,0.32143657377014623,4,3,7,4,2.82,2,6,94.0,86.34966278076172,0,0,2,0,0,4131.json,Buggy
10,0.2770559787750244,0.3416441833540302,2,2,4,3,3.67,2,4,51.0,104.45492553710938,0,1,0,0,0,5599.json,Buggy
8,1.3180854148231447E-4,1.708581957977185E-4,0,0,0,1,2.83,0,4,79.0,105.66837310791016,0,4,0,0,0,7736.json,Buggy
16,0.055647313594818115,1.7509697214578728E-4,1,1,2,3,3.87,2,7,99.0,92.7049331665039,0,1,1,0,0,2270.json,Buggy
3,0.487629771232605,0.7034035395025202,0,0,0,1,1.89,0,1,22.0,129.37762451171875,0,1,0,0,0,674.json,Buggy
8,0.8195382356643677,0.8714996739741266,0,0,0,2,2.83,1,2,41.0,109.76836395263672,0,1,0,0,0,5160.json,Buggy
12,0.7767711281776428,0.9754104816562232,3,3,6,4,2.58,1,2,44.0,102.29837036132812,0,0,0,0,0,2874.json,Buggy
27,0.7897883653640747,0.03143669855273687,4,4,8,6,4.12,3,7,118.0,82.47547912597656,0,1,4,0,0,793.json,Buggy
27,0.025491489097476006,7.076344747953717E-4,1,4,5,6,2.39,2,3,126.0,82.35054016113281,0,1,1,0,0,1640.json,Buggy
3,0.018875040113925934,0.171691283631329,0,0,0,1,1.89,0,1,33.0,126.87217712402344,0,1,0,0,0,5178.json,Buggy
11,0.6208608746528625,0.9362135614662567,2,2,4,3,2.86,1,4,40.0,104.586669921875,0,0,0,0,0,3652.json,Buggy
54,0.005351708270609379,3.833824881812787E-7,4,7,11,12,3.87,3,17,233.0,66.10279083251953,0,1,4,0,0,4968.json,Buggy
5,0.0,1.196039766147876E-5,0,0,0,1,1.96,0,1,88.0,112.83248138427734,0,2,2,0,0,8081.json,Buggy
6,0.13197463750839233,0.002014695348012802,1,1,2,2,1.89,0,2,64.0,111.38548278808594,0,1,2,0,0,4529.json,Buggy
7,0.1850418597459793,0.6707286772849365,3,1,4,2,2.56,1,2,38.0,112.48956298828125,0,1,0,0,0,2800.json,Buggy
3,0.321124792098999,0.3012687193385753,0,0,0,1,1.89,0,1,30.0,127.51214599609375,0,1,0,0,0,5399.json,Buggy
27,0.4653160870075226,0.022110701754439643,2,3,5,5,3.5,2,7,113.0,83.2542953491211,0,0,2,0,0,3596.json,Buggy
21,0.002370820613577962,3.1285222021548985E-7,3,1,4,2,2.64,1,11,152.0,86.0956039428711,0,2,6,0,0,1053.json,Buggy
11,0.6987297534942627,0.2850261158188898,1,1,2,2,3.56,2,1,54.0,102.58230590820312,0,0,2,0,0,6751.json,Buggy
3,0.6665487289428711,0.4518899172391028,0,0,0,1,1.89,0,1,26.0,128.3351287841797,0,1,0,0,0,3369.json,Buggy
15,0.08225935697555542,0.46343237850281943,3,3,6,4,3.67,2,5,67.0,96.12594604492188,0,0,0,0,0,4616.json,Buggy
37,0.209074467420578,2.493166649592154E-5,12,9,21,10,4.07,3,9,182.0,73.94970703125,0,0,8,0,0,2311.json,Buggy
3,0.0016699305269867182,0.09345604456498716,0,0,0,1,1.89,0,1,39.0,126.07360076904297,0,2,0,0,0,7116.json,Buggy
16,0.055647313594818115,1.7509697214578728E-4,1,1,2,3,3.87,2,7,99.0,92.7049331665039,0,1,1,0,0,8291.json,Buggy
6,0.2923327386379242,0.9121859045925615,1,1,2,2,3.27,1,3,30.0,116.30582427978516,0,0,0,0,0,5051.json,Buggy
5,0.7693883776664734,0.9559854298963631,0,0,0,1,1.96,0,2,21.0,121.77933502197266,0,0,0,0,0,1179.json,Buggy
4,0.0,0.009032265039675013,0,0,0,1,3.32,0,1,55.0,119.30913543701172,0,3,0,0,0,7482.json,Buggy
31,0.034654129296541214,0.0023653040434519186,6,4,10,6,6.42,4,7,136.0,79.68173217773438,0,0,5,0,0,3884.json,Buggy
5,0.022796349599957466,0.10588500686567491,0,0,0,1,4.38,1,4,40.0,117.40723419189453,0,1,0,0,0,423.json,Buggy
10,0.013202451169490814,0.003998951805645255,2,2,4,3,2.53,1,2,71.0,102.52096557617188,0,3,0,0,0,8092.json,Buggy
8,0.9001198410987854,0.8329274109628662,1,1,2,2,2.83,1,1,36.0,110.44464111328125,0,0,1,0,0,2513.json,Buggy
24,0.3714277148246765,0.0011077662737097203,4,2,6,4,2.49,1,10,125.0,84.69379425048828,0,1,1,0,0,1829.json,Buggy
20,0.0,0.08709587836079116,5,4,9,5,3.87,3,7,120.0,87.53726196289062,1,1,3,0,0,3845.json,Buggy
6,0.3616398274898529,0.0818424398152402,1,1,2,2,2.75,1,0,43.0,113.79048919677734,0,1,0,0,0,6924.json,Buggy
3,0.9280638098716736,0.48843979911507357,0,0,0,1,1.89,0,0,24.0,128.7513427734375,0,1,0,0,0,6525.json,Buggy
6,0.2529565393924713,0.0993396310207154,0,0,0,1,1.89,0,5,51.0,112.9767837524414,0,1,1,0,0,2475.json,Buggy
7,0.5760439038276672,0.608700994916189,2,1,3,2,2.56,1,3,36.0,112.68669891357422,0,0,1,0,0,878.json,Buggy
12,0.004464160650968552,2.9572990401800262E-5,0,0,0,1,5.25,0,5,109.0,97.42595672607422,0,1,3,0,0,3966.json,Buggy
24,0.3714277148246765,0.0011077662737097203,4,2,6,4,2.49,1,10,125.0,84.69379425048828,0,1,1,0,0,1819.json,Buggy
16,0.0015115702990442514,1.3350380249427129E-5,0,0,0,3,2.54,1,14,116.0,92.09292602539062,0,1,4,0,0,6856.json,Buggy
65,0.0,5.837213449381782E-10,0,0,0,6,8.11,4,22,283.0,63.424171447753906,0,5,0,0,0,8253.json,Buggy
15,0.86402827501297,0.6557417244614564,2,2,4,4,3.83,2,5,58.0,96.87604522705078,0,0,1,0,0,6210.json,Buggy
9,0.3030655086040497,0.49273432363672787,0,0,0,2,2.95,1,3,49.0,106.72266387939453,0,1,0,0,0,5478.json,Buggy
4,0.581299364566803,0.13483441617856556,0,0,0,1,1.96,0,1,37.0,121.4874496459961,1,1,0,0,0,7111.json,Buggy
54,0.005351708270609379,3.833824881812787E-7,4,7,11,12,3.87,3,17,233.0,66.10279083251953,0,1,4,0,0,5077.json,Buggy
17,0.5321552157402039,0.5951090230027116,4,4,8,3,3.39,2,5,64.0,94.41667175292969,0,0,1,0,0,4187.json,Buggy
80,9.611828136257827E-4,4.4205099339871833E-13,11,21,32,18,5.28,4,19,361.0,55.7866325378418,0,0,13,0,0,4928.json,Buggy
3,0.8698163032531738,0.8209930570336805,2,2,4,2,1.89,0,2,20.0,130.0784149169922,0,0,0,0,0,1057.json,Buggy
31,0.034654129296541214,0.0023653040434519186,6,4,10,6,6.42,4,7,136.0,79.68173217773438,0,0,5,0,0,3887.json,Buggy
3,0.0,1.0850123974710879E-4,0,0,0,1,1.89,0,4,72.0,122.23199462890625,0,2,0,0,0,7205.json,Buggy
6,0.0025358155835419893,0.06353845728398338,0,0,0,1,5.03,0,1,48.0,113.39401245117188,0,1,0,0,0,2143.json,Buggy
35,0.6560288667678833,0.007400695676985166,4,4,8,5,3.04,2,10,143.0,77.44761657714844,0,1,1,0,0,4125.json,Buggy
16,0.2833718955516815,0.05238618629974656,0,0,0,1,3.53,1,4,80.0,94.65248107910156,0,3,0,0,0,4237.json,Buggy
3,0.9280638098716736,0.48843979911507357,0,0,0,1,1.89,0,0,24.0,128.7513427734375,0,1,0,0,0,1632.json,Buggy
9,6.622106884606183E-4,1.7768899383620266E-5,1,1,2,2,3.77,2,2,93.0,102.61357116699219,0,1,0,0,0,6000.json,Buggy
3,0.0,0.03652841220123225,0,0,0,1,1.89,0,2,43.0,125.42940521240234,0,2,0,0,0,7249.json,Buggy
9,6.622106884606183E-4,1.7768899383620266E-5,1,1,2,2,3.77,2,2,93.0,102.61357116699219,0,1,0,0,0,6005.json,Buggy
6,0.9116225838661194,0.9734987679367302,1,1,2,2,2.75,1,1,24.0,117.66641235351562,0,1,0,0,0,2156.json,Buggy
9,0.5161546468734741,0.7294677934710136,0,0,0,2,2.95,1,4,40.0,108.15154266357422,0,1,0,0,0,6186.json,Buggy
3,0.06894125044345856,0.3048707834468638,0,0,0,1,1.89,0,1,28.0,127.87090301513672,0,1,0,0,0,1091.json,Buggy
8,0.4629422128200531,0.699521590634562,0,0,0,2,3.12,1,3,37.0,110.46502685546875,0,1,0,0,0,6133.json,Buggy
33,0.02278679423034191,0.008408420656457197,5,7,12,8,5.49,4,8,137.0,78.35020446777344,0,5,2,0,0,795.json,Buggy
17,0.41663679480552673,0.005582613772064867,3,3,6,4,5.45,4,7,92.0,92.04791259765625,0,1,1,0,0,5061.json,Buggy
8,0.0022254856303334236,1.938290916292201E-4,0,0,0,1,3.46,1,8,77.0,105.73339080810547,0,1,2,0,0,445.json,Buggy
17,0.41663679480552673,0.005582613772064867,3,3,6,4,5.45,4,7,92.0,92.04791259765625,0,1,1,0,0,3895.json,Buggy
12,0.7767711281776428,0.9754104816562232,3,3,6,4,2.58,1,2,44.0,102.29837036132812,0,0,0,0,0,2872.json,Buggy
20,0.6310935020446777,0.026686672169796588,4,4,8,5,2.91,2,3,100.0,88.95720672607422,0,0,4,0,0,905.json,Buggy
33,0.02278679423034191,0.008408420656457197,5,7,12,8,5.49,4,8,137.0,78.35020446777344,0,5,2,0,0,2624.json,Buggy
13,0.9337754845619202,0.19442388588414217,1,1,2,3,2.46,1,5,70.0,98.16382598876953,0,1,3,0,0,874.json,Buggy
20,0.02272305078804493,0.031934322065290635,7,5,12,6,6.31,4,8,92.0,89.11658477783203,0,2,2,0,0,1166.json,Buggy
11,0.8828455805778503,0.11961902745142636,0,0,0,3,2.91,1,4,67.0,101.18465423583984,1,1,1,0,0,1850.json,Buggy
3,0.9317920804023743,0.9920811346693313,0,0,0,1,1.89,0,0,14.0,132.79563903808594,0,1,0,0,0,206.json,Buggy
3,0.39505940675735474,0.347518222554236,0,0,0,1,1.89,0,1,29.0,127.76728820800781,0,1,0,0,0,4870.json,Buggy
3,0.06894125044345856,0.3048707834468638,0,0,0,1,1.89,0,1,28.0,127.87090301513672,0,1,0,0,0,2856.json,Buggy
3,0.025772536173462868,0.35583755860243693,0,0,0,1,1.89,0,1,28.0,127.87090301513672,0,1,0,0,0,1251.json,Buggy
4,0.009522481821477413,0.488669771489002,0,0,0,1,2.0,0,2,36.0,121.82937622070312,0,2,1,0,0,6040.json,Buggy
3,0.9280638098716736,0.48843979911507357,0,0,0,1,1.89,0,0,24.0,128.7513427734375,0,1,0,0,0,6527.json,Buggy
8,0.48767903447151184,0.5770513665653169,1,1,2,2,3.56,2,4,48.0,108.73796844482422,0,0,0,0,0,5813.json,Buggy
7,0.13025496900081635,0.15306895760025124,1,1,2,2,2.56,1,1,47.0,111.07701873779297,0,1,1,0,0,6935.json,Buggy
8,0.2537097930908203,0.7399594655342604,1,1,2,2,3.12,1,4,41.0,109.6941146850586,0,1,0,0,0,5005.json,Buggy
17,0.41663679480552673,0.005582613772064867,3,3,6,4,5.45,4,7,92.0,92.04791259765625,0,1,1,0,0,4961.json,Buggy
14,0.5415817499160767,0.0059287019291782185,1,1,2,3,2.7,1,4,84.0,95.82347869873047,0,1,1,0,0,3763.json,Buggy
3,0.9476325511932373,0.9724323970863599,0,0,0,1,1.89,0,0,14.0,132.4454345703125,0,0,0,0,0,5211.json,Buggy
35,0.16702453792095184,5.654331160569891E-4,10,7,17,10,5.52,4,7,157.0,75.92396545410156,0,0,7,0,0,4080.json,Buggy
3,0.321124792098999,0.3012687193385753,0,0,0,1,1.89,0,1,30.0,127.51214599609375,0,1,0,0,0,5436.json,Buggy
19,0.005567531101405621,5.480265917823702E-7,0,0,0,2,3.55,2,7,136.0,88.19402313232422,0,2,3,0,0,2214.json,Buggy
40,0.09720749408006668,5.42041664232029E-4,3,5,8,8,2.48,2,10,168.0,73.6797103881836,0,1,3,0,0,4593.json,Buggy
3,0.6026245355606079,0.9629735716509795,0,0,0,1,1.89,0,1,14.0,132.79563903808594,0,0,0,0,0,3360.json,Buggy
9,0.78767329454422,0.8100684118587212,2,1,3,2,3.14,1,2,40.0,107.84432220458984,0,1,0,0,0,1872.json,Buggy
92,0.0,8.997438065713973E-17,3,8,11,14,7.55,5,28,403.0,53.77375793457031,0,4,4,0,0,8226.json,Buggy
4,0.5074531435966492,0.6577101599140973,0,0,0,1,2.0,0,2,24.0,124.57742309570312,0,1,0,0,0,5024.json,Buggy
38,0.28829386830329895,1.6474601839318353E-4,12,8,20,10,4.87,4,8,172.0,73.85668182373047,0,0,9,0,0,2672.json,Buggy
29,0.37255603075027466,3.619047850576216E-5,5,3,8,5,2.41,1,9,149.0,80.20345306396484,0,1,2,0,0,2066.json,Buggy
3,0.010316465981304646,0.45809638023726434,0,0,0,1,1.89,0,0,28.0,128.0337677001953,0,0,0,0,0,2272.json,Buggy
3,0.321124792098999,0.3012687193385753,0,0,0,1,1.89,0,1,30.0,127.51214599609375,0,1,0,0,0,2746.json,Buggy
7,0.027754079550504684,7.011305028762232E-4,0,0,0,1,2.56,0,4,73.0,108.17399597167969,0,1,1,0,0,7253.json,Buggy
12,0.21062318980693817,0.010531521462158853,0,0,0,2,2.56,1,4,75.0,99.21284484863281,0,1,2,0,0,4514.json,Buggy
30,0.01387972291558981,0.022149872856279267,3,3,6,4,5.06,3,6,124.0,81.08894348144531,0,0,1,0,0,4614.json,Buggy
12,0.24352331459522247,0.008182744313313058,1,2,3,3,2.75,2,3,73.0,99.20126342773438,0,2,0,0,0,6611.json,Buggy
16,0.08868713676929474,0.01741688781509847,1,1,2,3,3.61,2,5,85.0,93.5987319946289,0,1,1,0,0,7451.json,Buggy
7,0.0,5.46248604987104E-4,0,0,0,1,3.52,0,2,74.0,108.40586853027344,0,4,0,0,0,7194.json,Buggy
3,0.06894125044345856,0.3048707834468638,0,0,0,1,1.89,0,1,28.0,127.87090301513672,0,1,0,0,0,5165.json,Buggy
24,0.7092334032058716,0.32143657377014623,4,3,7,4,2.82,2,6,94.0,86.34966278076172,0,0,2,0,0,4134.json,Buggy
8,0.12885290384292603,0.05547148301640716,2,1,3,2,3.12,1,4,53.0,107.83845520019531,0,1,0,0,0,4076.json,Buggy
4,0.0,0.005795245642015934,0,0,0,1,2.0,0,1,53.0,119.34529113769531,0,1,0,0,0,8436.json,Buggy
4,0.5377832055091858,0.6158167287967184,0,0,0,1,2.0,0,2,25.0,124.25267028808594,0,1,0,0,0,5076.json,Buggy
65,0.03448166325688362,2.9013431612912447E-8,12,9,21,13,4.22,3,17,274.0,61.768653869628906,0,0,12,0,0,1334.json,Buggy
8,0.8846601843833923,0.9536141747385464,1,1,2,2,2.4,1,2,31.0,111.30105590820312,0,1,0,0,0,3566.json,Buggy
6,0.0,1.5944483749553265E-5,0,0,0,1,1.89,0,1,89.0,109.82011413574219,0,1,3,0,0,8080.json,Buggy
3,0.9317920804023743,0.9920811346693313,0,0,0,1,1.89,0,0,14.0,132.79563903808594,0,1,0,0,0,235.json,Buggy
4,0.728266179561615,0.755704072668547,0,0,0,1,2.0,0,2,22.0,125.02987670898438,0,1,0,0,0,5973.json,Buggy
14,0.29852357506752014,0.0020473240345070076,7,4,11,3,3.92,2,5,89.0,95.48812103271484,0,2,4,0,0,2898.json,Buggy
6,0.0,7.594551320473179E-4,0,0,0,1,1.89,0,4,67.0,111.41984558105469,0,5,0,0,0,8095.json,Buggy
6,0.0,0.002459773259031925,0,0,0,1,3.27,1,2,66.0,111.58821105957031,0,3,0,0,0,7005.json,Buggy
4,0.023841746151447296,0.33148974328573694,0,0,0,1,2.0,0,1,30.0,122.85169219970703,0,1,0,0,0,7756.json,Buggy
16,0.3443072438240051,0.0027391389743311595,1,1,2,4,3.09,2,4,94.0,92.84538269042969,1,1,2,0,0,5290.json,Buggy
6,0.006902549881488085,0.0075026595911732155,0,0,0,1,3.33,0,0,60.0,112.08382415771484,1,3,0,0,0,7108.json,Buggy
7,0.79252690076828,0.7856000323275759,1,1,2,2,2.83,1,2,33.0,113.31297302246094,1,1,0,0,0,6884.json,Buggy
7,0.3432064652442932,0.4664406723440418,1,1,2,2,2.56,1,1,38.0,112.25244903564453,0,1,1,0,0,6938.json,Buggy
21,0.14696110785007477,0.00838527424112888,1,3,4,5,2.8,2,8,96.0,88.25126647949219,0,1,2,0,0,4238.json,Buggy
5,5.646401550620794E-4,0.005912940974326986,0,0,0,1,1.96,0,3,55.0,115.48989868164062,0,2,0,0,0,7942.json,Buggy
5,0.9049510955810547,0.9045267813511629,0,0,0,1,2.28,1,2,31.0,119.0662612915039,0,1,0,0,0,3706.json,Buggy
55,3.670109435915947E-4,5.844514862657677E-9,2,4,6,5,8.24,4,21,262.0,66.8055419921875,0,1,3,0,0,5200.json,Buggy
4,0.05789320915937424,0.045957471658296126,0,0,0,1,2.0,0,2,42.0,120.65690612792969,0,1,0,0,0,8076.json,Buggy
3,0.5093927383422852,0.7867993470656705,0,0,0,1,1.89,0,2,23.0,129.14646911621094,0,1,0,0,0,2837.json,Buggy
4,0.5659696459770203,0.6061830837218982,0,0,0,1,2.0,0,2,25.0,124.05243682861328,0,1,0,0,0,5972.json,Buggy
3,0.1352493166923523,0.2340711671253813,0,0,0,1,1.89,0,1,32.0,127.102294921875,0,1,0,0,0,6989.json,Buggy
5,0.0017592995427548885,0.0034123455338683816,0,0,0,1,1.96,0,3,58.0,115.2137222290039,0,2,0,0,0,7774.json,Buggy
7,0.7362373471260071,0.4646881328735251,2,2,4,3,2.56,1,3,39.0,111.68791961669922,0,1,1,0,0,4068.json,Buggy
28,0.002531918464228511,0.001994068649233595,5,3,8,7,5.06,4,7,140.0,80.91724395751953,0,0,6,0,0,6852.json,Buggy
16,0.8570126891136169,0.4889298603138315,3,2,5,4,3.87,2,3,78.0,94.23784637451172,0,0,3,0,0,602.json,Buggy
11,0.7414841055870056,0.3612789125355066,0,0,0,3,2.98,1,4,55.0,102.40672302246094,1,1,1,0,0,5088.json,Buggy
3,0.07150805741548538,0.2705848768722828,0,0,0,1,1.89,0,1,31.0,127.26738739013672,0,1,0,0,0,3482.json,Buggy
7,0.15446962416172028,0.16286619080272863,1,1,2,2,2.56,1,1,47.0,111.07701873779297,0,1,1,0,0,6937.json,Buggy
4,0.0,0.0034725531013235548,0,0,0,1,3.32,0,1,56.0,119.01112365722656,0,5,0,0,0,2218.json,Buggy
54,0.005351708270609379,3.833824881812787E-7,4,7,11,12,3.87,3,17,233.0,66.10279083251953,0,1,4,0,0,4998.json,Buggy
3,0.9184566736221313,0.9719650234824804,0,0,0,1,1.89,0,0,12.0,133.59722900390625,0,0,0,0,0,6851.json,Buggy
8,0.8385255336761475,0.8052571554861891,0,0,0,1,4.0,1,2,34.0,110.97186279296875,1,1,0,0,0,4945.json,Buggy
14,0.36698731780052185,0.5697395059618173,2,3,5,4,6.66,4,1,61.0,97.84302520751953,0,1,1,0,0,4636.json,Buggy
12,0.7549126148223877,0.002682482908594898,3,3,6,3,2.31,1,5,85.0,98.29499053955078,0,1,4,0,0,4100.json,Buggy
12,0.8216583132743835,0.9800101828023362,0,0,0,1,5.28,2,3,43.0,103.03780364990234,0,1,0,0,0,5082.json,Buggy
30,0.059049222618341446,1.1823971595567298E-6,7,7,14,8,3.68,3,3,165.0,78.62276458740234,0,1,5,0,0,748.json,Buggy
4,0.13486047089099884,0.8276470140149884,0,0,0,1,2.0,0,1,28.0,123.37332153320312,0,2,0,0,0,2824.json,Buggy
3,0.8003692030906677,0.9132176815153754,0,0,0,1,1.89,0,1,17.0,131.28770446777344,0,1,0,0,0,2200.json,Buggy
5,0.39601197838783264,0.6073321349280952,1,1,2,2,2.99,1,0,28.0,119.52839660644531,0,1,0,0,0,5998.json,Buggy
49,0.01565290428698063,2.035741543679723E-7,7,12,19,13,5.39,5,7,205.0,68.04703521728516,0,1,7,0,0,2027.json,Buggy
7,0.7197892665863037,0.809976618060087,0,0,0,2,3.02,1,2,31.0,113.54827117919922,0,1,0,0,0,6730.json,Buggy
3,0.06894125044345856,0.3048707834468638,0,0,0,1,1.89,0,1,28.0,127.87090301513672,0,1,0,0,0,3070.json,Buggy
3,0.9317920804023743,0.9920811346693313,0,0,0,1,1.89,0,0,14.0,132.79563903808594,0,1,0,0,0,233.json,Buggy
3,0.3446478843688965,0.0706399950530378,0,0,0,1,2.0,0,0,39.0,125.8741455078125,1,2,0,0,0,8029.json,Buggy
3,0.002042753854766488,0.08470812537560532,0,0,0,1,1.89,0,1,39.0,126.07360076904297,0,2,0,0,0,7793.json,Buggy
8,0.2537097930908203,0.7399594655342604,1,1,2,2,3.12,1,4,41.0,109.6941146850586,0,1,0,0,0,5000.json,Buggy
17,0.41663679480552673,0.005582613772064867,3,3,6,4,5.45,4,7,92.0,92.04791259765625,0,1,1,0,0,4974.json,Buggy
9,6.622106884606183E-4,1.7768899383620266E-5,1,1,2,2,3.77,2,2,93.0,102.61357116699219,0,1,0,0,0,6002.json,Buggy
20,0.0,0.08709587836079116,5,4,9,5,3.87,3,7,120.0,87.53726196289062,1,1,3,0,0,4626.json,Buggy
9,1.4800080680288374E-4,1.29318200797135E-5,1,1,2,2,2.27,1,4,95.0,102.57125854492188,0,4,0,0,0,7049.json,Buggy
6,0.0,2.85452644351107E-6,0,0,0,1,3.27,1,5,97.0,109.2614517211914,0,5,1,0,0,7200.json,Buggy
7,0.15073198080062866,0.7799731662527787,2,2,4,3,4.12,2,3,35.0,112.60318756103516,0,0,0,0,0,2478.json,Buggy
3,0.1208474412560463,0.23710704980021113,0,0,0,1,1.89,0,1,31.0,127.26738739013672,0,1,0,0,0,4427.json,Buggy
3,0.08508201688528061,0.2541720749680954,0,0,0,1,1.89,0,1,31.0,127.26738739013672,0,1,0,0,0,4736.json,Buggy
56,0.11166562139987946,7.489789911134366E-5,8,9,17,13,4.3,3,12,214.0,65.66040802001953,0,0,8,0,0,1328.json,Buggy
4,0.17228518426418304,0.07056283056137702,0,0,0,1,2.99,0,0,42.0,120.71138763427734,1,3,0,0,0,7122.json,Buggy
10,0.12206049263477325,0.02965999946281319,0,0,0,2,2.8,1,3,61.0,103.40232849121094,0,1,1,0,0,2693.json,Buggy
5,0.8401678800582886,0.9837557972562103,1,1,2,2,2.99,1,0,19.0,122.20396423339844,0,0,0,0,0,3550.json,Buggy
20,0.7650030255317688,0.11808134173326058,2,2,4,4,3.44,2,5,91.0,89.5498046875,0,1,2,0,0,5253.json,Buggy
3,0.0,0.026350979133142854,0,0,0,1,1.89,1,1,47.0,125.03324890136719,0,2,0,0,0,7006.json,Buggy
7,0.30060330033302307,0.23518777825930562,1,1,2,2,3.02,1,0,43.0,111.41020202636719,0,1,0,0,0,6915.json,Buggy
28,0.0031157287303358316,0.8140839336498887,4,7,11,8,3.58,3,4,113.0,81.97513580322266,1,1,2,0,0,1381.json,Buggy
7,0.546981155872345,0.9305035301673524,1,1,2,2,3.02,1,2,30.0,114.00881958007812,0,1,0,0,0,2146.json,Buggy
3,0.7233115434646606,0.9320082703759405,0,0,0,1,1.89,0,1,17.0,131.43582153320312,0,1,0,0,0,950.json,Buggy
16,0.08519510924816132,3.14576240758791E-4,4,4,8,4,3.46,2,6,97.0,92.45951843261719,0,3,2,0,0,6231.json,Buggy
7,0.0,3.079272824090178E-5,1,1,2,2,2.56,1,3,84.0,107.18150329589844,0,5,0,0,0,7957.json,Buggy
11,0.1426657736301422,9.130924365360181E-4,0,0,0,1,3.45,1,6,90.0,99.83154296875,0,1,2,0,0,4019.json,Buggy
12,0.32269003987312317,0.5325579015544935,3,2,5,3,3.45,2,6,53.0,101.24423217773438,0,2,0,0,0,1353.json,Buggy
3,0.9476325511932373,0.9724323970863599,0,0,0,1,1.89,0,0,14.0,132.4454345703125,0,0,0,0,0,2846.json,Buggy
3,0.10920581966638565,0.2232473156560427,0,0,0,1,1.89,0,1,31.0,127.26738739013672,0,1,0,0,0,3303.json,Buggy
5,0.0017592995427548885,0.0034123455338683816,0,0,0,1,1.96,0,3,58.0,115.2137222290039,0,2,0,0,0,7097.json,Buggy
18,0.8088484406471252,0.6209306862937828,2,2,4,4,3.58,2,4,72.0,92.64823913574219,0,0,1,0,0,5097.json,Buggy
8,0.7183411717414856,0.9164102899114369,0,0,0,1,3.97,1,3,38.0,110.39348602294922,0,1,0,0,0,5210.json,Buggy
17,0.8704437017440796,0.7759672947257127,2,2,4,4,2.58,1,4,67.0,93.9484634399414,0,1,1,0,0,1854.json,Buggy
17,0.8704437017440796,0.7759672947257127,2,2,4,4,2.58,1,4,67.0,93.9484634399414,0,1,1,0,0,1858.json,Buggy
3,0.6748182773590088,0.9780624344689616,0,0,0,1,1.89,0,1,14.0,132.61029052734375,0,0,0,0,0,6154.json,Buggy
4,0.5984686017036438,0.8828056590126526,0,0,0,1,2.0,0,2,23.0,124.7987289428711,0,1,0,0,0,1190.json,Buggy
49,0.3006700277328491,7.691665221604604E-9,9,5,14,11,5.23,4,10,235.0,67.58732604980469,0,0,13,0,0,3722.json,Buggy
8,0.8116585612297058,0.4845919577763871,1,1,2,2,3.12,1,3,40.0,109.68604278564453,0,1,0,0,0,6174.json,Buggy
6,0.17358170449733734,0.04411004214701961,0,0,0,1,1.89,0,2,53.0,112.87873840332031,0,1,2,0,0,2715.json,Buggy
9,0.8697596192359924,0.9745473749025172,2,2,4,3,4.26,2,3,35.0,108.7057113647461,0,0,0,0,0,3585.json,Buggy
29,0.29985350370407104,0.036128113814490874,1,1,2,3,2.99,1,8,123.0,81.97457885742188,0,1,2,0,0,5134.json,Buggy
7,0.04499700292944908,0.02665968765975045,1,1,2,2,3.02,1,2,53.0,110.09941101074219,0,2,0,0,0,2216.json,Buggy
3,0.0,0.0024924157517406836,0,0,0,1,1.89,0,1,59.0,123.550048828125,0,3,0,0,0,7058.json,Buggy
3,0.012749376706779003,0.19664570845362617,0,0,0,1,1.89,0,1,33.0,126.87217712402344,0,1,0,0,0,5221.json,Buggy
3,0.44082170724868774,0.6494352348504334,0,0,0,1,1.89,0,1,25.0,128.8092498779297,0,1,0,0,0,7452.json,Buggy
3,0.7377870082855225,0.9534329885533974,0,0,0,1,1.89,0,1,17.0,131.28770446777344,0,1,0,0,0,4291.json,Buggy
3,0.7629597783088684,0.9597869228867797,0,0,0,1,1.89,0,0,15.0,132.086669921875,0,0,0,0,0,6199.json,Buggy
9,0.8238576650619507,0.16283700627425424,1,2,3,3,3.36,2,2,52.0,105.89716339111328,1,1,0,0,0,7333.json,Buggy
9,0.5889597535133362,0.9526890730356011,1,2,3,3,2.17,2,0,46.0,107.11077117919922,0,1,0,0,0,6863.json,Buggy
30,0.0146802868694067,1.1237818771757756E-7,7,7,14,8,3.68,3,3,175.0,78.28766632080078,0,1,5,0,0,2122.json,Buggy
16,0.8676989674568176,0.4542179892184763,3,3,6,5,3.67,2,3,76.0,94.09302520751953,0,0,3,0,0,1860.json,Buggy
39,0.1627638041973114,3.6503456937250523E-4,6,9,15,10,5.54,4,10,170.0,73.61894226074219,0,0,6,0,0,2498.json,Buggy
15,0.08225935697555542,0.46343237850281943,3,3,6,4,3.67,2,5,67.0,96.12594604492188,0,0,0,0,0,2691.json,Buggy
3,7.357571157626808E-4,0.0745104820508189,0,0,0,1,1.89,0,1,37.0,126.14789581298828,0,1,0,0,0,2437.json,Buggy
3,0.9428473711013794,0.9674067642655836,0,0,0,1,1.89,0,1,14.0,132.61029052734375,0,1,0,0,0,4605.json,Buggy
4,0.022119615226984024,0.5316340550223398,0,0,0,1,2.0,0,2,29.0,123.19084167480469,0,1,0,0,0,3781.json,Buggy
6,0.032519496977329254,0.04369385638499403,0,0,0,1,1.89,0,3,51.0,113.25019073486328,0,1,1,0,0,2316.json,Buggy
4,2.4186508380807936E-4,0.0017410938839077675,0,0,0,1,2.0,0,6,57.0,118.78633880615234,0,1,0,0,0,7832.json,Buggy
3,0.10920581966638565,0.2232473156560427,0,0,0,1,1.89,0,1,31.0,127.26738739013672,0,1,0,0,0,3635.json,Buggy
3,0.018875040113925934,0.171691283631329,0,0,0,1,1.89,0,1,33.0,126.87217712402344,0,1,0,0,0,3153.json,Buggy
33,0.5199326276779175,0.014160536598942706,5,5,10,6,2.8,2,10,131.0,78.86367797851562,0,0,3,0,0,1828.json,Buggy
33,0.5199326276779175,0.014160536598942706,5,5,10,6,2.8,2,10,131.0,78.86367797851562,0,0,3,0,0,1826.json,Buggy
16,4.839336033910513E-4,0.3735513144395566,3,2,5,4,3.83,3,5,102.0,92.49346923828125,1,1,3,0,0,2274.json,Buggy
3,0.8003692030906677,0.9132176815153754,0,0,0,1,1.89,0,1,17.0,131.28770446777344,0,1,0,0,0,1308.json,Buggy
7,0.023589013144373894,0.025584111000904228,1,1,2,2,2.56,1,1,56.0,109.91966247558594,0,1,1,0,0,6930.json,Buggy
11,1.5272508608177304E-4,1.1724775344493809E-5,2,2,4,3,2.67,1,3,97.0,98.75955200195312,0,4,0,0,0,7073.json,Buggy
3,0.06112801283597946,0.14537645487521966,0,0,0,1,1.89,0,1,34.0,126.78704833984375,0,1,0,0,0,7429.json,Buggy
6,0.005010790191590786,0.002249254796940991,0,0,0,1,1.89,0,2,66.0,111.63607025146484,0,1,2,0,0,4357.json,Buggy
22,0.36250144243240356,0.06629461743536086,3,4,7,7,5.04,4,7,98.0,86.930419921875,1,0,1,0,0,5799.json,Buggy
9,1.901731448015198E-4,1.2452874340733975E-4,1,1,2,2,2.27,1,4,82.0,103.3017807006836,0,6,0,0,0,7339.json,Buggy
4,0.13486047089099884,0.8276470140149884,0,0,0,1,2.0,0,1,28.0,123.37332153320312,0,2,0,0,0,3611.json,Buggy
14,0.7781105041503906,0.331014247821556,1,1,2,3,2.7,1,4,66.0,97.31181335449219,0,1,1,0,0,1392.json,Buggy
33,0.03148854896426201,1.7678176753504366E-5,4,6,10,9,5.13,4,11,155.0,77.06181335449219,0,1,3,0,0,2743.json,Buggy
4,6.064453045837581E-4,0.017129292033124122,0,0,0,1,3.32,0,2,48.0,119.9625473022461,0,2,0,0,0,7159.json,Buggy
7,2.023031556745991E-4,8.431576814349584E-5,0,0,0,1,3.33,1,4,84.0,107.66314697265625,0,2,2,0,0,8079.json,Buggy
65,0.03448166325688362,2.9013431612912447E-8,12,9,21,13,4.22,3,17,274.0,61.768653869628906,0,0,12,0,0,1329.json,Buggy
3,0.1553451120853424,0.27187032312409737,0,0,0,1,1.89,0,3,29.0,127.8512954711914,0,1,0,0,0,419.json,Buggy
3,0.7726585268974304,0.9689196790316449,0,0,0,1,1.89,0,1,17.0,131.28770446777344,0,1,0,0,0,5282.json,Buggy
23,0.07645182311534882,0.03326462835746304,4,7,11,8,4.46,4,5,93.0,86.21300506591797,0,1,1,0,0,6497.json,Buggy
17,1.4699184976052493E-4,0.37475787531050714,3,2,5,4,3.72,3,6,110.0,91.0458984375,1,1,3,0,0,3894.json,Buggy
3,0.9476325511932373,0.9724323970863599,0,0,0,1,1.89,0,0,14.0,132.4454345703125,0,0,0,0,0,3631.json,Buggy
16,0.055647313594818115,1.7509697214578728E-4,1,1,2,3,3.87,2,7,99.0,92.7049331665039,0,1,1,0,0,5236.json,Buggy
3,0.6430404782295227,0.7055438006891295,0,0,0,1,1.89,0,1,19.0,130.57513427734375,0,1,0,0,0,5157.json,Buggy
5,0.4555857479572296,0.7629185224600662,3,1,4,2,2.99,1,2,28.0,119.61820220947266,0,1,0,0,0,2317.json,Buggy
9,1.7971139459405094E-4,7.850904307498128E-5,1,1,2,2,2.67,1,4,85.0,103.11493682861328,0,4,0,0,0,7747.json,Buggy
4,0.022119615226984024,0.5316340550223398,0,0,0,1,2.0,0,2,29.0,123.19084167480469,0,1,0,0,0,2884.json,Buggy
5,0.0053664566949009895,0.04748955496712534,0,0,0,1,1.96,0,3,44.0,116.80007934570312,0,3,0,0,0,7236.json,Buggy
24,0.0,4.54033930127028E-6,3,2,5,4,6.31,4,5,172.0,82.72830200195312,1,2,5,0,0,3841.json,Buggy
3,0.7747183442115784,0.9756974498401978,0,0,0,1,1.89,0,1,17.0,131.43582153320312,0,1,0,0,0,5130.json,Buggy
51,0.012930478900671005,1.498618716255808E-7,3,6,9,11,3.17,2,16,220.0,67.58010864257812,0,1,4,0,0,4196.json,Buggy
7,0.23641687631607056,0.717319482868055,1,1,2,2,3.02,1,3,36.0,112.68669891357422,0,1,0,0,0,5146.json,Buggy
33,0.02278679423034191,0.008408420656457197,5,7,12,8,5.49,4,8,137.0,78.35020446777344,0,5,2,0,0,2312.json,Buggy
22,0.2377282679080963,0.05473833833168224,4,4,8,6,5.04,3,6,94.0,87.37711334228516,0,0,2,0,0,5705.json,Buggy
10,0.7803268432617188,0.8342947903930427,0,0,0,1,2.8,1,3,37.0,106.77288055419922,0,0,0,0,0,5746.json,Buggy
5,0.17852260172367096,0.7186775890926175,0,0,0,1,1.96,0,2,33.0,118.90401458740234,0,2,0,0,0,2853.json,Buggy
6,0.9116225838661194,0.9734987679367302,1,1,2,2,2.75,1,1,24.0,117.66641235351562,0,1,0,0,0,3561.json,Buggy
15,0.3137419521808624,0.06380316085254778,6,3,9,4,2.47,1,5,84.0,94.62648010253906,0,1,1,0,0,3565.json,Buggy
12,0.8165448904037476,0.079652671270492,2,2,4,3,2.98,1,4,64.0,99.8458480834961,0,1,2,0,0,6488.json,Buggy
3,0.09632933884859085,0.23467380552234693,0,0,0,1,1.89,0,1,31.0,127.26738739013672,0,1,0,0,0,3468.json,Buggy
3,0.3606114089488983,0.9668393327769326,0,0,0,1,1.89,0,1,20.0,130.18594360351562,0,1,0,0,0,2834.json,Buggy
8,0.9033319354057312,0.9541196113706153,2,2,4,3,3.97,2,2,32.0,111.07978057861328,0,1,0,0,0,1956.json,Buggy
19,0.7974371910095215,0.33221495151624464,3,2,5,3,2.26,2,4,99.0,90.13299560546875,1,0,4,0,0,8149.json,Buggy
7,0.0028665787540376186,0.0011939118289392714,1,1,2,2,2.56,1,2,66.0,108.57231903076172,0,2,0,0,0,7796.json,Buggy
3,0.9890586137771606,0.922172653913545,0,0,0,1,1.64,0,0,15.0,132.25152587890625,1,1,0,0,0,6882.json,Buggy
7,0.036457933485507965,0.006260392262074282,0,0,0,1,3.7,1,7,59.0,109.58380889892578,0,1,1,0,0,421.json,Buggy
3,3.175361198373139E-4,0.012588815813080348,0,0,0,1,1.89,0,2,47.0,124.73247528076172,0,2,0,0,0,7166.json,Buggy
4,0.07863233983516693,0.11882371901070796,0,0,0,1,2.0,0,2,38.0,121.34877014160156,0,1,0,0,0,8349.json,Buggy
11,0.48481476306915283,0.22296279203309252,0,0,0,3,2.89,1,3,56.0,102.26094055175781,1,1,0,0,0,8195.json,Buggy
3,0.0019787766505032778,0.14354966926201282,0,0,0,1,1.89,0,1,34.0,126.7169418334961,0,3,0,0,0,7924.json,Buggy
6,0.836567759513855,0.606763682653916,2,1,3,2,3.27,1,3,35.0,115.17733001708984,0,1,0,0,0,2667.json,Buggy
3,0.7233115434646606,0.9320082703759405,0,0,0,1,1.89,0,1,17.0,131.43582153320312,0,1,0,0,0,942.json,Buggy
3,0.6614276766777039,0.6966512130451964,0,0,0,1,1.89,0,1,22.0,129.37762451171875,0,1,0,0,0,2221.json,Buggy
6,0.3616398274898529,0.0818424398152402,1,1,2,2,2.75,1,0,43.0,113.79048919677734,0,1,0,0,0,6917.json,Buggy
6,0.17962732911109924,0.023934706269224112,0,0,0,1,1.89,0,3,56.0,112.39662170410156,0,1,2,0,0,3540.json,Buggy
4,0.25444430112838745,0.43086810417255045,0,0,0,1,2.0,0,2,29.0,123.02798461914062,0,1,0,0,0,7573.json,Buggy
4,0.0015651118010282516,0.017342417071869433,0,0,0,1,2.0,0,2,47.0,120.01993560791016,0,1,0,0,0,7954.json,Buggy
17,0.8312878012657166,0.9218148624933358,2,2,4,4,4.6,3,1,59.0,94.8139877319336,0,0,1,0,0,713.json,Buggy
7,0.546981155872345,0.9305035301673524,1,1,2,2,3.02,1,2,30.0,114.00881958007812,0,1,0,0,0,4606.json,Buggy
49,0.01565290428698063,2.035741543679723E-7,7,12,19,13,5.39,5,7,205.0,68.04703521728516,0,1,7,0,0,1708.json,Buggy
8,0.4016789495944977,0.7523609597986238,2,1,3,2,3.12,1,4,37.0,110.38101959228516,0,1,0,0,0,2319.json,Buggy
3,0.7480138540267944,0.9525742540993366,0,0,0,1,1.89,0,1,17.0,131.43582153320312,0,1,0,0,0,5087.json,Buggy
13,0.5625735521316528,0.9662237616954571,0,0,0,1,6.18,2,3,49.0,101.28509521484375,0,1,0,0,0,5159.json,Buggy
7,0.028329169377684593,0.13666620833132032,0,0,0,1,1.81,0,5,48.0,111.06819915771484,0,3,0,0,0,1767.json,Buggy
24,0.336042195558548,0.001226512175220994,4,2,6,4,2.49,1,10,125.0,84.72642517089844,0,1,1,0,0,4116.json,Buggy
7,0.023589013144373894,0.025584111000904228,1,1,2,2,2.56,1,1,56.0,109.91966247558594,0,1,1,0,0,6928.json,Buggy
23,0.07645182311534882,0.03326462835746304,4,7,11,8,4.46,4,5,93.0,86.21300506591797,0,1,1,0,0,1959.json,Buggy
17,0.41663679480552673,0.005582613772064867,3,3,6,4,5.45,4,7,92.0,92.04791259765625,0,1,1,0,0,4993.json,Buggy
3,0.9476325511932373,0.9724323970863599,0,0,0,1,1.89,0,0,14.0,132.4454345703125,0,0,0,0,0,2847.json,Buggy
23,8.186521590687335E-4,1.9540719410681866E-8,3,3,6,5,4.67,3,3,160.0,83.53997039794922,0,1,5,0,0,3715.json,Buggy
2,0.9836314916610718,0.9782335119860887,0,0,0,1,0.0,0,0,14.0,139.1788330078125,0,1,0,0,0,1875.json,Buggy
4,0.5967283248901367,0.5168787311955677,0,0,0,1,2.0,0,1,28.0,123.37332153320312,0,1,1,0,0,5143.json,Buggy
3,0.321124792098999,0.3012687193385753,0,0,0,1,1.89,0,1,30.0,127.51214599609375,0,1,0,0,0,1518.json,Buggy
12,0.32109278440475464,0.5283365767286188,3,2,5,3,3.45,2,6,53.0,101.24423217773438,0,2,0,0,0,4911.json,Buggy
12,0.32109278440475464,0.5283365767286188,3,2,5,3,3.45,2,6,53.0,101.24423217773438,0,2,0,0,0,4752.json,Buggy
17,0.41663679480552673,0.005582613772064867,3,3,6,4,5.45,4,7,92.0,92.04791259765625,0,1,1,0,0,4967.json,Buggy
3,0.7480138540267944,0.9525742540993366,0,0,0,1,1.89,0,1,17.0,131.43582153320312,0,1,0,0,0,3138.json,Buggy
11,0.021790169179439545,0.002808513934130037,1,2,3,3,2.41,2,4,74.0,100.46222686767578,0,1,1,0,0,6961.json,Buggy
4,0.0,0.0034725531013235548,0,0,0,1,3.32,0,1,56.0,119.01112365722656,0,5,0,0,0,3840.json,Buggy
7,0.0,5.46248604987104E-4,0,0,0,1,3.52,0,2,74.0,108.40586853027344,0,4,0,0,0,7195.json,Buggy
11,0.18416371941566467,0.1594401337093199,3,2,5,4,3.92,2,4,59.0,101.86613464355469,0,1,1,0,0,5822.json,Buggy
14,0.6641469597816467,0.47202363681645476,0,0,0,2,3.89,2,5,56.0,98.53421783447266,0,0,0,0,0,5818.json,Buggy
6,0.2923327386379242,0.9121859045925615,1,1,2,2,3.27,1,3,30.0,116.30582427978516,0,0,0,0,0,5971.json,Buggy
7,0.0015722350217401981,0.0022814408606782665,0,0,0,1,1.8,0,4,66.0,108.91719055175781,0,5,1,0,0,8000.json,Buggy
12,0.08070800453424454,0.004293031973104966,1,1,2,3,4.36,2,8,76.0,98.95223236083984,0,1,1,0,0,7754.json,Buggy
3,0.9895194172859192,0.9341381381385357,0,0,0,1,2.0,0,0,15.0,132.25152587890625,1,1,0,0,0,6889.json,Buggy
9,0.5161546468734741,0.7294677934710136,0,0,0,2,2.95,1,4,40.0,108.15154266357422,0,1,0,0,0,6187.json,Buggy
10,0.4090479612350464,0.12738557828058644,1,1,2,2,2.8,1,5,56.0,104.14152526855469,0,1,0,0,0,2755.json,Buggy
3,0.3606114089488983,0.9668393327769326,0,0,0,1,1.89,0,1,20.0,130.18594360351562,0,1,0,0,0,3621.json,Buggy
5,0.6294983625411987,0.7758841717368558,2,1,3,2,2.99,1,2,28.0,119.71456909179688,0,1,0,0,0,1607.json,Buggy
9,6.622106884606183E-4,1.7768899383620266E-5,1,1,2,2,3.77,2,2,93.0,102.61357116699219,0,1,0,0,0,6007.json,Buggy
6,0.13197463750839233,0.002014695348012802,1,1,2,2,1.89,0,2,64.0,111.38548278808594,0,1,2,0,0,4547.json,Buggy
3,0.025772536173462868,0.35583755860243693,0,0,0,1,1.89,0,1,28.0,127.87090301513672,0,1,0,0,0,1130.json,Buggy
7,0.0,0.001066172179791166,0,0,0,1,5.17,0,2,72.0,108.63851165771484,0,3,0,0,0,8068.json,Buggy
3,0.9905620813369751,0.9187447626002054,0,0,0,1,2.0,0,0,15.0,132.25152587890625,1,1,0,0,0,6883.json,Buggy
10,0.18747517466545105,0.004151542089930589,1,1,2,2,2.53,1,6,84.0,101.7386245727539,0,2,3,0,0,6044.json,Buggy
4,0.5984686017036438,0.8828056590126526,0,0,0,1,2.0,0,2,23.0,124.7987289428711,0,1,0,0,0,1199.json,Buggy
3,0.025772536173462868,0.35583755860243693,0,0,0,1,1.89,0,1,28.0,127.87090301513672,0,1,0,0,0,1158.json,Buggy
3,0.004638723563402891,0.10804175060221269,0,0,0,1,1.89,0,1,35.0,126.49983978271484,0,1,0,0,0,1473.json,Buggy
61,0.0620308518409729,1.2277433161874378E-12,12,8,20,14,5.02,4,12,297.0,61.944007873535156,0,0,17,0,0,2557.json,Buggy
17,0.8312878012657166,0.9218148624933358,2,2,4,4,4.6,3,1,59.0,94.8139877319336,0,0,1,0,0,6788.json,Buggy
17,0.8312878012657166,0.9218148624933358,2,2,4,4,4.6,3,1,59.0,94.8139877319336,0,0,1,0,0,755.json,Buggy
40,0.05859558284282684,0.005857192421995262,1,3,4,5,6.32,3,10,153.0,74.85604095458984,0,1,1,0,0,7383.json,Buggy
12,0.08050743490457535,0.05798151995999575,1,1,2,3,4.36,2,5,66.0,99.8090591430664,0,1,1,0,0,2511.json,Buggy
6,0.032519496977329254,0.04369385638499403,0,0,0,1,1.89,0,3,51.0,113.25019073486328,0,1,1,0,0,2413.json,Buggy
8,0.3309009373188019,0.2046244329384549,2,1,3,2,2.83,1,5,49.0,108.5677719116211,0,0,2,0,0,4287.json,Buggy
3,0.010316465981304646,0.45809638023726434,0,0,0,1,1.89,0,0,28.0,128.0337677001953,0,0,0,0,0,3893.json,Buggy
4,0.5659696459770203,0.6061830837218982,0,0,0,1,2.0,0,2,25.0,124.05243682861328,0,1,0,0,0,5970.json,Buggy
3,0.43133455514907837,0.30000794066451925,0,0,0,1,1.89,0,1,30.0,127.51214599609375,0,1,0,0,0,3123.json,Buggy
49,0.04057112708687782,2.2664059900555447E-7,11,10,21,12,5.6,4,11,225.0,67.63638305664062,0,0,10,0,0,2901.json,Buggy
17,0.8704437017440796,0.7759672947257127,2,2,4,4,2.58,1,4,67.0,93.9484634399414,0,1,1,0,0,5569.json,Buggy
3,0.9428473711013794,0.9674067642655836,0,0,0,1,1.89,0,1,14.0,132.61029052734375,0,1,0,0,0,2162.json,Buggy
7,0.026628566905856133,0.13949614835830887,0,0,0,1,1.81,0,5,48.0,111.06819915771484,0,3,0,0,0,3971.json,Buggy
16,0.290621817111969,0.015889113030017825,6,3,9,4,2.54,1,6,92.0,92.99302673339844,0,1,1,0,0,1598.json,Buggy
31,0.5991764068603516,1.709135642377827E-4,11,8,19,8,3.93,3,8,159.0,78.09526824951172,0,1,7,0,0,792.json,Buggy
20,0.04922674596309662,9.298779397307306E-5,5,5,10,5,4.25,3,8,113.0,87.79231262207031,0,3,2,0,0,6232.json,Buggy
14,0.46022340655326843,0.0070848581595323945,2,2,4,3,3.89,3,5,82.0,96.09947204589844,0,1,1,0,0,8288.json,Buggy
62,0.012461651116609573,5.239250216807682E-8,10,15,25,14,5.68,5,13,259.0,62.61455535888672,0,0,11,0,0,697.json,Buggy
14,0.46022340655326843,0.0070848581595323945,2,2,4,3,3.89,3,5,82.0,96.09947204589844,0,1,1,0,0,5105.json,Buggy
81,0.0,1.0280657868624734E-14,15,17,32,19,5.65,6,15,364.0,55.0608024597168,0,0,14,0,0,1869.json,Buggy
8,0.9033319354057312,0.9541196113706153,2,2,4,3,3.97,2,2,32.0,111.07978057861328,0,1,0,0,0,3535.json,Buggy
16,0.00218200427480042,1.914908060620126E-8,1,1,2,2,3.32,2,7,153.0,90.57886505126953,0,4,3,0,0,7381.json,Buggy
16,0.290621817111969,0.015889113030017825,6,3,9,4,2.54,1,6,92.0,92.99302673339844,0,1,1,0,0,1593.json,Buggy
7,0.04499700292944908,0.02665968765975045,1,1,2,2,3.02,1,2,53.0,110.09941101074219,0,2,0,0,0,3838.json,Buggy
23,0.049182455986738205,1.9803446011726244E-4,0,0,0,4,3.09,2,7,124.0,85.362548828125,0,1,3,0,0,3990.json,Buggy
24,0.3714277148246765,0.0011077662737097203,4,2,6,4,2.49,1,10,125.0,84.69379425048828,0,1,1,0,0,1809.json,Buggy
6,0.9508412480354309,0.7914760183486771,1,1,2,2,2.75,1,0,33.0,116.01045227050781,0,0,0,0,0,8172.json,Buggy
3,0.0,0.002372299182826758,0,0,0,1,1.89,0,1,59.0,123.550048828125,0,3,0,0,0,7733.json,Buggy
6,0.0,5.157664958816645E-5,0,0,0,1,1.89,0,4,84.0,110.16038513183594,0,4,0,0,0,7734.json,Buggy
8,0.04465238004922867,0.09869293551171521,1,1,2,2,2.83,1,2,49.0,108.3963394165039,0,1,2,0,0,5794.json,Buggy
8,7.410068064928055E-4,0.0034046505396742133,0,0,0,1,4.87,0,3,68.0,106.77252960205078,0,3,0,0,0,7365.json,Buggy
5,9.565178770571947E-4,0.04351864048685743,0,0,0,1,3.58,0,1,49.0,116.41182708740234,0,3,0,0,0,8225.json,Buggy
14,0.11395131796598434,0.0012694266338017163,1,1,2,3,2.7,1,4,89.0,95.48812103271484,0,1,1,0,0,2564.json,Buggy
24,0.04253070056438446,1.050529061361199E-4,3,5,8,6,3.71,2,5,134.0,83.87225341796875,0,1,4,0,0,929.json,Buggy
46,0.10019999742507935,9.758636480714612E-8,14,9,23,11,4.37,3,11,234.0,68.6859359741211,0,0,12,0,0,4892.json,Buggy
4,0.011199353262782097,0.04614597611431324,0,0,0,1,2.0,0,1,42.0,120.71138763427734,0,1,0,0,0,8432.json,Buggy
3,0.7565452456474304,0.26790115331747194,0,0,0,1,2.0,0,0,29.0,127.47770690917969,1,3,0,0,0,7927.json,Buggy
19,0.6478703618049622,0.19386430758268539,5,5,10,6,3.98,3,6,94.0,89.83570098876953,1,1,1,0,0,3649.json,Buggy
3,0.9280638098716736,0.48843979911507357,0,0,0,1,1.89,0,0,24.0,128.7513427734375,0,1,0,0,0,6491.json,Buggy
9,6.622106884606183E-4,1.7768899383620266E-5,1,1,2,2,3.77,2,2,93.0,102.61357116699219,0,1,0,0,0,6004.json,Buggy
11,2.3643257736694068E-4,2.5668881442873515E-4,1,1,2,2,2.67,1,4,84.0,99.9603042602539,0,6,0,0,0,7401.json,Buggy
11,0.003470234340056777,0.004028594772734067,1,1,2,2,6.26,1,4,77.0,100.73722839355469,0,1,0,0,0,4814.json,Buggy
41,0.004240923561155796,8.817319003124105E-6,3,7,10,11,3.01,2,15,174.0,72.56700134277344,0,1,2,0,0,3259.json,Buggy
8,4.0773756336420774E-4,2.5228793361417205E-4,0,0,0,1,2.83,0,4,81.0,105.68904876708984,0,4,0,0,0,7218.json,Buggy
6,0.10264728963375092,0.14690535520088194,1,1,2,2,2.75,1,0,46.0,113.83045196533203,0,1,0,0,0,6549.json,Buggy
5,0.009132150560617447,0.021917241238690523,0,0,0,1,1.96,0,2,49.0,116.24040222167969,0,1,1,0,0,2848.json,Buggy
3,0.9909119606018066,0.9152476350731489,0,0,0,1,1.64,0,0,15.0,132.25152587890625,1,1,0,0,0,6879.json,Buggy
3,3.175361198373139E-4,0.012588815813080348,0,0,0,1,1.89,0,2,47.0,124.73247528076172,0,2,0,0,0,7844.json,Buggy
3,4.4425256783142686E-4,0.0719930665707319,0,0,0,1,1.89,0,1,39.0,125.8741455078125,0,2,0,0,0,7098.json,Buggy
7,0.21205362677574158,0.455768263432753,1,1,2,2,2.56,1,1,38.0,112.25244903564453,0,1,1,0,0,6888.json,Buggy
49,0.01565290428698063,2.035741543679723E-7,7,12,19,13,5.39,5,7,205.0,68.04703521728516,0,1,7,0,0,2814.json,Buggy
12,0.8170722126960754,0.6689707117253917,2,2,4,3,2.89,1,2,50.0,101.60429382324219,0,1,0,0,0,949.json,Buggy
21,0.7002503275871277,0.16076055712228837,5,3,8,5,3.52,2,3,100.0,88.16680908203125,0,0,4,0,0,593.json,Buggy
14,0.315786749124527,0.013152576554560681,1,1,2,3,2.7,1,4,76.0,96.4167251586914,0,1,1,0,0,4436.json,Buggy
10,0.0014154588570818305,0.003855786541717055,1,1,2,2,6.05,1,2,75.0,102.41810607910156,0,1,0,0,0,3896.json,Buggy
10,0.011547800153493881,1.758500554116883E-4,0,0,0,1,3.6,2,6,87.0,101.41920471191406,0,1,1,0,0,7976.json,Buggy
21,0.7002503275871277,0.16076055712228837,5,3,8,5,3.52,2,3,100.0,88.16680908203125,0,0,4,0,0,601.json,Buggy
3,0.06894125044345856,0.3048707834468638,0,0,0,1,1.89,0,1,28.0,127.87090301513672,0,1,0,0,0,4499.json,Buggy
5,0.17852260172367096,0.7186775890926175,0,0,0,1,1.96,0,2,33.0,118.90401458740234,0,2,0,0,0,1496.json,Buggy
13,2.0459917141124606E-4,2.8963011315798498E-5,1,1,2,2,2.79,1,4,97.0,96.28327941894531,0,6,0,0,0,7782.json,Buggy
5,0.0017592995427548885,0.0034123455338683816,0,0,0,1,1.96,0,3,58.0,115.2137222290039,0,2,0,0,0,7788.json,Buggy
5,6.942081381566823E-4,0.006370245834992501,0,0,0,1,1.96,0,3,56.0,115.54603576660156,0,2,0,0,0,7288.json,Buggy
4,0.35297298431396484,0.4219847080527987,0,0,0,1,2.0,0,2,31.0,122.76004028320312,0,1,0,0,0,7664.json,Buggy
4,0.5802603960037231,0.6509943477674365,0,0,0,1,2.0,0,3,23.0,124.7987289428711,0,0,0,0,0,5790.json,Buggy
7,0.8500450849533081,0.5236616349066929,1,1,2,2,3.02,1,2,40.0,111.78627014160156,0,1,0,0,0,952.json,Buggy
6,0.9116225838661194,0.9734987679367302,1,1,2,2,2.75,1,1,24.0,117.66641235351562,0,1,0,0,0,1594.json,Buggy
85,0.0,1.5814760219662958E-17,2,6,8,14,6.6,5,29,390.0,55.24171447753906,0,4,3,0,0,7483.json,Buggy
3,0.06894125044345856,0.3048707834468638,0,0,0,1,1.89,0,1,28.0,127.87090301513672,0,1,0,0,0,5006.json,Buggy
13,0.8120587468147278,0.9327085453393116,3,3,6,4,2.6,1,4,61.0,98.87994384765625,0,2,2,0,0,5763.json,Buggy
3,0.012749376706779003,0.19664570845362617,0,0,0,1,1.89,0,1,33.0,126.87217712402344,0,1,0,0,0,5291.json,Buggy
24,0.04253070056438446,1.050529061361199E-4,3,5,8,6,3.71,2,5,134.0,83.87225341796875,0,1,4,0,0,919.json,Buggy
29,0.5211208462715149,1.9612925677249738E-4,6,4,10,6,3.63,2,15,142.0,80.27429962158203,0,1,3,0,0,3606.json,Buggy
6,0.3616398274898529,0.0818424398152402,1,1,2,2,2.75,1,0,43.0,113.79048919677734,0,1,0,0,0,6922.json,Buggy
10,0.1704615354537964,0.0019458439171488244,1,1,2,2,2.53,1,2,81.0,101.88516235351562,0,1,2,0,0,4788.json,Buggy
32,0.05469493195414543,9.805207863941621E-7,8,5,13,7,3.57,2,11,169.0,77.37702178955078,0,1,3,0,0,4632.json,Buggy
5,0.0,1.196039766147876E-5,0,0,0,1,1.96,0,1,88.0,112.83248138427734,0,2,2,0,0,7380.json,Buggy
22,0.11362610012292862,0.0014233632931017416,1,1,2,3,5.19,2,8,108.0,86.97198486328125,0,1,1,0,0,8198.json,Buggy
3,9.100641473196447E-4,0.3749327795756053,0,0,0,1,1.89,0,1,27.0,128.22288513183594,0,1,0,0,0,780.json,Buggy
39,0.0016781538724899292,7.050451961080866E-7,10,11,21,11,4.68,4,11,175.0,73.115966796875,0,1,2,0,0,2124.json,Buggy
12,0.08070800453424454,0.004293031973104966,1,1,2,3,4.36,2,8,76.0,98.95223236083984,0,1,1,0,0,7753.json,Buggy
35,0.6560288667678833,0.007400695676985166,4,4,8,5,3.04,2,10,143.0,77.44761657714844,0,1,1,0,0,1810.json,Buggy
3,0.321124792098999,0.3012687193385753,0,0,0,1,1.89,0,1,30.0,127.51214599609375,0,1,0,0,0,3518.json,Buggy
5,0.006634200923144817,0.03189246900582873,0,0,0,1,1.96,0,2,49.0,116.35194396972656,0,1,1,0,0,1189.json,Buggy
14,0.10658425092697144,0.0012544278554720793,1,1,2,3,2.7,1,4,89.0,95.48812103271484,0,1,1,0,0,4713.json,Buggy
9,0.8144280910491943,0.15792691365991215,1,1,2,2,2.27,1,2,51.0,106.51463317871094,0,0,2,0,0,7077.json,Buggy
6,0.9829133749008179,0.960311126385,1,1,2,2,2.99,1,2,28.0,116.66458892822266,0,1,0,0,0,4635.json,Buggy
7,0.029821712523698807,4.6686666444989227E-4,0,0,0,1,2.56,0,4,75.0,108.033447265625,0,1,1,0,0,7278.json,Buggy
5,0.6483769416809082,0.683425136679467,1,1,2,2,2.99,1,1,27.0,119.80731201171875,0,1,0,0,0,6510.json,Buggy
3,0.0,0.03652841220123225,0,0,0,1,1.89,0,2,43.0,125.42940521240234,0,2,0,0,0,7947.json,Buggy
17,0.8704437017440796,0.7759672947257127,2,2,4,4,2.58,1,4,67.0,93.9484634399414,0,1,1,0,0,2444.json,Buggy
7,0.026628566905856133,0.13949614835830887,0,0,0,1,1.81,0,5,48.0,111.06819915771484,0,3,0,0,0,3816.json,Buggy
79,0.0,2.7239173512012377E-9,12,17,29,20,5.83,6,16,314.0,56.34398651123047,0,0,11,0,0,4054.json,Buggy
3,0.07150805741548538,0.2705848768722828,0,0,0,1,1.89,0,1,31.0,127.26738739013672,0,1,0,0,0,5422.json,Buggy
7,0.7362373471260071,0.4646881328735251,2,2,4,3,2.56,1,3,39.0,111.68791961669922,0,1,1,0,0,2480.json,Buggy
24,0.336042195558548,0.001226512175220994,4,2,6,4,2.49,1,10,125.0,84.72642517089844,0,1,1,0,0,4135.json,Buggy
7,0.13171972334384918,0.15785312591396963,1,1,2,2,2.56,1,1,47.0,111.07701873779297,0,1,1,0,0,6933.json,Buggy
8,0.7679986953735352,0.9923125619165724,0,0,0,1,3.97,1,2,30.0,112.07561492919922,0,0,0,0,0,5163.json,Buggy
3,0.6665487289428711,0.4518899172391028,0,0,0,1,1.89,0,1,26.0,128.3351287841797,0,1,0,0,0,2571.json,Buggy
5,2.510004269424826E-4,0.008610090840074233,0,0,0,1,2.99,0,2,54.0,115.63316345214844,0,2,0,0,0,8065.json,Buggy
4,0.12938743829727173,0.4186213624663968,0,0,0,1,2.0,0,2,28.0,123.21045684814453,0,1,0,0,0,7943.json,Buggy
12,0.8216583132743835,0.9800101828023362,0,0,0,1,5.28,2,3,43.0,103.03780364990234,0,1,0,0,0,3426.json,Buggy
4,0.023841746151447296,0.33148974328573694,0,0,0,1,2.0,0,1,30.0,122.85169219970703,0,1,0,0,0,7082.json,Buggy
17,0.41663679480552673,0.005582613772064867,3,3,6,4,5.45,4,7,92.0,92.04791259765625,0,1,1,0,0,5049.json,Buggy
14,0.19430230557918549,0.05069935613059093,3,2,5,3,3.16,2,3,77.0,96.64826202392578,0,0,4,0,0,930.json,Buggy
15,0.0010916090104728937,2.356707384412068E-8,3,4,7,5,3.2,2,4,134.0,91.3866958618164,0,3,1,0,0,7804.json,Buggy
8,7.410068064928055E-4,0.0034046505396742133,0,0,0,1,4.87,0,3,68.0,106.77252960205078,0,3,0,0,0,7364.json,Buggy
13,0.4555104374885559,0.7398637729225124,0,0,0,3,2.65,1,5,56.0,99.97763061523438,0,1,0,0,0,2445.json,Buggy
62,2.893962082453072E-4,6.110272099607213E-11,13,13,26,16,5.59,5,13,298.0,61.48005294799805,0,1,8,0,0,907.json,Buggy
8,0.9001198410987854,0.8329274109628662,1,1,2,2,2.83,1,1,36.0,110.44464111328125,0,0,1,0,0,4111.json,Buggy
7,0.028329169377684593,0.13666620833132032,0,0,0,1,1.81,0,5,48.0,111.06819915771484,0,3,0,0,0,2658.json,Buggy
3,0.321124792098999,0.3012687193385753,0,0,0,1,1.89,0,1,30.0,127.51214599609375,0,1,0,0,0,5193.json,Buggy
35,0.6560288667678833,0.007400695676985166,4,4,8,5,3.04,2,10,143.0,77.44761657714844,0,1,1,0,0,1820.json,Buggy
7,0.546981155872345,0.9305035301673524,1,1,2,2,3.02,1,2,30.0,114.00881958007812,0,1,0,0,0,2147.json,Buggy
13,0.40329328179359436,0.19978557904228933,1,1,2,3,2.46,1,3,65.0,98.6359634399414,0,1,1,0,0,5474.json,Buggy
12,0.08070800453424454,0.004293031973104966,1,1,2,3,4.36,2,8,76.0,98.95223236083984,0,1,1,0,0,7079.json,Buggy
3,0.7480138540267944,0.9525742540993366,0,0,0,1,1.89,0,1,17.0,131.43582153320312,0,1,0,0,0,5452.json,Buggy
17,0.8312878012657166,0.9218148624933358,2,2,4,4,4.6,3,1,59.0,94.8139877319336,0,0,1,0,0,1016.json,Buggy
9,0.8745360970497131,0.9541825896004131,0,0,0,2,2.95,1,3,37.0,108.47293090820312,0,1,0,0,0,2438.json,Buggy
14,0.5482853651046753,0.006065397818468478,1,1,2,3,2.7,1,4,84.0,95.82347869873047,0,1,1,0,0,3770.json,Buggy
3,0.6430404782295227,0.7055438006891295,0,0,0,1,1.89,0,1,19.0,130.57513427734375,0,1,0,0,0,3437.json,Buggy
12,0.8170722126960754,0.6689707117253917,2,2,4,3,2.89,1,2,50.0,101.60429382324219,0,1,0,0,0,941.json,Buggy
4,0.507369339466095,0.3476118011045258,0,0,0,1,1.96,0,1,34.0,122.27970123291016,1,1,0,0,0,7660.json,Buggy
21,0.6361634135246277,0.4275656555691254,5,4,9,6,3.59,2,3,84.0,88.9871597290039,0,0,1,0,0,1542.json,Buggy
103,0.0,1.1085141719825759E-15,14,16,30,22,5.27,4,26,438.0,49.51593017578125,0,0,16,0,0,2622.json,Buggy
3,0.012749376706779003,0.19664570845362617,0,0,0,1,1.89,0,1,33.0,126.87217712402344,0,1,0,0,0,5358.json,Buggy
3,0.9122247695922852,0.5310307116200784,0,0,0,1,1.89,0,0,23.0,129.05665588378906,0,1,0,0,0,6098.json,Buggy
6,0.3616398274898529,0.0818424398152402,1,1,2,2,2.75,1,0,43.0,113.79048919677734,0,1,0,0,0,6916.json,Buggy
21,0.6361634135246277,0.4275656555691254,5,4,9,6,3.59,2,3,84.0,88.9871597290039,0,0,1,0,0,1546.json,Buggy
6,0.0,7.374184922003126E-4,0,0,0,1,3.59,0,2,71.0,111.20848083496094,0,3,0,0,0,7874.json,Buggy
17,0.41663679480552673,0.005582613772064867,3,3,6,4,5.45,4,7,92.0,92.04791259765625,0,1,1,0,0,5188.json,Buggy
5,0.002917840611189604,0.004787892255238923,0,0,0,1,1.96,0,3,58.0,115.31147003173828,0,2,0,0,0,7792.json,Buggy
3,0.006327953655272722,0.4390124856118302,0,0,0,1,1.89,0,1,26.0,128.41912841796875,0,1,0,0,0,779.json,Buggy
4,0.17228518426418304,0.07056283056137702,0,0,0,1,2.99,0,0,42.0,120.71138763427734,1,3,0,0,0,7123.json,Buggy
3,0.0040418957360088825,0.01782658350054748,0,0,0,1,1.89,0,2,44.0,125.02336120605469,0,1,0,0,0,7133.json,Buggy
3,0.006327953655272722,0.4400731074855941,0,0,0,1,1.89,0,1,26.0,128.41912841796875,0,1,0,0,0,938.json,Buggy
7,0.023589013144373894,0.025584111000904228,1,1,2,2,2.56,1,1,56.0,109.91966247558594,0,1,1,0,0,6927.json,Buggy
3,1.1346564861014485E-4,0.006350236188654083,0,0,0,1,1.89,0,3,49.0,124.4137954711914,0,2,0,0,0,8372.json,Buggy
5,0.0053664566949009895,0.04748955496712534,0,0,0,1,1.96,0,3,44.0,116.80007934570312,0,3,0,0,0,7918.json,Buggy
4,0.25444430112838745,0.43086810417255045,0,0,0,1,2.0,0,2,29.0,123.02798461914062,0,1,0,0,0,7576.json,Buggy
20,0.0,0.08709587836079116,5,4,9,5,3.87,3,7,120.0,87.53726196289062,1,1,3,0,0,2223.json,Buggy
5,0.0026679225265979767,0.004911922443459715,0,0,0,1,1.96,0,3,58.0,115.31147003173828,0,2,0,0,0,7115.json,Buggy
3,0.9317920804023743,0.9920811346693313,0,0,0,1,1.89,0,0,14.0,132.79563903808594,0,1,0,0,0,208.json,Buggy
7,0.9121437668800354,0.8924699906004305,2,1,3,2,2.86,1,3,35.0,112.68008422851562,0,1,0,0,0,4633.json,Buggy
4,0.2781190574169159,0.8188331561235073,0,0,0,1,2.0,0,2,26.0,124.04872131347656,0,1,0,0,0,5935.json,Buggy
12,0.7767711281776428,0.9754104816562232,3,3,6,4,2.58,1,2,44.0,102.29837036132812,0,0,0,0,0,4418.json,Buggy
4,0.0015651118010282516,0.017342417071869433,0,0,0,1,2.0,0,2,47.0,120.01993560791016,0,1,0,0,0,7953.json,Buggy
62,2.893962082453072E-4,6.110272099607213E-11,13,13,26,16,5.59,5,13,298.0,61.48005294799805,0,1,8,0,0,931.json,Buggy
55,3.670109435915947E-4,5.844514862657677E-9,2,4,6,5,8.24,4,21,262.0,66.8055419921875,0,1,3,0,0,5405.json,Buggy
5,0.4555857479572296,0.7629185224600662,3,1,4,2,2.99,1,2,28.0,119.61820220947266,0,1,0,0,0,2414.json,Buggy
17,0.3225063681602478,0.035787710595736065,2,2,4,3,3.1,2,6,80.0,93.2563247680664,0,1,1,0,0,6529.json,Buggy
19,0.7974371910095215,0.33221495151624464,3,2,5,3,2.26,2,4,99.0,90.13299560546875,1,0,4,0,0,8151.json,Buggy
55,3.670109435915947E-4,5.844514862657677E-9,2,4,6,5,8.24,4,21,262.0,66.8055419921875,0,1,3,0,0,5462.json,Buggy
3,0.4188827872276306,0.8003734320583078,0,0,0,1,1.89,0,1,19.0,130.45266723632812,0,1,0,0,0,6179.json,Buggy
6,0.07370328158140182,0.14144629977918713,1,1,2,2,2.75,1,1,40.0,114.1120834350586,0,1,0,0,0,7113.json,Buggy
23,0.14911581575870514,3.060164874087966E-5,2,3,5,6,2.94,2,5,143.0,84.25633239746094,1,1,2,0,0,4920.json,Buggy
26,0.7827394604682922,0.018711741413371754,8,4,12,7,4.3,3,6,122.0,82.83341979980469,0,0,6,0,0,3800.json,Buggy
7,0.546981155872345,0.9305035301673524,1,1,2,2,3.02,1,2,30.0,114.00881958007812,0,1,0,0,0,4607.json,Buggy
3,0.9476325511932373,0.9724323970863599,0,0,0,1,1.89,0,0,14.0,132.4454345703125,0,0,0,0,0,2844.json,Buggy
44,0.0515398308634758,7.465939300607312E-6,13,10,23,12,5.35,4,7,195.0,70.36907958984375,0,0,10,0,0,2497.json,Buggy
4,0.008552568964660168,0.05106751499173336,0,0,0,1,2.0,0,1,42.0,120.76844787597656,0,1,0,0,0,8434.json,Buggy
17,0.8312878012657166,0.9218148624933358,2,2,4,4,4.6,3,1,59.0,94.8139877319336,0,0,1,0,0,863.json,Buggy
10,0.7666817307472229,0.6279080241838599,1,1,2,2,2.8,1,2,46.0,105.34435272216797,0,1,1,0,0,2512.json,Buggy
4,0.13486047089099884,0.8276470140149884,0,0,0,1,2.0,0,1,28.0,123.37332153320312,0,2,0,0,0,3609.json,Buggy
7,0.08437037467956543,0.22267407624816096,0,0,0,2,3.02,1,2,46.0,111.12248992919922,0,2,0,0,0,6949.json,Buggy
3,0.7377870082855225,0.9534329885533974,0,0,0,1,1.89,0,1,17.0,131.28770446777344,0,1,0,0,0,2802.json,Buggy
17,0.8704437017440796,0.7759672947257127,2,2,4,4,2.58,1,4,67.0,93.9484634399414,0,1,1,0,0,1463.json,Buggy
8,0.7183411717414856,0.9164102899114369,0,0,0,1,3.97,1,3,38.0,110.39348602294922,0,1,0,0,0,5283.json,Buggy
20,0.6310935020446777,0.026686672169796588,4,4,8,5,2.91,2,3,100.0,88.95720672607422,0,0,4,0,0,928.json,Buggy
8,0.004653044044971466,9.323865416893299E-4,0,0,0,1,3.46,1,6,70.0,106.33313751220703,0,1,2,0,0,443.json,Buggy
28,0.0031157287303358316,0.8140839336498887,4,7,11,8,3.58,3,4,113.0,81.97513580322266,1,1,2,0,0,1367.json,Buggy
6,0.0,5.016736773510755E-5,0,0,0,1,1.89,0,4,80.0,110.26341247558594,0,5,0,0,0,7778.json,Buggy
3,0.008356906473636627,0.030915362777758554,0,0,0,1,1.89,0,3,42.0,125.37183380126953,0,1,0,0,0,7885.json,Buggy
16,0.6171371936798096,0.1840070688245583,0,0,0,1,3.53,1,5,80.0,94.56570434570312,0,1,0,0,0,5310.json,Buggy
4,2.519464760553092E-4,0.001149241665560443,0,0,0,1,2.0,0,7,59.0,118.60701751708984,0,1,0,0,0,7154.json,Buggy
14,0.46022340655326843,0.0070848581595323945,2,2,4,3,3.89,3,5,82.0,96.09947204589844,0,1,1,0,0,5158.json,Buggy
4,0.13486047089099884,0.8276470140149884,0,0,0,1,2.0,0,1,28.0,123.37332153320312,0,2,0,0,0,2822.json,Buggy
6,0.7248459458351135,0.43442788871144417,0,0,0,1,1.89,0,4,39.0,114.84461975097656,0,1,2,0,0,3863.json,Buggy
14,0.46022340655326843,0.0070848581595323945,2,2,4,3,3.89,3,5,82.0,96.09947204589844,0,1,1,0,0,1362.json,Buggy
24,0.7452734708786011,0.6246239803303576,2,2,4,4,2.82,2,6,91.0,86.63723754882812,0,0,2,0,0,2072.json,Buggy
9,0.6252821683883667,0.8920741646345395,1,1,2,2,2.67,1,3,37.0,108.55693817138672,0,1,0,0,0,3651.json,Buggy
5,0.0631398931145668,0.06582394355752565,0,0,0,1,1.96,0,2,45.0,116.85465240478516,0,1,1,0,0,1083.json,Buggy
24,0.336042195558548,0.001226512175220994,4,2,6,4,2.49,1,10,125.0,84.72642517089844,0,1,1,0,0,4124.json,Buggy
10,0.10505732893943787,0.004457105263844902,0,0,0,2,2.8,1,4,70.0,102.48821258544922,0,1,1,0,0,1918.json,Buggy
3,0.0,0.00110378486969452,0,0,0,1,1.89,0,2,60.0,123.266845703125,0,4,0,0,0,7262.json,Buggy
3,0.8003692030906677,0.9132176815153754,0,0,0,1,1.89,0,1,17.0,131.28770446777344,0,1,0,0,0,2918.json,Buggy
125,0.0,5.421088742577666E-26,22,33,55,32,6.03,6,18,543.0,42.875450134277344,1,0,21,0,0,4185.json,Buggy
14,0.9302451610565186,0.4410046473532382,1,1,2,3,2.7,1,4,63.0,97.55371856689453,0,0,1,0,0,4234.json,Buggy
24,0.04253070056438446,1.050529061361199E-4,3,5,8,6,3.71,2,5,134.0,83.87225341796875,0,1,4,0,0,608.json,Buggy
3,0.0,0.0021489058849479747,0,0,0,1,1.89,0,3,54.0,123.8147201538086,0,2,0,0,0,8363.json,Buggy
12,0.08070800453424454,0.004293031973104966,1,1,2,3,4.36,2,8,76.0,98.95223236083984,0,1,1,0,0,7080.json,Buggy
11,2.3643257736694068E-4,2.5668881442873515E-4,1,1,2,2,2.67,1,4,84.0,99.9603042602539,0,6,0,0,0,8102.json,Buggy
3,0.06894125044345856,0.3048707834468638,0,0,0,1,1.89,0,1,28.0,127.87090301513672,0,1,0,0,0,5025.json,Buggy
4,0.5984686017036438,0.8828056590126526,0,0,0,1,2.0,0,2,23.0,124.7987289428711,0,1,0,0,0,1122.json,Buggy
3,0.0,0.03853188392940582,0,0,0,1,1.89,0,5,42.0,125.61813354492188,0,1,0,0,0,8250.json,Buggy
3,0.9538560509681702,0.9742395479082524,0,0,0,1,1.89,0,1,15.0,132.25152587890625,0,1,0,0,0,2250.json,Buggy
22,0.04842521622776985,3.9587205445142315E-4,7,6,13,6,3.6,2,8,111.0,86.16863250732422,0,2,1,0,0,4179.json,Buggy
35,0.6560288667678833,0.007400695676985166,4,4,8,5,3.04,2,10,143.0,77.44761657714844,0,1,1,0,0,1830.json,Buggy
14,0.46022340655326843,0.0070848581595323945,2,2,4,3,3.89,3,5,82.0,96.09947204589844,0,1,1,0,0,5127.json,Buggy
3,0.7480138540267944,0.9525742540993366,0,0,0,1,1.89,0,1,17.0,131.43582153320312,0,1,0,0,0,5208.json,Buggy
11,0.0032592229545116425,6.774875521373653E-5,2,2,4,3,2.67,1,2,92.0,99.18892669677734,0,4,0,0,0,7193.json,Buggy
3,0.1385243535041809,0.21373754059625713,0,0,0,1,1.89,0,1,31.0,127.26738739013672,0,1,0,0,0,4837.json,Buggy
9,0.5401846766471863,0.8251622298108279,3,2,5,3,3.77,2,2,40.0,107.68443298339844,0,1,0,0,0,1611.json,Buggy
24,0.7452734708786011,0.6246239803303576,2,2,4,4,2.82,2,6,91.0,86.63723754882812,0,0,2,0,0,4339.json,Buggy
3,0.5963278412818909,0.15295802480261692,0,0,0,1,2.0,0,0,35.0,126.56620788574219,1,2,0,0,0,7054.json,Buggy
4,0.07863233983516693,0.11882371901070796,0,0,0,1,2.0,0,2,38.0,121.34877014160156,0,1,0,0,0,7663.json,Buggy
5,0.7693883776664734,0.9559854298963631,0,0,0,1,1.96,0,2,21.0,121.77933502197266,0,0,0,0,0,1151.json,Buggy
11,0.11411873996257782,0.03700583678914616,3,2,5,3,3.53,2,5,62.0,101.58795166015625,0,2,0,0,0,6482.json,Buggy
8,4.0773756336420774E-4,2.5228793361417205E-4,0,0,0,1,2.83,0,4,81.0,105.68904876708984,0,4,0,0,0,7899.json,Buggy
13,0.12816859781742096,0.031806346957692896,5,3,8,4,3.29,2,4,74.0,97.73163604736328,0,2,1,0,0,6172.json,Buggy
9,0.8617342710494995,0.4280794364093138,1,1,2,2,2.99,1,3,46.0,107.05119323730469,1,1,0,0,0,996.json,Buggy
3,0.0,0.011090511234546687,0,0,0,1,1.89,0,2,48.0,124.62299346923828,0,2,0,0,0,7256.json,Buggy
3,0.002913885749876499,0.6161138251870473,0,0,0,1,1.89,0,1,25.0,128.8092498779297,0,1,0,0,0,2265.json,Buggy
20,0.6310935020446777,0.026686672169796588,4,4,8,5,2.91,2,3,100.0,88.95720672607422,0,0,4,0,0,880.json,Buggy
