SLOCStandard,Readability,McCabe,totalFanOut,MaintainabilityIndex,file,Decision
3,0.9235057830810547,1,0,133.59722900390625,2810.json,NotBuggy
17,0.01930048316717148,3,5,90.10555267333984,5277.json,Buggy
5,0.7601523995399475,2,1,120.6200180053711,922.json,NotBuggy
19,0.006082402542233467,4,7,87.6475830078125,274.json,NotBuggy
4,0.5584523677825928,1,4,120.95767974853516,3599.json,NotBuggy
7,0.309130996465683,4,3,108.87591552734375,2930.json,NotBuggy
3,0.8175028562545776,1,1,130.05470275878906,3191.json,NotBuggy
3,0.9235057830810547,1,0,133.59722900390625,2812.json,NotBuggy
13,0.04278020188212395,3,4,97.53760528564453,5045.json,Buggy
33,0.06202000379562378,2,1,79.03742218017578,4917.json,NotBuggy
3,0.5020562410354614,1,0,133.59722900390625,4795.json,NotBuggy
3,0.7612021565437317,1,0,133.59722900390625,2773.json,NotBuggy
3,0.27758485078811646,1,1,129.47398376464844,2953.json,Buggy
4,0.14743997156620026,1,2,123.19084167480469,4376.json,NotBuggy
3,0.5934724807739258,2,1,130.9235076904297,2742.json,NotBuggy
13,0.033909671008586884,4,4,95.1817855834961,194.json,Buggy
7,0.06998755037784576,1,3,110.69306182861328,188.json,NotBuggy
3,0.6372058391571045,1,0,131.46876525878906,5029.json,Buggy
13,0.09903869032859802,4,4,96.35874938964844,5527.json,Buggy
2,0.9978325366973877,1,0,142.4026641845703,1404.json,NotBuggy
13,0.009579287841916084,2,5,97.2193374633789,3045.json,NotBuggy
3,0.5192803740501404,1,2,130.99049377441406,1423.json,NotBuggy
5,0.005267550703138113,2,4,116.22709655761719,3127.json,NotBuggy
5,0.012551709078252316,1,3,118.54136657714844,898.json,NotBuggy
3,0.9277615547180176,1,0,133.59722900390625,574.json,NotBuggy
3,0.9112564921379089,1,0,130.05470275878906,4898.json,NotBuggy
15,0.004543530289083719,4,9,90.54759216308594,5053.json,Buggy
20,0.0,4,22,84.7486801147461,5249.json,Buggy
3,0.07198993116617203,1,1,129.0215301513672,2987.json,NotBuggy
3,0.9279651045799255,1,0,133.59722900390625,1402.json,NotBuggy
3,0.35681262612342834,1,0,132.9956512451172,1601.json,NotBuggy
6,0.28292781114578247,2,3,115.97023010253906,681.json,Buggy
3,0.07032320648431778,1,4,128.51292419433594,4350.json,Buggy
65,0.0,12,41,59.065086364746094,3121.json,Buggy
4,0.2123926281929016,1,0,123.21045684814453,572.json,Buggy
3,0.695430338382721,1,1,132.25152587890625,5187.json,NotBuggy
3,0.3106670379638672,1,2,130.70933532714844,4979.json,NotBuggy
4,0.6760580539703369,1,1,125.5254898071289,3255.json,NotBuggy
3,0.7340269088745117,1,1,130.85629272460938,3235.json,NotBuggy
3,0.785973310470581,1,0,132.4454345703125,5213.json,NotBuggy
8,0.03010515309870243,2,5,108.14181518554688,651.json,Buggy
4,0.011976090259850025,2,2,120.78662109375,3149.json,NotBuggy
3,0.7758607864379883,1,1,132.25152587890625,3225.json,NotBuggy
3,0.8469435572624207,1,0,130.18594360351562,680.json,Buggy
4,0.29131263494491577,1,1,124.48601531982422,5094.json,Buggy
3,0.7932906150817871,1,0,131.03103637695312,4393.json,NotBuggy
3,0.8170433044433594,1,1,132.25152587890625,3453.json,NotBuggy
10,0.002089907880872488,1,2,102.88714599609375,1051.json,NotBuggy
3,0.05882079154253006,1,1,128.83535766601562,3055.json,NotBuggy
4,0.9087103605270386,1,1,126.19583892822266,3901.json,NotBuggy
8,0.0,1,14,106.0019760131836,3957.json,NotBuggy
3,0.695430338382721,1,1,132.25152587890625,95.json,Buggy
8,0.8312175869941711,5,0,108.08934783935547,2224.json,NotBuggy
3,0.8025190830230713,1,2,129.93223571777344,1893.json,NotBuggy
4,0.003565182676538825,1,2,121.83938598632812,5120.json,Buggy
3,0.8234679102897644,1,0,130.57513427734375,3197.json,NotBuggy
6,0.0,1,4,111.10789489746094,4344.json,NotBuggy
6,0.21824480593204498,1,1,117.283935546875,2481.json,NotBuggy
6,0.23751263320446014,3,4,112.41580963134766,2714.json,NotBuggy
8,0.19439105689525604,2,2,108.83641052246094,3929.json,NotBuggy
20,1.489044225309044E-4,6,14,84.26099395751953,5052.json,NotBuggy
3,0.4902867376804352,1,1,131.28770446777344,2789.json,NotBuggy
3,0.5692585706710815,1,1,129.61952209472656,1046.json,NotBuggy
3,0.8173424601554871,1,1,130.57513427734375,2551.json,NotBuggy
10,0.12231481820344925,4,0,102.90653991699219,4875.json,NotBuggy
3,0.9396195411682129,1,0,133.59722900390625,4891.json,NotBuggy
3,0.9217595458030701,1,0,130.7338104248047,4403.json,NotBuggy
3,0.9289069771766663,1,0,133.59722900390625,2809.json,NotBuggy
1,0.9919390678405762,1,0,150.7931671142578,1066.json,NotBuggy
3,1.1731429549399763E-4,1,1,126.78704833984375,485.json,Buggy
3,0.9482436776161194,1,0,131.9385528564453,703.json,NotBuggy
4,0.08454660326242447,2,1,123.23312377929688,3257.json,NotBuggy
3,0.9484614729881287,1,0,133.59722900390625,4827.json,NotBuggy
4,0.4716717004776001,1,1,124.81353759765625,2523.json,NotBuggy
4,0.9426126480102539,1,0,125.79222106933594,4858.json,NotBuggy
3,0.9550763964653015,1,0,132.9956512451172,4382.json,NotBuggy
3,0.5692585706710815,1,1,129.61952209472656,1049.json,NotBuggy
4,0.8237388134002686,2,0,122.62169647216797,2803.json,NotBuggy
6,0.14715352654457092,2,2,113.05679321289062,972.json,NotBuggy
3,0.6937661170959473,1,0,131.28770446777344,4823.json,NotBuggy
87,0.0,4,2,57.34782028198242,4927.json,NotBuggy
3,0.008748226799070835,1,0,132.9956512451172,2503.json,NotBuggy
4,0.003461835440248251,1,2,122.3560791015625,1934.json,NotBuggy
4,0.3911474943161011,2,1,123.14331817626953,3051.json,NotBuggy
2,0.8669668436050415,1,0,138.17149353027344,5218.json,NotBuggy
3,0.7501177787780762,1,0,132.4454345703125,5214.json,NotBuggy
17,0.14814084768295288,4,8,91.63157653808594,4756.json,NotBuggy
1,0.9919390678405762,1,0,150.7931671142578,1054.json,NotBuggy
3,0.8191396594047546,1,0,133.59722900390625,4347.json,NotBuggy
17,0.006408120971173048,6,2,89.7295150756836,4871.json,NotBuggy
4,0.29724788665771484,1,2,123.96263122558594,3261.json,NotBuggy
3,0.9312708973884583,1,0,133.59722900390625,634.json,NotBuggy
11,0.00554255535826087,5,6,97.25212860107422,1712.json,NotBuggy
5,0.40349099040031433,3,0,116.33476257324219,2750.json,NotBuggy
3,0.06343353539705276,1,2,128.22288513183594,1754.json,NotBuggy
3,0.7760503888130188,1,0,131.9385528564453,463.json,NotBuggy
3,0.9550763964653015,1,0,132.9956512451172,4386.json,NotBuggy
3,0.5131309032440186,1,1,129.9696044921875,1336.json,Buggy
3,0.5902283787727356,1,1,130.57513427734375,5001.json,NotBuggy
3,0.9525805115699768,1,0,132.4454345703125,4913.json,NotBuggy
15,0.0046992553398013115,3,6,93.55403900146484,5044.json,Buggy
5,0.2401583194732666,3,2,115.84677124023438,2855.json,NotBuggy
31,0.0011495843064039946,6,12,77.09532165527344,4937.json,NotBuggy
6,0.011569465510547161,1,3,112.89320373535156,1298.json,NotBuggy
6,0.855919599533081,2,1,116.13532257080078,3125.json,Buggy
5,0.504168689250946,2,1,118.28166961669922,4742.json,NotBuggy
3,0.5131309032440186,1,1,129.9696044921875,1342.json,Buggy
3,0.67863529920578,1,0,131.9385528564453,2917.json,NotBuggy
3,0.023592336103320122,1,3,127.43789672851562,5101.json,NotBuggy
3,0.5901426076889038,1,0,127.79666137695312,4888.json,NotBuggy
3,0.7841925024986267,1,1,132.25152587890625,2912.json,NotBuggy
21,0.0024710302241146564,7,8,85.23674011230469,1634.json,Buggy
3,0.032367683947086334,1,2,127.42049407958984,2671.json,NotBuggy
7,0.027004381641745567,3,2,109.7467269897461,2563.json,NotBuggy
4,0.367824912071228,4,0,117.45596313476562,4878.json,NotBuggy
4,0.507699728012085,3,1,121.59648895263672,4922.json,NotBuggy
3,0.8387935161590576,1,1,132.25152587890625,4844.json,NotBuggy
9,0.0578821562230587,4,6,103.3708267211914,2631.json,Buggy
3,0.8419503569602966,1,0,133.59722900390625,4348.json,NotBuggy
3,0.6196519732475281,1,0,132.25152587890625,4314.json,NotBuggy
11,0.3442854881286621,2,5,103.8249740600586,4222.json,NotBuggy
3,0.6991973519325256,1,0,132.4454345703125,1589.json,NotBuggy
3,0.650050938129425,1,1,130.34019470214844,1603.json,Buggy
5,0.8970170617103577,1,1,120.74615478515625,2996.json,NotBuggy
3,0.21421417593955994,1,3,128.70916748046875,1979.json,NotBuggy
3,0.9550763964653015,1,0,132.9956512451172,4390.json,NotBuggy
3,0.05779532343149185,1,5,127.02415466308594,2649.json,NotBuggy
3,0.5765146017074585,1,1,133.18099975585938,4190.json,NotBuggy
3,0.9006614089012146,1,0,133.59722900390625,4087.json,Buggy
3,0.5980542302131653,1,2,129.57785034179688,2683.json,NotBuggy
3,0.9450470209121704,1,0,128.7513427734375,4902.json,NotBuggy
3,0.13166335225105286,1,1,129.14646911621094,4510.json,NotBuggy
8,0.0,2,8,104.81287384033203,3057.json,NotBuggy
30,0.001143192290328443,7,5,80.3376235961914,3338.json,NotBuggy
3,0.010700990445911884,1,1,128.712890625,2986.json,NotBuggy
3,0.4254409968852997,1,2,130.99049377441406,1426.json,NotBuggy
9,0.2624025344848633,5,3,103.01760864257812,4846.json,NotBuggy
3,0.9621745347976685,1,0,131.28770446777344,4895.json,NotBuggy
4,0.3358640670776367,1,2,123.02798461914062,4334.json,NotBuggy
3,0.9217595458030701,1,0,130.7338104248047,4407.json,NotBuggy
4,0.2609580457210541,1,0,123.1362075805664,5681.json,Buggy
3,0.0695418044924736,1,2,129.81280517578125,2682.json,NotBuggy
11,0.0,1,9,100.24211883544922,3557.json,NotBuggy
3,0.9649078249931335,1,0,133.59722900390625,4866.json,NotBuggy
3,0.9140077829360962,1,0,131.28770446777344,296.json,NotBuggy
4,0.16562707722187042,1,3,123.55950164794922,2051.json,Buggy
3,0.8501209020614624,1,1,132.086669921875,1417.json,NotBuggy
4,0.27399247884750366,1,4,123.66336059570312,4335.json,NotBuggy
3,0.9581897258758545,1,0,132.9956512451172,2044.json,NotBuggy
21,0.09992463141679764,3,7,87.177734375,2048.json,NotBuggy
22,0.1548014134168625,4,12,84.2608413696289,98.json,Buggy
3,0.0024224144872277975,1,2,126.14789581298828,500.json,NotBuggy
3,0.8282424807548523,1,0,132.9956512451172,536.json,NotBuggy
4,0.002417235169559717,2,4,120.42691040039062,3041.json,NotBuggy
3,0.32321956753730774,1,3,130.44261169433594,2845.json,NotBuggy
10,0.7294173240661621,4,2,104.08479309082031,5683.json,Buggy
30,0.0015243181260302663,6,19,76.84591674804688,5116.json,Buggy
4,0.18803682923316956,2,3,121.67362213134766,2010.json,NotBuggy
12,0.004708847030997276,4,8,96.13003540039062,5043.json,Buggy
11,0.20160269737243652,4,4,99.9679183959961,2925.json,NotBuggy
3,0.002176402835175395,1,3,126.00349426269531,3258.json,NotBuggy
3,0.8766111135482788,1,0,132.4454345703125,4890.json,NotBuggy
5,0.8307421803474426,2,1,120.6200180053711,4757.json,NotBuggy
3,0.5020562410354614,1,0,133.59722900390625,4829.json,NotBuggy
3,0.9417896866798401,1,0,132.4454345703125,1295.json,NotBuggy
3,0.541132926940918,1,0,132.9956512451172,4797.json,Buggy
8,0.18817415833473206,2,0,109.56880950927734,1595.json,NotBuggy
9,0.34811702370643616,6,0,105.43067932128906,4032.json,Buggy
3,0.6562961339950562,1,1,130.85629272460938,5162.json,NotBuggy
3,0.7827872037887573,1,1,132.086669921875,3143.json,NotBuggy
3,0.2933603525161743,1,1,131.75106811523438,3975.json,NotBuggy
6,0.623196005821228,2,2,115.56517028808594,2432.json,NotBuggy
4,0.933008074760437,1,1,124.04872131347656,921.json,NotBuggy
3,0.1326903998851776,1,0,133.59722900390625,3398.json,NotBuggy
3,0.89423006772995,1,0,129.7158966064453,2896.json,NotBuggy
3,0.7450147271156311,1,0,129.61952209472656,2895.json,NotBuggy
3,0.695430338382721,1,1,132.25152587890625,559.json,NotBuggy
3,0.9682589173316956,1,0,130.45266723632812,4921.json,NotBuggy
4,0.5546000599861145,2,0,122.79798126220703,3276.json,NotBuggy
4,0.14743997156620026,1,2,123.19084167480469,4380.json,NotBuggy
3,0.16168172657489777,1,0,128.31268310546875,4877.json,NotBuggy
3,0.695430338382721,1,1,132.25152587890625,3367.json,NotBuggy
28,0.002368452725932002,7,8,80.0069580078125,940.json,Buggy
3,0.27758485078811646,1,1,129.47398376464844,2954.json,Buggy
7,0.5841674208641052,3,1,110.38402557373047,4848.json,NotBuggy
4,0.14743997156620026,1,2,123.19084167480469,4368.json,NotBuggy
3,0.8524844646453857,1,0,133.59722900390625,2588.json,NotBuggy
13,0.00411984883248806,3,5,96.4941177368164,3937.json,NotBuggy
3,0.12727832794189453,1,0,130.07347106933594,2616.json,Buggy
3,0.8495965600013733,1,1,129.4591827392578,509.json,Buggy
3,0.9225170612335205,1,0,133.59722900390625,2931.json,NotBuggy
3,0.9253777861595154,1,0,130.7338104248047,4389.json,NotBuggy
5,0.480155885219574,1,3,119.84819793701172,499.json,NotBuggy
7,0.5430594682693481,2,1,111.59798431396484,5063.json,Buggy
3,0.9235057830810547,1,0,133.59722900390625,4857.json,NotBuggy
4,0.018102185800671577,1,1,121.68689727783203,1948.json,NotBuggy
9,0.5213528871536255,2,4,107.7779541015625,5270.json,Buggy
3,0.719375491142273,1,1,132.25152587890625,3420.json,NotBuggy
8,4.5549854985438287E-4,2,7,105.9181900024414,3354.json,NotBuggy
3,0.8173424601554871,1,1,130.57513427734375,2575.json,NotBuggy
3,0.8667088747024536,1,1,127.8512954711914,4306.json,NotBuggy
3,0.5131309032440186,1,1,129.9696044921875,1338.json,Buggy
3,0.9569032192230225,1,0,131.28770446777344,4905.json,NotBuggy
3,0.7294135093688965,1,2,130.57513427734375,4765.json,NotBuggy
3,0.01878989487886429,1,2,128.1388702392578,3089.json,Buggy
3,0.16018524765968323,1,1,129.47398376464844,961.json,NotBuggy
3,0.8051202297210693,1,0,132.4454345703125,3140.json,NotBuggy
3,0.49841374158859253,1,2,129.34671020507812,3569.json,NotBuggy
3,0.6760697960853577,1,0,130.30841064453125,927.json,NotBuggy
6,0.8776738047599792,2,0,115.48116302490234,3903.json,NotBuggy
10,0.0638921931385994,4,6,100.39112091064453,1760.json,NotBuggy
3,0.9225170612335205,1,0,133.59722900390625,3270.json,NotBuggy
4,0.8860810399055481,1,1,125.79222106933594,1363.json,NotBuggy
3,0.9449957609176636,1,0,132.4454345703125,1399.json,NotBuggy
3,0.9263728857040405,1,0,131.28770446777344,2047.json,NotBuggy
4,0.4250689446926117,2,1,121.82011413574219,5670.json,NotBuggy
3,0.6196519732475281,1,0,132.25152587890625,4311.json,NotBuggy
26,0.005368626676499844,6,10,81.18311309814453,5171.json,Buggy
3,0.7087037563323975,1,0,130.236328125,1403.json,NotBuggy
3,0.9253777861595154,1,0,130.7338104248047,4381.json,NotBuggy
12,0.0626550167798996,6,4,96.70801544189453,2770.json,Buggy
3,0.49669772386550903,1,0,129.34671020507812,3936.json,NotBuggy
3,0.36332666873931885,1,0,131.28770446777344,3943.json,NotBuggy
73,0.0,4,3,61.3839111328125,4906.json,NotBuggy
3,0.41325435042381287,1,1,129.47398376464844,4854.json,NotBuggy
3,0.7719694375991821,1,0,133.59722900390625,2807.json,NotBuggy
3,0.7932906150817871,1,0,131.03103637695312,4305.json,NotBuggy
3,0.7176759839057922,1,1,131.60296630859375,2737.json,NotBuggy
3,0.03305591642856598,1,0,132.43687438964844,1964.json,NotBuggy
3,0.941757082939148,1,0,133.59722900390625,5225.json,NotBuggy
3,0.5041719675064087,1,1,132.086669921875,3953.json,NotBuggy
2,0.996904194355011,1,0,140.82913208007812,4336.json,Buggy
3,0.9682589173316956,1,0,130.45266723632812,4887.json,NotBuggy
3,0.022046979516744614,1,2,128.1388702392578,3935.json,NotBuggy
3,0.07924525439739227,1,2,126.9658203125,2961.json,NotBuggy
5,0.4627549350261688,1,3,120.7502212524414,2459.json,NotBuggy
9,0.0578821562230587,4,6,103.3708267211914,2632.json,Buggy
13,0.00619669072329998,4,9,95.32344818115234,2958.json,NotBuggy
3,0.5048728585243225,1,2,130.99049377441406,1424.json,NotBuggy
2,0.7524945735931396,1,0,142.4026641845703,841.json,NotBuggy
4,0.022423453629016876,2,1,120.35902404785156,1220.json,NotBuggy
3,0.7932906150817871,1,0,131.03103637695312,4392.json,NotBuggy
3,0.9703206419944763,1,0,133.59722900390625,3097.json,NotBuggy
16,0.06223078444600105,4,4,92.0887451171875,2456.json,NotBuggy
3,0.8819122910499573,1,0,133.59722900390625,3075.json,NotBuggy
3,0.6705988645553589,1,1,130.7338104248047,189.json,Buggy
3,0.6927386522293091,1,0,130.621337890625,4893.json,NotBuggy
3,0.9436360597610474,1,0,132.086669921875,3926.json,NotBuggy
5,0.1975117325782776,3,1,116.10863494873047,4931.json,NotBuggy
5,0.07295934110879898,1,3,116.04459381103516,1604.json,Buggy
6,0.07630377262830734,3,3,112.1241455078125,2957.json,NotBuggy
3,0.08762810379266739,1,2,129.2378692626953,4204.json,NotBuggy
4,0.7092675566673279,1,2,124.91740417480469,4590.json,NotBuggy
4,5.044435383751988E-4,1,1,120.99594116210938,4345.json,NotBuggy
3,0.5531408190727234,1,0,133.59722900390625,3195.json,NotBuggy
3,0.793876588344574,1,1,132.79563903808594,3941.json,NotBuggy
3,0.00326737342402339,1,1,126.03094482421875,193.json,Buggy
3,0.0,1,1,125.3664321899414,639.json,Buggy
4,0.24365219473838806,1,2,123.65223693847656,3139.json,NotBuggy
3,0.41325435042381287,1,1,129.47398376464844,3910.json,NotBuggy
3,0.41284263134002686,1,0,132.25152587890625,110.json,NotBuggy
3,0.539006769657135,1,0,132.4454345703125,5093.json,NotBuggy
3,0.927474319934845,1,0,133.59722900390625,960.json,NotBuggy
3,0.18093034625053406,1,1,128.46022033691406,2581.json,NotBuggy
3,0.831676721572876,1,2,131.28770446777344,4867.json,NotBuggy
3,0.655320942401886,1,1,130.7338104248047,833.json,NotBuggy
4,0.04303031414747238,2,1,119.78701782226562,4332.json,NotBuggy
3,0.873651921749115,1,0,133.59722900390625,3102.json,NotBuggy
4,0.14684796333312988,1,2,123.19084167480469,4319.json,NotBuggy
5,0.09054733067750931,1,4,118.58592224121094,2788.json,Buggy
3,0.8478639721870422,1,1,132.086669921875,2661.json,NotBuggy
3,0.8395971655845642,1,0,133.59722900390625,3077.json,NotBuggy
5,0.231863334774971,3,2,116.90475463867188,2744.json,NotBuggy
4,0.3653128147125244,1,3,124.05243682861328,4333.json,NotBuggy
3,0.011820439249277115,1,2,128.31268310546875,1019.json,NotBuggy
7,0.309130996465683,4,3,108.87591552734375,2924.json,NotBuggy
3,0.7666745781898499,1,0,129.37762451171875,590.json,Buggy
16,0.0021557060535997152,1,11,92.13644409179688,4592.json,NotBuggy
2,0.9973176121711731,1,0,142.4026641845703,5203.json,NotBuggy
6,0.31146639585494995,2,3,113.3850326538086,3352.json,NotBuggy
2,0.9659347534179688,1,0,142.4026641845703,990.json,Buggy
3,0.2135312706232071,2,4,127.44500732421875,3180.json,NotBuggy
3,0.08152533322572708,1,3,127.76480865478516,4352.json,NotBuggy
4,0.008936378173530102,2,3,119.95356750488281,4408.json,NotBuggy
3,0.831676721572876,1,2,131.28770446777344,4845.json,NotBuggy
3,0.6875556111335754,1,2,130.18594360351562,1314.json,NotBuggy
3,0.9235057830810547,1,0,133.59722900390625,3372.json,NotBuggy
32,2.3166387109085917E-4,4,19,76.2464828491211,5114.json,Buggy
8,0.251776784658432,3,3,109.52240753173828,5671.json,Buggy
8,0.6164674162864685,5,0,107.65425109863281,1648.json,NotBuggy
3,0.041969772428274155,2,2,126.26983642578125,5251.json,Buggy
3,0.05224684253334999,2,3,127.71109771728516,5062.json,Buggy
3,0.6991788148880005,1,1,132.61029052734375,831.json,Buggy
33,0.0,9,30,72.67316436767578,5099.json,Buggy
25,0.0,8,23,80.40203094482422,3202.json,NotBuggy
3,0.9253777861595154,1,0,130.7338104248047,4385.json,NotBuggy
33,0.06202000379562378,2,1,79.03742218017578,4896.json,NotBuggy
10,0.29948481917381287,3,3,102.96199798583984,5264.json,Buggy
3,0.13818037509918213,1,0,133.59722900390625,2404.json,NotBuggy
3,0.6844100952148438,1,2,131.28770446777344,4982.json,NotBuggy
12,0.38815081119537354,2,4,98.63887023925781,5697.json,Buggy
4,0.0029038339853286743,3,0,120.3084487915039,3944.json,NotBuggy
12,0.0626550167798996,6,4,96.70801544189453,2771.json,NotBuggy
3,0.695430338382721,1,1,132.25152587890625,3473.json,NotBuggy
3,0.23441512882709503,1,0,134.26058959960938,992.json,NotBuggy
6,0.8590272665023804,2,1,116.13532257080078,3914.json,NotBuggy
20,0.0021885365713387728,6,9,87.43231201171875,2611.json,Buggy
3,0.5383849740028381,1,1,130.07347106933594,834.json,NotBuggy
3,0.7392198443412781,1,2,130.70933532714844,4219.json,NotBuggy
3,0.8236731886863708,1,0,133.59722900390625,224.json,NotBuggy
9,0.04700801894068718,2,4,105.2471923828125,292.json,Buggy
13,0.5179249048233032,2,5,98.74236297607422,1366.json,NotBuggy
5,0.7071248292922974,1,1,119.48943328857422,4938.json,NotBuggy
3,0.2135312706232071,2,4,127.44500732421875,507.json,Buggy
3,0.9767982363700867,1,0,130.45266723632812,3424.json,NotBuggy
3,0.665803849697113,1,1,131.60296630859375,1323.json,NotBuggy
3,0.9247835278511047,1,0,129.37762451171875,4924.json,NotBuggy
62,0.0,13,47,58.73455047607422,1657.json,Buggy
3,0.7262460589408875,1,1,130.85629272460938,3083.json,NotBuggy
4,0.6473208665847778,1,2,122.27970123291016,5267.json,Buggy
14,0.09756811708211899,2,6,96.04613494873047,1343.json,Buggy
3,0.7324067950248718,1,1,132.086669921875,1525.json,NotBuggy
13,0.03656347468495369,5,1,95.91082000732422,5122.json,Buggy
3,0.695430338382721,1,1,132.25152587890625,3383.json,NotBuggy
3,0.794566810131073,1,0,131.75106811523438,4918.json,NotBuggy
3,0.439596027135849,1,2,130.05470275878906,2913.json,NotBuggy
3,0.8406314849853516,1,1,132.61029052734375,682.json,Buggy
42,1.9506292301230133E-4,9,16,69.84144592285156,5703.json,Buggy
12,0.7652764916419983,5,1,99.47265625,1412.json,NotBuggy
11,0.21588310599327087,4,7,99.7345962524414,3115.json,NotBuggy
3,0.23583969473838806,1,1,130.45266723632812,2826.json,NotBuggy
4,0.7706535458564758,1,0,126.0733642578125,3501.json,NotBuggy
5,0.4657820761203766,1,3,119.84819793701172,823.json,NotBuggy
3,0.10265957564115524,1,2,129.4591827392578,2679.json,NotBuggy
4,0.0,1,0,118.92639923095703,3267.json,NotBuggy
20,0.0036405157297849655,4,16,86.94783782958984,607.json,Buggy
3,0.02462800219655037,1,1,128.712890625,2985.json,NotBuggy
5,0.8408470749855042,2,1,116.80116271972656,4743.json,NotBuggy
3,0.9325878620147705,1,0,131.9385528564453,3344.json,NotBuggy
4,0.2926572263240814,2,6,121.31822204589844,2711.json,Buggy
3,0.935778021812439,1,0,132.9956512451172,4315.json,NotBuggy
3,0.3196811079978943,1,3,129.12539672851562,103.json,NotBuggy
3,0.8304112553596497,1,1,131.60296630859375,700.json,NotBuggy
3,0.6006538271903992,1,2,129.57785034179688,2647.json,NotBuggy
1,0.9927825331687927,1,0,150.7931671142578,4591.json,NotBuggy
3,0.7680290341377258,1,0,131.03103637695312,1969.json,NotBuggy
12,0.011605111882090569,1,6,99.00564575195312,1968.json,NotBuggy
3,0.4173620343208313,2,2,127.28214263916016,5196.json,NotBuggy
3,0.2896154224872589,1,0,132.4454345703125,3049.json,NotBuggy
9,0.007282610516995192,1,1,107.12625122070312,1967.json,NotBuggy
3,0.32742246985435486,1,1,129.93223571777344,4406.json,NotBuggy
3,0.6396634578704834,1,1,132.086669921875,3956.json,NotBuggy
11,0.2681848704814911,2,1,101.64495849609375,3904.json,NotBuggy
3,0.9235057830810547,1,0,133.59722900390625,3386.json,NotBuggy
3,0.2317742556333542,1,1,127.06793212890625,825.json,NotBuggy
2,0.9972463846206665,1,0,140.82913208007812,4338.json,NotBuggy
3,0.9217595458030701,1,0,130.7338104248047,4401.json,NotBuggy
4,0.8470354676246643,1,1,126.62725830078125,837.json,NotBuggy
33,0.0,22,0,71.55977630615234,3112.json,NotBuggy
16,0.19420288503170013,3,5,92.96755981445312,5691.json,NotBuggy
4,0.558275580406189,2,2,124.69120788574219,5216.json,NotBuggy
4,0.796680212020874,2,0,125.04178619384766,5137.json,NotBuggy
3,0.9581897258758545,1,0,132.9956512451172,3913.json,NotBuggy
5,0.7135434746742249,2,1,120.6200180053711,4751.json,NotBuggy
9,0.07362805306911469,4,3,104.50682067871094,3927.json,NotBuggy
5,0.6846821904182434,2,1,120.6200180053711,4761.json,NotBuggy
3,0.011536501348018646,1,2,127.50450134277344,483.json,Buggy
3,0.27609601616859436,1,3,130.44261169433594,4030.json,NotBuggy
5,0.04607602208852768,1,3,117.69127655029297,454.json,Buggy
3,0.9367898106575012,1,0,133.59722900390625,4391.json,NotBuggy
10,0.2558131217956543,4,4,103.20932006835938,923.json,NotBuggy
4,0.507699728012085,3,1,121.59648895263672,4901.json,NotBuggy
3,0.6984202861785889,1,1,131.75106811523438,357.json,NotBuggy
4,0.9314292073249817,1,1,126.19583892822266,4815.json,NotBuggy
14,0.5763883590698242,6,3,97.02184295654297,3932.json,NotBuggy
3,0.5306860208511353,1,0,132.25152587890625,647.json,Buggy
8,0.023551665246486664,2,4,107.34321594238281,641.json,Buggy
3,0.9225170612335205,1,0,133.59722900390625,505.json,NotBuggy
3,0.9367898106575012,1,0,133.59722900390625,4375.json,NotBuggy
6,0.9392327666282654,2,3,113.9074478149414,5219.json,NotBuggy
3,0.007982914336025715,1,5,125.30986022949219,570.json,NotBuggy
15,0.04645766317844391,3,5,94.48247528076172,5100.json,Buggy
6,0.40694278478622437,3,1,112.98848724365234,679.json,NotBuggy
3,0.0033134189434349537,1,3,127.102294921875,227.json,Buggy
5,0.02284834161400795,1,1,117.34275817871094,1294.json,NotBuggy
3,0.948209285736084,1,0,133.59722900390625,504.json,NotBuggy
3,0.9665988087654114,1,0,133.59722900390625,4828.json,NotBuggy
3,0.8472122550010681,1,0,133.59722900390625,1631.json,NotBuggy
1,0.9919390678405762,1,0,150.7931671142578,1047.json,NotBuggy
22,0.004693700931966305,6,13,84.13006591796875,101.json,Buggy
3,0.8696047067642212,1,0,133.59722900390625,2804.json,NotBuggy
3,0.9235057830810547,1,0,133.59722900390625,3384.json,NotBuggy
20,0.0,2,14,85.79573822021484,3260.json,NotBuggy
24,0.14760734140872955,5,11,83.69989013671875,5173.json,Buggy
3,0.004345404915511608,1,4,126.41971588134766,569.json,NotBuggy
5,0.2779158055782318,1,3,121.00688934326172,259.json,Buggy
2,0.8633230924606323,1,0,140.82913208007812,220.json,Buggy
5,0.4074876606464386,1,1,120.3299331665039,3562.json,NotBuggy
3,0.7278702259063721,1,2,130.57513427734375,4763.json,NotBuggy
3,0.7642135620117188,1,1,130.57513427734375,2576.json,NotBuggy
14,0.10212089866399765,4,9,95.32794189453125,5209.json,NotBuggy
3,0.4649346172809601,1,2,130.99049377441406,1421.json,NotBuggy
3,0.5143157243728638,1,1,132.086669921875,264.json,NotBuggy
3,0.9367898106575012,1,0,133.59722900390625,4371.json,NotBuggy
3,0.2135312706232071,2,4,127.44500732421875,501.json,Buggy
5,0.0,1,3,114.16748046875,4342.json,NotBuggy
4,0.8020578026771545,1,2,125.91468811035156,5065.json,Buggy
3,0.7710490226745605,1,0,131.75106811523438,4821.json,NotBuggy
3,0.06224612146615982,1,1,127.76728820800781,933.json,NotBuggy
3,0.8945329785346985,1,1,130.07347106933594,3119.json,NotBuggy
3,0.4692044258117676,1,0,132.25152587890625,2702.json,NotBuggy
3,0.7988675832748413,1,0,133.59722900390625,959.json,NotBuggy
3,0.06841911375522614,1,1,129.47398376464844,1300.json,NotBuggy
3,0.7040551900863647,1,1,130.57513427734375,3187.json,NotBuggy
5,0.5636149644851685,2,1,118.28166961669922,4885.json,NotBuggy
5,0.7702754735946655,1,1,121.53742980957031,4811.json,NotBuggy
3,0.9581897258758545,1,0,132.9956512451172,3964.json,NotBuggy
4,0.796680212020874,2,0,125.04178619384766,111.json,NotBuggy
3,0.0024224144872277975,1,2,126.14789581298828,824.json,NotBuggy
3,0.9225170612335205,1,0,133.59722900390625,2927.json,NotBuggy
3,0.35681262612342834,1,0,132.9956512451172,1624.json,NotBuggy
3,0.8788749575614929,1,0,133.59722900390625,988.json,NotBuggy
4,0.6124297380447388,2,1,122.36495208740234,1567.json,NotBuggy
3,0.8641471266746521,1,0,133.59722900390625,2677.json,NotBuggy
3,0.7742577791213989,1,0,131.9385528564453,4486.json,NotBuggy
3,0.4779187738895416,1,1,130.85629272460938,654.json,Buggy
3,2.76255450444296E-4,1,1,127.50450134277344,1042.json,Buggy
3,0.8979341387748718,1,0,128.7513427734375,3404.json,Buggy
3,0.5867078304290771,1,0,132.25152587890625,1405.json,NotBuggy
3,0.4371092617511749,1,1,128.3351287841797,198.json,Buggy
3,0.695430338382721,1,1,132.25152587890625,658.json,NotBuggy
7,0.3345447778701782,2,0,110.10877227783203,965.json,NotBuggy
10,0.7666221261024475,3,3,104.66295623779297,1584.json,Buggy
4,0.23673893511295319,1,2,123.28931427001953,2014.json,NotBuggy
8,0.03956880792975426,1,4,107.55370330810547,2684.json,NotBuggy
3,0.9242736101150513,1,0,130.7338104248047,4318.json,NotBuggy
20,0.007334464229643345,5,11,86.83968353271484,690.json,Buggy
13,0.5101199746131897,2,5,98.78657531738281,1364.json,NotBuggy
3,0.0,1,1,127.62944793701172,1330.json,NotBuggy
6,0.7884360551834106,2,4,112.59795379638672,5107.json,Buggy
3,0.34400391578674316,1,2,129.57785034179688,1020.json,NotBuggy
3,0.7682719230651855,1,0,133.59722900390625,4412.json,NotBuggy
3,0.061410848051309586,1,1,128.83535766601562,3056.json,NotBuggy
3,0.8650034666061401,1,0,131.75106811523438,1249.json,NotBuggy
11,0.030375991016626358,3,4,101.03170013427734,4748.json,NotBuggy
7,0.6132255792617798,2,1,113.54827117919922,4980.json,NotBuggy
14,0.10573232918977737,3,7,96.6978759765625,5031.json,Buggy
25,0.0,5,11,81.23301696777344,5239.json,Buggy
3,0.054669249802827835,1,1,128.8092498779297,1216.json,NotBuggy
3,0.839963972568512,1,0,132.4454345703125,2638.json,Buggy
3,0.8755052089691162,1,1,128.8216552734375,5085.json,NotBuggy
3,0.5692585706710815,1,1,129.61952209472656,1062.json,NotBuggy
8,0.039705418050289154,3,6,105.53284454345703,1437.json,Buggy
4,0.933008074760437,1,1,124.04872131347656,1410.json,NotBuggy
3,0.8762956857681274,1,0,128.22288513183594,1777.json,NotBuggy
3,0.8282424807548523,1,0,132.9956512451172,465.json,NotBuggy
6,0.14039471745491028,3,4,111.22595977783203,4637.json,NotBuggy
11,0.05469430238008499,2,3,100.96866607666016,1435.json,NotBuggy
10,0.018189536407589912,2,6,101.99259948730469,5003.json,NotBuggy
3,0.4594348967075348,1,0,131.46876525878906,2892.json,NotBuggy
3,0.7363205552101135,1,1,131.75106811523438,2046.json,NotBuggy
6,0.1067119687795639,1,5,114.64286041259766,2469.json,Buggy
8,0.0,1,12,105.49124908447266,3291.json,Buggy
3,0.541132926940918,1,0,132.9956512451172,1902.json,Buggy
3,0.2447788119316101,1,6,126.71056365966797,4983.json,NotBuggy
3,0.9587222933769226,1,0,130.45266723632812,3967.json,NotBuggy
11,0.3442854881286621,2,5,103.8249740600586,4223.json,NotBuggy
3,0.7699209451675415,1,1,132.25152587890625,3538.json,NotBuggy
6,0.46988216042518616,4,1,112.5221939086914,1322.json,NotBuggy
3,0.0015636776806786656,1,3,127.50450134277344,4768.json,NotBuggy
4,0.8284112811088562,1,0,127.09062194824219,4807.json,NotBuggy
8,0.25882163643836975,2,5,108.80433654785156,595.json,Buggy
3,0.8874804973602295,1,1,130.85629272460938,4831.json,NotBuggy
4,0.2985149621963501,1,2,123.96263122558594,3262.json,NotBuggy
3,0.904819905757904,1,0,130.18594360351562,4932.json,NotBuggy
3,0.9623178243637085,1,0,132.4454345703125,4912.json,NotBuggy
4,0.6343680620193481,1,1,125.64796447753906,575.json,NotBuggy
3,0.06311145424842834,1,0,127.94976043701172,691.json,Buggy
3,0.058268796652555466,1,1,127.19728088378906,96.json,Buggy
3,0.9140077829360962,1,0,131.28770446777344,336.json,NotBuggy
107,0.0,20,93,44.969722747802734,1672.json,Buggy
3,0.695430338382721,1,1,132.25152587890625,5250.json,NotBuggy
3,0.9550763964653015,1,0,132.9956512451172,4378.json,NotBuggy
4,0.7532790303230286,1,2,125.64796447753906,5131.json,NotBuggy
3,0.8612895011901855,1,0,131.28770446777344,3498.json,NotBuggy
4,0.9440462589263916,1,0,126.4930648803711,633.json,NotBuggy
3,0.0,1,1,125.18699645996094,2990.json,NotBuggy
3,0.0010539913782849908,1,3,127.50450134277344,4766.json,NotBuggy
3,0.9418112635612488,1,0,132.4454345703125,3166.json,NotBuggy
3,0.41325435042381287,1,1,129.47398376464844,4044.json,NotBuggy
3,0.7299643158912659,1,1,130.07347106933594,2015.json,NotBuggy
3,0.695430338382721,1,1,132.25152587890625,5115.json,NotBuggy
6,0.0011410481529310346,3,8,110.62979125976562,3969.json,NotBuggy
4,0.7878895401954651,1,1,125.5254898071289,490.json,Buggy
4,0.7027708292007446,1,0,126.0733642578125,3502.json,NotBuggy
18,0.027065971866250038,3,11,89.08413696289062,1351.json,NotBuggy
3,0.6916501522064209,1,0,132.4454345703125,3455.json,NotBuggy
19,0.2799571454524994,5,11,88.58470153808594,5272.json,Buggy
3,0.6399912238121033,1,1,130.57513427734375,4935.json,NotBuggy
3,0.5360655784606934,1,2,130.05470275878906,1014.json,Buggy
3,0.7315497994422913,1,1,130.99049377441406,2325.json,NotBuggy
3,0.3181917667388916,1,0,133.59722900390625,4809.json,NotBuggy
3,0.8495965600013733,1,1,129.4591827392578,503.json,Buggy
9,0.007558634504675865,1,2,105.700439453125,3013.json,NotBuggy
3,0.7699209451675415,1,1,132.25152587890625,3433.json,NotBuggy
3,0.6923775672912598,1,1,130.07347106933594,3439.json,NotBuggy
3,0.9312708973884583,1,0,133.59722900390625,2745.json,NotBuggy
6,0.6821672916412354,3,0,113.92510986328125,4842.json,NotBuggy
7,0.024878835305571556,3,3,109.93583679199219,2458.json,NotBuggy
3,0.0,1,1,126.2772445678711,1040.json,Buggy
3,0.21487833559513092,2,1,127.83001708984375,1928.json,Buggy
14,0.020414449274539948,2,5,95.95252227783203,1339.json,Buggy
6,0.7612817287445068,1,4,113.31317138671875,920.json,Buggy
9,0.01807473786175251,5,4,103.8542709350586,3152.json,NotBuggy
6,0.3262556493282318,1,4,114.91886901855469,2468.json,Buggy
6,0.8015457987785339,2,2,112.32511901855469,5112.json,Buggy
7,0.8280519247055054,4,0,112.1478500366211,2852.json,NotBuggy
3,0.802193284034729,1,0,133.59722900390625,683.json,NotBuggy
3,0.8996275663375854,1,0,133.59722900390625,2993.json,NotBuggy
6,0.07700249552726746,1,4,114.01789855957031,1032.json,NotBuggy
3,0.4594348967075348,1,0,131.46876525878906,3194.json,NotBuggy
3,0.26131168007850647,1,2,129.0215301513672,1937.json,NotBuggy
4,0.14743997156620026,1,2,123.19084167480469,4384.json,NotBuggy
3,0.6021714210510254,1,0,132.25152587890625,4413.json,NotBuggy
3,0.9159363508224487,1,0,131.1385955810547,3906.json,NotBuggy
11,0.08562175929546356,3,3,100.92908477783203,1609.json,Buggy
8,0.7952311038970947,3,2,109.26466369628906,4977.json,NotBuggy
3,0.27462080121040344,1,1,130.7338104248047,4193.json,NotBuggy
3,0.560149610042572,1,0,133.59722900390625,5089.json,NotBuggy
4,0.16743949055671692,1,2,123.28064727783203,984.json,Buggy
5,0.1291363686323166,1,3,118.51167297363281,2017.json,Buggy
3,0.5240567326545715,1,0,133.59722900390625,1000.json,NotBuggy
6,0.9002401232719421,3,1,113.09796142578125,2772.json,NotBuggy
4,0.6990777254104614,1,1,124.91740417480469,187.json,NotBuggy
4,0.0032433161977678537,2,1,120.7276840209961,1180.json,NotBuggy
21,0.0017478710506111383,4,13,85.349609375,1349.json,Buggy
3,0.5068603754043579,1,1,128.8092498779297,1753.json,NotBuggy
4,0.046347249299287796,2,3,120.06814575195312,3431.json,NotBuggy
3,0.7559091448783875,1,1,130.99049377441406,2561.json,NotBuggy
3,0.7693373560905457,1,1,130.99049377441406,3946.json,NotBuggy
10,0.025546494871377945,5,1,101.82585144042969,5026.json,Buggy
3,0.8058035969734192,1,1,132.61029052734375,5096.json,NotBuggy
6,0.8862400650978088,1,1,116.71211242675781,3897.json,NotBuggy
3,0.21421417593955994,1,3,128.70916748046875,3229.json,NotBuggy
5,0.03161695599555969,1,2,118.83859252929688,2782.json,NotBuggy
3,0.39548400044441223,1,3,130.44261169433594,2843.json,NotBuggy
4,0.23802195489406586,2,1,123.14331817626953,3171.json,NotBuggy
3,0.008801629766821861,1,2,127.87090301513672,2645.json,NotBuggy
3,0.8208542466163635,1,1,131.75106811523438,2577.json,NotBuggy
7,0.07998814433813095,3,2,108.11161041259766,4934.json,NotBuggy
3,0.5144469738006592,1,0,130.7338104248047,2832.json,NotBuggy
3,0.6792197227478027,1,1,130.99049377441406,2562.json,NotBuggy
13,0.05282457917928696,5,0,97.66292572021484,5190.json,Buggy
7,0.309130996465683,4,3,108.87591552734375,508.json,NotBuggy
4,0.8284112811088562,1,0,127.09062194824219,4808.json,NotBuggy
3,0.43462905287742615,1,1,132.086669921875,3955.json,NotBuggy
3,0.6006538271903992,1,2,129.57785034179688,2669.json,NotBuggy
6,0.053129643201828,1,4,113.50555419921875,956.json,NotBuggy
3,0.001366557669825852,1,3,125.93712615966797,3201.json,NotBuggy
3,0.8387935161590576,1,1,132.25152587890625,4851.json,NotBuggy
14,0.036036185920238495,4,4,96.41825866699219,2776.json,Buggy
8,0.20898741483688354,2,4,108.04276275634766,5197.json,NotBuggy
5,0.33912137150764465,1,1,120.3299331665039,2983.json,NotBuggy
4,0.4716717004776001,1,1,124.81353759765625,2520.json,NotBuggy
3,0.026447419077157974,1,0,130.18594360351562,3942.json,NotBuggy
4,0.008780288510024548,1,2,119.84709930419922,4340.json,NotBuggy
3,0.23040296137332916,1,3,129.0255889892578,3951.json,NotBuggy
3,0.8304112553596497,1,1,131.60296630859375,705.json,NotBuggy
3,0.33323901891708374,1,1,130.07347106933594,3196.json,NotBuggy
3,0.9773615002632141,1,0,130.99049377441406,5191.json,NotBuggy
3,0.9283403754234314,1,0,133.59722900390625,1406.json,NotBuggy
3,0.7356581687927246,1,1,131.28770446777344,107.json,NotBuggy
3,0.9500985741615295,1,0,130.45266723632812,3414.json,NotBuggy
3,0.7908267974853516,1,0,131.9385528564453,1565.json,NotBuggy
3,0.08152533322572708,1,3,127.76480865478516,4327.json,NotBuggy
5,0.4297834634780884,1,1,121.18380737304688,2490.json,NotBuggy
5,0.2834603786468506,3,2,115.64282989501953,5081.json,NotBuggy
3,0.5692585706710815,1,1,129.61952209472656,1059.json,NotBuggy
21,0.0,5,11,84.53903198242188,2959.json,NotBuggy
11,0.45857417583465576,5,2,102.1863021850586,2894.json,NotBuggy
35,0.0,14,34,69.33479309082031,5054.json,NotBuggy
3,0.9773615002632141,1,0,130.99049377441406,49.json,NotBuggy
5,0.2779158055782318,1,3,121.00688934326172,238.json,Buggy
3,0.3194240927696228,1,0,131.91592407226562,2670.json,NotBuggy
3,0.7340269088745117,1,1,130.85629272460938,1970.json,NotBuggy
25,0.0,11,22,79.35458374023438,836.json,NotBuggy
6,0.010815968737006187,1,3,113.23621368408203,2975.json,Buggy
3,0.9396195411682129,1,0,133.59722900390625,4909.json,NotBuggy
3,0.8741174936294556,1,1,130.45266723632812,4747.json,NotBuggy
73,0.0,21,68,52.9541015625,2060.json,Buggy
3,0.0024224144872277975,1,2,126.14789581298828,895.json,NotBuggy
3,0.6936511397361755,1,0,129.47398376464844,4886.json,NotBuggy
3,0.9235057830810547,1,0,133.59722900390625,3452.json,NotBuggy
6,0.03138269484043121,3,5,111.58573150634766,3230.json,NotBuggy
3,0.5018251538276672,1,1,130.85629272460938,3280.json,NotBuggy
3,0.8428696990013123,1,0,133.59722900390625,4533.json,Buggy
7,0.1042357087135315,4,4,108.63020324707031,3522.json,NotBuggy
3,0.980193018913269,1,0,129.94700622558594,4638.json,NotBuggy
3,0.8710300922393799,1,1,132.086669921875,4738.json,NotBuggy
6,0.4582570493221283,3,2,112.26944732666016,2767.json,NotBuggy
2,0.8669668436050415,1,0,138.17149353027344,5222.json,NotBuggy
4,0.933008074760437,1,1,124.04872131347656,924.json,NotBuggy
7,0.023146534338593483,1,5,111.37712860107422,3351.json,NotBuggy
3,0.8553066849708557,1,1,131.28770446777344,1936.json,NotBuggy
3,0.7699209451675415,1,1,132.25152587890625,2839.json,NotBuggy
3,0.9367898106575012,1,0,133.59722900390625,4383.json,NotBuggy
3,0.5692585706710815,1,1,129.61952209472656,1056.json,NotBuggy
4,0.45580199360847473,1,2,124.7987289428711,1807.json,NotBuggy
7,0.003033072454854846,4,0,108.35501098632812,2763.json,Buggy
3,0.8819122910499573,1,0,133.59722900390625,3268.json,NotBuggy
3,0.9394250512123108,1,0,132.4454345703125,5145.json,NotBuggy
8,0.11684279143810272,1,4,107.82999420166016,2648.json,Buggy
3,0.006690286565572023,1,3,126.7169418334961,5113.json,Buggy
3,0.9253777861595154,1,0,130.7338104248047,4373.json,NotBuggy
3,0.7699209451675415,1,1,132.25152587890625,3368.json,NotBuggy
4,0.4716717004776001,1,1,124.81353759765625,2543.json,NotBuggy
3,0.8547940850257874,1,0,133.59722900390625,816.json,NotBuggy
3,0.948209285736084,1,0,133.59722900390625,4634.json,NotBuggy
7,0.012916827574372292,2,0,112.05997467041016,5009.json,Buggy
3,0.3123854398727417,1,1,132.25152587890625,221.json,NotBuggy
6,0.31146639585494995,2,3,113.3850326538086,3353.json,NotBuggy
2,0.8846036791801453,1,0,140.82913208007812,1382.json,Buggy
3,0.5068603754043579,1,1,128.8092498779297,1751.json,NotBuggy
6,7.497321930713952E-4,1,5,112.87873840332031,94.json,Buggy
15,0.1369851529598236,3,5,95.36732482910156,1052.json,NotBuggy
3,0.005989834200590849,1,2,127.102294921875,308.json,NotBuggy
3,0.6276978850364685,1,1,130.57513427734375,3067.json,NotBuggy
3,0.054215606302022934,1,2,129.34671020507812,3577.json,NotBuggy
17,0.007298605516552925,3,10,91.19003295898438,5161.json,Buggy
19,0.0012504876358434558,2,11,88.8602294921875,5220.json,NotBuggy
5,0.2804518938064575,2,3,118.20518493652344,3048.json,NotBuggy
3,0.8945329785346985,1,1,130.07347106933594,3122.json,NotBuggy
2,0.06709212064743042,1,0,135.10760498046875,5046.json,Buggy
3,0.8156518936157227,1,0,132.4454345703125,1606.json,NotBuggy
3,0.4447043538093567,1,2,131.75106811523438,3572.json,NotBuggy
3,0.04747023060917854,1,2,128.91311645507812,3549.json,NotBuggy
53,0.0,7,40,64.96275329589844,1639.json,Buggy
3,0.7798917293548584,1,0,131.28770446777344,4824.json,NotBuggy
3,0.9581897258758545,1,0,132.9956512451172,4045.json,NotBuggy
3,0.5131309032440186,1,1,129.9696044921875,1344.json,Buggy
10,0.6616786122322083,5,0,105.18973541259766,2888.json,NotBuggy
7,0.01049070991575718,3,4,108.82691192626953,3938.json,NotBuggy
107,0.0,20,93,44.969722747802734,1671.json,Buggy
3,0.9497587084770203,1,0,131.9385528564453,5129.json,NotBuggy
3,0.5615657567977905,1,0,132.4454345703125,5160.json,NotBuggy
15,0.006144008599221706,3,6,92.27778625488281,91.json,Buggy
4,0.29724788665771484,1,2,123.96263122558594,3263.json,NotBuggy
9,0.04700801894068718,2,4,105.2471923828125,297.json,Buggy
4,0.7346014380455017,1,3,126.04888916015625,2800.json,Buggy
5,0.2016434371471405,1,5,117.2788314819336,4750.json,NotBuggy
3,0.5117172002792358,1,2,129.57785034179688,4206.json,NotBuggy
26,9.48708038777113E-4,6,12,81.28446960449219,4022.json,Buggy
3,0.7962050437927246,1,1,132.61029052734375,3571.json,NotBuggy
59,1.3673902139998972E-4,13,27,61.288143157958984,5245.json,Buggy
11,0.008921978063881397,3,9,99.56121063232422,2454.json,NotBuggy
3,0.5692585706710815,1,1,129.61952209472656,1053.json,NotBuggy
3,0.9550763964653015,1,0,132.9956512451172,4374.json,NotBuggy
8,0.013491878286004066,2,5,105.63968658447266,2619.json,Buggy
3,0.9235057830810547,1,0,133.59722900390625,3369.json,NotBuggy
3,0.3392263352870941,1,1,130.07347106933594,4847.json,NotBuggy
6,0.4365294575691223,3,1,112.93401336669922,502.json,Buggy
3,0.11678824573755264,1,3,129.1480712890625,3208.json,Buggy
3,0.7392198443412781,1,2,130.70933532714844,4217.json,NotBuggy
4,0.5884899497032166,1,2,121.75926971435547,2326.json,Buggy
4,0.6681716442108154,1,2,122.84404754638672,5091.json,Buggy
3,0.9225170612335205,1,0,133.59722900390625,2922.json,NotBuggy
10,0.3212026357650757,2,5,101.84412384033203,957.json,NotBuggy
1,0.9919390678405762,1,0,150.7931671142578,1060.json,NotBuggy
3,0.008748226799070835,1,0,132.9956512451172,2530.json,NotBuggy
14,0.013241035863757133,8,5,93.27721405029297,2955.json,NotBuggy
11,0.3553835451602936,3,1,102.91090393066406,5679.json,Buggy
3,0.9535742402076721,1,0,133.59722900390625,676.json,NotBuggy
4,0.0032433161977678537,2,1,120.7276840209961,1179.json,NotBuggy
3,0.9585011601448059,1,0,130.99049377441406,3157.json,NotBuggy
18,0.0100431889295578,3,11,88.97959899902344,1350.json,NotBuggy
3,0.7551884651184082,1,1,132.79563903808594,648.json,Buggy
8,0.47969478368759155,3,2,107.09391021728516,1408.json,NotBuggy
8,0.0,2,8,104.85371398925781,3058.json,NotBuggy
3,0.0,1,1,126.2772445678711,1041.json,Buggy
5,0.8143410086631775,1,2,119.66572570800781,1526.json,NotBuggy
3,0.6643685102462769,1,0,130.85629272460938,5678.json,Buggy
3,0.9682589173316956,1,0,130.45266723632812,4900.json,NotBuggy
23,0.0033329720608890057,6,13,82.88042449951172,671.json,NotBuggy
5,0.2607582211494446,1,2,119.48943328857422,3252.json,NotBuggy
3,0.24299070239067078,1,1,131.75106811523438,3974.json,NotBuggy
4,0.2123926281929016,1,0,123.21045684814453,573.json,Buggy
35,2.923645079135895E-4,6,9,73.17621612548828,5098.json,Buggy
25,0.0,5,11,81.23301696777344,5238.json,Buggy
3,0.89423006772995,1,0,129.7158966064453,2897.json,NotBuggy
3,0.30791953206062317,1,1,128.712890625,2554.json,NotBuggy
3,0.7726458311080933,1,0,133.59722900390625,456.json,Buggy
4,0.5488358736038208,1,2,123.67467498779297,2415.json,NotBuggy
3,0.02998727187514305,1,2,128.91311645507812,3602.json,NotBuggy
5,0.0027399295940995216,1,2,115.35023498535156,5121.json,Buggy
7,0.7067241072654724,3,1,111.42787170410156,4813.json,NotBuggy
13,0.1274813562631607,3,3,98.70028686523438,3898.json,NotBuggy
20,0.0014905373100191355,7,3,85.35281372070312,4942.json,NotBuggy
3,0.9283403754234314,1,0,133.59722900390625,1407.json,NotBuggy
29,0.0,8,20,76.87847137451172,2753.json,Buggy
3,0.13562355935573578,1,1,129.47398376464844,962.json,NotBuggy
3,0.11685413867235184,1,4,127.52558135986328,3950.json,NotBuggy
3,0.6984202861785889,1,1,131.75106811523438,367.json,NotBuggy
3,0.9206726551055908,1,0,129.37762451171875,4904.json,NotBuggy
3,0.04747023060917854,1,2,128.91311645507812,3576.json,NotBuggy
10,0.05623931810259819,2,0,105.25951385498047,1925.json,Buggy
3,0.7258177995681763,1,0,133.59722900390625,2779.json,NotBuggy
3,0.7083232998847961,1,1,132.086669921875,2823.json,NotBuggy
6,0.14043501019477844,3,0,113.04348754882812,4876.json,NotBuggy
25,0.0,3,24,80.24483489990234,980.json,Buggy
4,0.013350886292755604,3,1,119.50254821777344,4884.json,NotBuggy
13,0.4677276909351349,2,5,98.91192626953125,1346.json,NotBuggy
3,0.9235057830810547,1,0,133.59722900390625,3442.json,NotBuggy
5,0.8862788081169128,1,0,121.18380737304688,1415.json,NotBuggy
9,0.5749786496162415,2,1,110.09605407714844,3948.json,NotBuggy
3,0.041969772428274155,2,2,126.26983642578125,5252.json,Buggy
5,0.24301555752754211,1,2,119.31893157958984,4928.json,NotBuggy
1,0.9919390678405762,1,0,150.7931671142578,1057.json,NotBuggy
3,0.8924878835678101,1,0,133.59722900390625,4930.json,NotBuggy
4,0.2609580457210541,1,0,123.1362075805664,5246.json,Buggy
3,0.9456103444099426,1,0,131.28770446777344,622.json,NotBuggy
3,0.8650034666061401,1,0,131.75106811523438,1493.json,NotBuggy
3,0.0034859972074627876,1,0,126.96322631835938,3200.json,NotBuggy
3,0.7553495764732361,1,1,132.086669921875,3080.json,NotBuggy
5,0.0,1,3,114.16748046875,4343.json,NotBuggy
3,0.14618076384067535,1,1,127.76728820800781,1227.json,NotBuggy
3,0.541132926940918,1,0,132.9956512451172,3095.json,Buggy
3,0.9569032192230225,1,0,131.28770446777344,4889.json,NotBuggy
10,0.01155023742467165,2,4,102.38487243652344,653.json,NotBuggy
5,0.6704176068305969,1,1,123.02808380126953,3960.json,NotBuggy
3,0.4535258710384369,1,2,130.05470275878906,2914.json,NotBuggy
3,0.0016100727953016758,1,1,127.59099578857422,1434.json,NotBuggy
3,0.9396195411682129,1,0,133.59722900390625,4881.json,NotBuggy
3,0.5131309032440186,1,1,129.9696044921875,1340.json,Buggy
7,0.011481616646051407,2,2,108.58385467529297,5118.json,Buggy
5,0.03625524044036865,1,4,116.85455322265625,1932.json,NotBuggy
22,0.003124899696558714,4,9,85.78968048095703,5680.json,Buggy
3,0.8055093288421631,1,0,131.9385528564453,3184.json,NotBuggy
3,5.892618792131543E-4,1,1,128.41912841796875,5153.json,NotBuggy
4,0.30204540491104126,1,1,124.361083984375,1623.json,NotBuggy
20,0.0036405157297849655,4,16,86.94783782958984,606.json,Buggy
4,0.20911909639835358,1,1,123.87862396240234,3256.json,NotBuggy
9,0.29265937209129333,6,2,104.72405242919922,4331.json,NotBuggy
3,1.5790150791872293E-4,1,0,126.1478500366211,3209.json,NotBuggy
3,0.902388870716095,1,0,133.59722900390625,5224.json,NotBuggy
3,0.02733367681503296,1,1,128.83535766601562,985.json,NotBuggy
19,0.006082402542233467,4,7,87.6475830078125,275.json,NotBuggy
4,0.007177149411290884,2,1,120.86674499511719,1927.json,NotBuggy
3,0.7811070680618286,1,0,133.59722900390625,4310.json,NotBuggy
3,0.9456103444099426,1,0,131.28770446777344,621.json,NotBuggy
3,0.8387935161590576,1,1,132.25152587890625,2974.json,NotBuggy
3,0.9217595458030701,1,0,130.7338104248047,4405.json,NotBuggy
3,0.9289069771766663,1,0,133.59722900390625,535.json,NotBuggy
17,0.059661272913217545,3,7,90.57280731201172,4758.json,NotBuggy
3,0.61268150806427,1,2,128.8216552734375,4534.json,NotBuggy
3,0.001968247117474675,1,3,126.28292083740234,2005.json,NotBuggy
13,0.07818501442670822,4,3,95.99067687988281,981.json,Buggy
3,0.7932906150817871,1,0,131.03103637695312,4308.json,NotBuggy
3,0.008748226799070835,1,0,132.9956512451172,2504.json,NotBuggy
8,7.147161522880197E-4,1,6,106.62179565429688,2624.json,Buggy
3,0.9253777861595154,1,0,130.7338104248047,4369.json,NotBuggy
9,8.601651061326265E-4,1,5,102.53862762451172,1933.json,NotBuggy
8,0.03010515309870243,2,5,108.14181518554688,650.json,Buggy
3,0.9196484684944153,1,0,133.59722900390625,486.json,Buggy
3,0.8421861529350281,1,0,129.58164978027344,4351.json,NotBuggy
3,0.9711110591888428,1,0,130.45266723632812,4899.json,NotBuggy
3,0.33323901891708374,1,1,130.07347106933594,2891.json,NotBuggy
3,0.8913548588752747,1,0,132.61029052734375,2825.json,NotBuggy
6,0.18483318388462067,3,0,112.5718994140625,4870.json,NotBuggy
7,0.8200514316558838,1,0,112.42162322998047,2765.json,NotBuggy
3,0.7789871096611023,1,1,130.85629272460938,4746.json,NotBuggy
6,0.07272899895906448,1,6,114.57400512695312,2768.json,NotBuggy
3,0.802773118019104,1,1,132.086669921875,4735.json,NotBuggy
3,0.7258177995681763,1,0,133.59722900390625,3977.json,NotBuggy
5,0.1291363686323166,1,3,118.51167297363281,2016.json,Buggy
4,0.8970963358879089,1,0,123.77584075927734,5217.json,NotBuggy
3,0.9006614089012146,1,0,133.59722900390625,3619.json,Buggy
5,0.013239428400993347,1,1,118.74115753173828,3342.json,NotBuggy
14,0.001468463335186243,5,7,93.2373046875,3556.json,Buggy
3,0.05881107226014137,1,2,127.59099578857422,1739.json,NotBuggy
3,0.2135312706232071,2,4,127.44500732421875,3272.json,NotBuggy
3,0.41325435042381287,1,1,129.47398376464844,3072.json,NotBuggy
12,0.03160375729203224,3,3,100.49259185791016,5211.json,NotBuggy
3,0.0,1,1,126.21087646484375,814.json,Buggy
3,0.9621745347976685,1,0,131.28770446777344,4916.json,NotBuggy
3,0.1326903998851776,1,0,133.59722900390625,3399.json,NotBuggy
7,0.01101011410355568,3,4,108.37899017333984,2680.json,NotBuggy
19,0.03628336638212204,4,3,89.40776062011719,3905.json,NotBuggy
12,0.0030861389823257923,6,5,96.06644439697266,2654.json,NotBuggy
19,0.0,4,25,84.98246765136719,5024.json,Buggy
12,9.697484783828259E-4,5,9,96.24874114990234,4410.json,NotBuggy
3,0.46401911973953247,1,1,132.79563903808594,5102.json,NotBuggy
3,0.9235057830810547,1,0,133.59722900390625,2746.json,NotBuggy
3,0.9235057830810547,1,0,133.59722900390625,3545.json,NotBuggy
3,0.20963753759860992,1,2,128.92515563964844,974.json,NotBuggy
17,0.0,13,0,86.69352722167969,2902.json,NotBuggy
3,0.6849416494369507,1,1,131.75106811523438,556.json,Buggy
3,0.7612021565437317,1,0,133.59722900390625,2781.json,NotBuggy
3,0.8992260098457336,1,0,132.086669921875,678.json,NotBuggy
4,0.0,1,4,118.83750915527344,587.json,Buggy
5,0.8756856918334961,2,1,120.6200180053711,4755.json,NotBuggy
3,0.664474368095398,1,0,131.9385528564453,3899.json,NotBuggy
3,0.7719694375991821,1,0,133.59722900390625,2806.json,NotBuggy
3,0.935778021812439,1,0,132.9956512451172,4309.json,NotBuggy
35,0.0,10,28,71.98523712158203,68.json,Buggy
15,0.0,7,13,88.92280578613281,3151.json,NotBuggy
3,0.3951352536678314,1,0,132.25152587890625,1370.json,NotBuggy
7,0.4341118633747101,2,1,111.30314636230469,1930.json,Buggy
3,0.18372011184692383,1,2,129.0255889892578,579.json,NotBuggy
5,0.8787660598754883,2,1,120.6200180053711,4753.json,NotBuggy
3,0.741529107093811,1,2,130.57513427734375,4767.json,NotBuggy
7,0.26749444007873535,4,2,110.77677917480469,3177.json,NotBuggy
5,0.5046926140785217,1,5,118.58592224121094,4754.json,NotBuggy
15,0.08602768182754517,6,8,92.30268096923828,588.json,Buggy
3,0.713691771030426,1,1,130.85629272460938,5095.json,NotBuggy
3,0.6006538271903992,1,2,129.57785034179688,2668.json,NotBuggy
8,0.2167954295873642,1,7,108.0224838256836,3509.json,NotBuggy
3,0.9456103444099426,1,0,131.28770446777344,707.json,NotBuggy
11,0.2386031299829483,4,4,100.38084411621094,4861.json,NotBuggy
3,0.0024224144872277975,1,2,126.14789581298828,576.json,NotBuggy
3,0.5131309032440186,1,1,129.9696044921875,1334.json,Buggy
36,0.0,7,28,71.70191192626953,5493.json,Buggy
3,0.541132926940918,1,0,132.9956512451172,3279.json,Buggy
3,0.2135312706232071,2,4,127.44500732421875,3189.json,NotBuggy
3,6.420778227038682E-4,1,1,128.91311645507812,5170.json,Buggy
3,0.7438695430755615,1,0,131.28770446777344,5057.json,Buggy
3,0.7991687655448914,1,1,132.25152587890625,2898.json,NotBuggy
3,0.8811901211738586,1,1,131.28770446777344,1006.json,Buggy
3,0.1326903998851776,1,0,133.59722900390625,3277.json,NotBuggy
3,0.923443615436554,1,1,130.7338104248047,1369.json,NotBuggy
3,1.6845135542098433E-4,1,1,127.36779022216797,487.json,Buggy
4,0.5953667759895325,1,1,125.64796447753906,3507.json,NotBuggy
3,0.8819122910499573,1,0,133.59722900390625,3205.json,NotBuggy
3,0.532102644443512,1,2,128.8216552734375,3084.json,NotBuggy
3,0.8220066428184509,1,1,132.086669921875,2738.json,NotBuggy
5,0.0,1,1,116.08684539794922,813.json,Buggy
9,0.5257850885391235,3,3,106.87250518798828,5673.json,Buggy
6,0.043721772730350494,3,3,112.08033752441406,4787.json,NotBuggy
7,0.7515479326248169,3,1,111.12031555175781,4810.json,NotBuggy
3,0.44889765977859497,1,0,132.25152587890625,5200.json,NotBuggy
4,0.8650745749473572,1,1,125.39425659179688,4046.json,NotBuggy
3,0.7284248471260071,1,0,131.9385528564453,1566.json,NotBuggy
3,0.6159390211105347,1,0,131.1535186767578,4825.json,NotBuggy
3,0.7946651577949524,1,0,130.30841064453125,3093.json,NotBuggy
3,0.8449391722679138,1,0,132.4454345703125,3973.json,NotBuggy
3,0.7932906150817871,1,0,131.03103637695312,4414.json,NotBuggy
3,0.8040070533752441,1,0,131.46876525878906,3570.json,NotBuggy
12,0.5386689901351929,2,7,98.03353881835938,4760.json,NotBuggy
14,1.0982259846059605E-4,3,22,92.5647201538086,2793.json,Buggy
2,0.7524945735931396,1,0,142.4026641845703,2700.json,NotBuggy
2,0.9977839589118958,1,0,140.82913208007812,4337.json,NotBuggy
5,0.09054733067750931,1,4,118.58592224121094,2780.json,Buggy
8,0.0044976938515901566,4,6,106.11360168457031,4024.json,NotBuggy
12,0.02261834591627121,3,6,98.97982788085938,563.json,Buggy
20,0.005112027749419212,7,10,86.78608703613281,3963.json,Buggy
8,0.6151116490364075,5,0,108.79000854492188,4839.json,Buggy
3,0.745807409286499,1,0,129.14646911621094,2752.json,NotBuggy
25,0.0,5,13,80.6177749633789,1630.json,Buggy
15,0.013579861260950565,4,4,91.935546875,4873.json,NotBuggy
19,6.897551938891411E-4,4,11,88.23348236083984,976.json,Buggy
12,0.4448597729206085,2,5,100.62483978271484,1347.json,Buggy
3,0.658980667591095,1,1,130.85629272460938,2612.json,NotBuggy
15,0.044812172651290894,3,5,94.2895736694336,5676.json,Buggy
1,0.9953560829162598,1,0,150.7931671142578,492.json,NotBuggy
7,0.4729279577732086,2,0,111.47318267822266,4874.json,NotBuggy
3,0.9665988087654114,1,0,133.59722900390625,4794.json,NotBuggy
27,0.0010076420148834586,4,20,81.23851776123047,5011.json,Buggy
3,0.23684366047382355,1,3,128.70916748046875,4636.json,NotBuggy
3,0.9569032192230225,1,0,131.28770446777344,4926.json,NotBuggy
4,0.008732306770980358,2,3,120.06539916992188,1221.json,NotBuggy
10,0.03705368563532829,3,3,102.80687713623047,5082.json,Buggy
5,0.8589836359024048,2,1,117.63319396972656,4833.json,NotBuggy
3,0.41325435042381287,1,1,129.47398376464844,3909.json,NotBuggy
3,0.9500115513801575,1,1,128.22288513183594,2790.json,NotBuggy
3,0.849617063999176,1,0,133.59722900390625,3101.json,NotBuggy
3,0.7751907110214233,1,0,133.59722900390625,3204.json,NotBuggy
3,0.9217595458030701,1,0,130.7338104248047,4399.json,NotBuggy
2,0.7524945735931396,1,0,142.4026641845703,842.json,NotBuggy
3,0.26916876435279846,1,1,129.2428436279297,2572.json,NotBuggy
4,0.7532790303230286,1,2,125.64796447753906,5136.json,Buggy
7,0.287660151720047,3,4,108.78269958496094,2617.json,Buggy
3,0.9289069771766663,1,0,133.59722900390625,2824.json,NotBuggy
3,0.0,1,4,128.0337677001953,580.json,NotBuggy
3,0.8737342953681946,1,0,133.59722900390625,1591.json,NotBuggy
3,0.9840019941329956,1,0,129.0255889892578,3947.json,NotBuggy
3,0.9240276217460632,1,0,133.59722900390625,4737.json,NotBuggy
3,0.9641444087028503,1,0,130.99049377441406,4803.json,NotBuggy
3,0.9063717126846313,1,0,133.59722900390625,3244.json,NotBuggy
3,0.9136513471603394,2,1,129.3478546142578,69.json,Buggy
3,0.14549767971038818,1,1,129.4591827392578,4040.json,NotBuggy
3,0.7825257778167725,1,0,133.59722900390625,5677.json,NotBuggy
3,0.16534395515918732,1,1,128.14134216308594,4341.json,NotBuggy
3,0.7362534999847412,1,0,130.85629272460938,1943.json,NotBuggy
3,0.6277787685394287,1,1,130.45266723632812,4882.json,NotBuggy
22,0.0026436063926666975,4,12,85.2359390258789,5167.json,Buggy
3,0.7258177995681763,1,0,133.59722900390625,2787.json,NotBuggy
11,0.033050622791051865,3,3,99.86539459228516,2615.json,Buggy
6,0.33857688307762146,1,3,115.56043243408203,5273.json,NotBuggy
3,0.7100642919540405,1,1,130.85629272460938,3226.json,NotBuggy
3,0.5263105630874634,1,0,133.59722900390625,2027.json,NotBuggy
7,0.020494164898991585,1,6,109.41046142578125,1965.json,NotBuggy
8,0.013491878286004066,2,5,105.63968658447266,2618.json,Buggy
3,0.695430338382721,1,1,132.25152587890625,811.json,NotBuggy
3,0.9148455262184143,1,0,133.59722900390625,3343.json,NotBuggy
3,0.2135312706232071,2,4,127.44500732421875,3172.json,NotBuggy
6,0.8174089789390564,1,1,118.58381652832031,3961.json,NotBuggy
14,0.5763883590698242,6,3,97.02184295654297,3959.json,NotBuggy
5,0.040972787886857986,2,2,116.22709655761719,3014.json,NotBuggy
3,0.5160296559333801,1,2,130.99049377441406,1422.json,NotBuggy
3,0.8867116570472717,1,2,130.57513427734375,1939.json,NotBuggy
3,0.5746195316314697,1,2,129.93223571777344,2045.json,NotBuggy
3,0.8274266719818115,1,0,132.4454345703125,635.json,NotBuggy
3,0.6190336346626282,1,1,130.57513427734375,5000.json,NotBuggy
4,0.4716717004776001,1,1,124.81353759765625,2550.json,NotBuggy
3,0.41791364550590515,1,1,130.34019470214844,3090.json,NotBuggy
3,0.9456103444099426,1,0,131.28770446777344,701.json,NotBuggy
3,0.02998727187514305,1,2,128.91311645507812,3578.json,NotBuggy
3,0.8015275001525879,1,2,129.57785034179688,4104.json,Buggy
14,0.026205724105238914,3,4,95.88575744628906,5064.json,Buggy
3,0.9773576855659485,1,0,132.9956512451172,3124.json,NotBuggy
14,1.657702960073948E-4,3,22,92.69097137451172,2728.json,Buggy
3,0.21421417593955994,1,3,128.70916748046875,3238.json,NotBuggy
3,0.9094628691673279,1,0,133.59722900390625,2460.json,NotBuggy
4,0.22333188354969025,3,3,120.06654357910156,2916.json,NotBuggy
3,0.9235057830810547,1,0,133.59722900390625,3536.json,NotBuggy
14,0.2568116784095764,6,2,96.80210876464844,966.json,NotBuggy
8,0.07261659950017929,2,4,107.8910903930664,684.json,Buggy
6,0.03697534278035164,1,3,114.64286041259766,4805.json,NotBuggy
3,0.9469813704490662,1,0,132.086669921875,4865.json,NotBuggy
3,0.4938490092754364,1,0,127.98577117919922,4923.json,NotBuggy
13,0.8139017224311829,3,5,98.00941467285156,5223.json,NotBuggy
2,0.9973176121711731,1,0,142.4026641845703,5199.json,NotBuggy
3,0.802773118019104,1,1,132.086669921875,4736.json,NotBuggy
43,0.0,8,53,66.45549011230469,2001.json,Buggy
3,0.4442969262599945,1,2,129.34671020507812,3245.json,NotBuggy
3,0.9112564921379089,1,0,130.05470275878906,4919.json,NotBuggy
3,0.319767028093338,1,1,128.62307739257812,1898.json,NotBuggy
3,0.2135312706232071,2,4,127.44500732421875,3155.json,NotBuggy
2,0.8717721700668335,1,0,140.82913208007812,1381.json,Buggy
3,0.7866691946983337,1,0,129.37762451171875,592.json,Buggy
14,0.7389064431190491,4,3,96.7922592163086,57.json,Buggy
4,0.08188886195421219,2,2,122.13370513916016,3264.json,NotBuggy
19,0.0,4,19,85.79814147949219,688.json,Buggy
6,0.08612462133169174,2,3,112.64874267578125,1214.json,NotBuggy
3,0.9528504014015198,1,0,131.9385528564453,4868.json,NotBuggy
4,0.06948959082365036,1,2,122.76004028320312,4734.json,NotBuggy
4,0.028839707374572754,2,4,121.46289825439453,830.json,NotBuggy
10,0.6113917231559753,5,1,105.25271606445312,900.json,NotBuggy
13,6.15062250290066E-4,5,12,94.27454376220703,2662.json,Buggy
3,0.8447132110595703,2,1,127.44500732421875,5694.json,NotBuggy
3,0.8214501142501831,1,0,133.59722900390625,5212.json,NotBuggy
3,0.32264581322669983,1,0,131.43582153320312,3074.json,NotBuggy
4,0.8138498663902283,1,0,125.0554428100586,3493.json,Buggy
4,0.14743997156620026,1,2,123.19084167480469,4372.json,NotBuggy
3,0.6901459693908691,1,1,130.85629272460938,3154.json,NotBuggy
3,0.7924601435661316,1,1,132.79563903808594,695.json,NotBuggy
4,0.10903142392635345,1,1,122.28182983398438,1919.json,NotBuggy
3,0.7699209451675415,1,1,132.25152587890625,4249.json,NotBuggy
5,0.8492550253868103,1,0,119.19406127929688,5233.json,NotBuggy
29,6.722116377204657E-4,5,15,77.56533813476562,982.json,Buggy
3,0.07776902616024017,1,1,128.92515563964844,2988.json,NotBuggy
15,0.00882285088300705,6,5,92.53482818603516,1353.json,Buggy
3,0.695430338382721,1,1,132.25152587890625,3474.json,NotBuggy
3,0.11650973558425903,1,2,129.2428436279297,2835.json,NotBuggy
13,0.05717679485678673,4,4,94.39364624023438,1411.json,NotBuggy
16,0.07573644071817398,4,2,92.68194580078125,1922.json,Buggy
2,0.8846036791801453,1,0,140.82913208007812,637.json,NotBuggy
7,0.5067512392997742,4,0,110.833251953125,2846.json,NotBuggy
6,0.8590272665023804,2,1,116.13532257080078,616.json,NotBuggy
3,0.6942852735519409,1,1,130.07347106933594,1917.json,NotBuggy
3,0.7932906150817871,1,0,131.03103637695312,4307.json,NotBuggy
13,0.003312778891995549,4,6,96.43526458740234,4667.json,NotBuggy
4,0.2609580457210541,1,0,123.1362075805664,5184.json,Buggy
1,0.9919390678405762,1,0,150.7931671142578,1050.json,NotBuggy
47,0.0,14,31,65.54685974121094,1637.json,Buggy
3,0.8127560615539551,1,2,129.93223571777344,1894.json,NotBuggy
3,0.0026179091073572636,1,2,127.13091278076172,5210.json,Buggy
10,0.00683988444507122,3,3,101.83576202392578,4933.json,NotBuggy
5,0.24925196170806885,3,3,116.5744857788086,4026.json,NotBuggy
4,0.006826536729931831,2,3,120.5384521484375,3972.json,NotBuggy
3,0.6090587973594666,1,2,131.91592407226562,4216.json,NotBuggy
3,0.8945329785346985,1,1,130.07347106933594,3120.json,NotBuggy
27,0.0,4,21,78.4552993774414,2004.json,NotBuggy
3,0.9049878120422363,1,0,131.28770446777344,4818.json,NotBuggy
3,0.9225170612335205,1,0,133.59722900390625,497.json,NotBuggy
3,0.6908929347991943,1,0,131.9385528564453,496.json,Buggy
3,0.9289069771766663,1,0,133.59722900390625,498.json,Buggy
6,0.48554694652557373,3,3,113.67744445800781,2715.json,NotBuggy
3,0.7356581687927246,1,1,131.28770446777344,102.json,NotBuggy
3,0.4671535789966583,1,0,132.25152587890625,5134.json,NotBuggy
2,0.8633230924606323,1,0,140.82913208007812,219.json,Buggy
3,0.7399714589118958,1,2,130.70933532714844,4197.json,NotBuggy
3,0.8387935161590576,1,1,132.25152587890625,3069.json,NotBuggy
3,0.9581897258758545,1,0,132.9956512451172,2431.json,NotBuggy
3,0.9382485747337341,1,0,132.9956512451172,3182.json,NotBuggy
8,0.023391708731651306,4,4,105.48403930664062,3554.json,Buggy
3,0.2135312706232071,2,4,127.44500732421875,3167.json,NotBuggy
4,0.0973830297589302,1,0,123.28931427001953,5111.json,Buggy
7,0.041930604726076126,2,4,111.03765106201172,1332.json,NotBuggy
3,0.8956023454666138,1,1,129.93223571777344,2708.json,NotBuggy
3,0.7340269088745117,1,1,130.85629272460938,2691.json,NotBuggy
3,0.6716994047164917,1,1,132.086669921875,3952.json,NotBuggy
3,0.9550763964653015,1,0,132.9956512451172,4370.json,NotBuggy
19,0.5628885626792908,2,1,91.0197525024414,4894.json,NotBuggy
4,0.6142972111701965,1,2,125.78216552734375,2471.json,NotBuggy
8,0.01635274849832058,2,6,107.43061065673828,2457.json,NotBuggy
3,0.665803849697113,1,1,131.60296630859375,1498.json,NotBuggy
3,0.9247835278511047,1,0,129.37762451171875,4903.json,NotBuggy
5,0.3345182240009308,2,1,118.3667984008789,5698.json,Buggy
3,0.719375491142273,1,1,132.25152587890625,2899.json,NotBuggy
5,0.2779158055782318,1,3,121.00688934326172,271.json,Buggy
3,0.053111910820007324,1,1,127.76728820800781,967.json,NotBuggy
3,0.542949378490448,1,1,131.28770446777344,3940.json,NotBuggy
10,0.0010960085783153772,6,6,98.81965637207031,3153.json,NotBuggy
3,0.011536501348018646,1,2,127.50450134277344,482.json,Buggy
3,0.00326737342402339,1,1,126.03094482421875,200.json,Buggy
4,0.026303665712475777,2,5,121.11304473876953,2799.json,Buggy
9,3.903960750903934E-4,1,2,102.1895980834961,5244.json,Buggy
3,0.07575017213821411,1,1,129.57785034179688,945.json,NotBuggy
5,0.011194856837391853,2,4,114.7172622680664,2657.json,NotBuggy
3,0.7205249667167664,1,0,130.07347106933594,4820.json,NotBuggy
17,0.08940713107585907,2,8,91.62005615234375,1337.json,Buggy
7,0.041930604726076126,2,4,111.03765106201172,1499.json,NotBuggy
3,0.8474888801574707,1,0,133.59722900390625,892.json,NotBuggy
3,0.935778021812439,1,0,132.9956512451172,4312.json,NotBuggy
3,0.6643685102462769,1,0,130.85629272460938,686.json,Buggy
4,0.6732680797576904,1,2,126.04888916015625,489.json,Buggy
3,0.33323901891708374,1,1,130.07347106933594,3144.json,NotBuggy
3,0.675929844379425,1,0,132.25152587890625,3278.json,NotBuggy
3,0.41325435042381287,1,1,129.47398376464844,3911.json,NotBuggy
10,0.3330197036266327,2,2,104.89295959472656,1413.json,NotBuggy
11,0.033050622791051865,3,3,99.86539459228516,2614.json,Buggy
3,0.8077356219291687,1,0,133.59722900390625,815.json,NotBuggy
4,4.715943359769881E-4,1,5,119.29743957519531,944.json,NotBuggy
3,0.8421861529350281,1,0,129.58164978027344,4326.json,NotBuggy
4,0.4716717004776001,1,1,124.81353759765625,2545.json,NotBuggy
3,0.9077809453010559,1,0,133.59722900390625,2021.json,NotBuggy
9,0.2624025344848633,5,3,103.01760864257812,4853.json,NotBuggy
3,0.7189786434173584,1,2,130.30841064453125,2743.json,NotBuggy
10,0.2385634481906891,2,1,104.29228973388672,1921.json,Buggy
37,0.0,8,31,71.11319732666016,2660.json,Buggy
3,0.8304112553596497,1,1,131.60296630859375,696.json,NotBuggy
3,0.4594348967075348,1,0,131.46876525878906,3185.json,NotBuggy
3,0.7551884651184082,1,1,132.79563903808594,649.json,Buggy
3,0.24226348102092743,1,1,130.07347106933594,1329.json,NotBuggy
10,0.7670280933380127,2,5,104.62786102294922,5198.json,NotBuggy
3,0.9591540098190308,2,0,129.3478546142578,251.json,NotBuggy
3,0.19416126608848572,1,0,129.12539672851562,1472.json,NotBuggy
3,0.05573686957359314,1,1,128.83535766601562,3054.json,NotBuggy
3,0.8212200999259949,1,1,130.45266723632812,1564.json,NotBuggy
10,0.015038921497762203,3,5,102.21697998046875,2222.json,NotBuggy
4,0.0032433161977678537,2,1,120.7276840209961,1181.json,NotBuggy
3,0.786567747592926,1,0,130.18594360351562,968.json,NotBuggy
4,0.7328978180885315,1,2,123.1068344116211,2455.json,NotBuggy
8,0.31607431173324585,2,4,110.66998291015625,3092.json,NotBuggy
4,0.5125718712806702,1,1,125.5254898071289,3254.json,NotBuggy
9,0.04700801894068718,2,4,105.2471923828125,287.json,Buggy
18,0.0011986199533566833,5,10,89.42391204833984,5706.json,Buggy
3,0.11650973558425903,1,2,129.2428436279297,2836.json,NotBuggy
3,0.9367898106575012,1,0,133.59722900390625,4379.json,NotBuggy
3,0.6602647304534912,1,0,133.59722900390625,3403.json,Buggy
6,0.08084481954574585,2,3,112.85932922363281,1213.json,NotBuggy
8,0.04723091050982475,3,3,105.42146301269531,3931.json,NotBuggy
10,0.2558131217956543,4,4,103.20932006835938,1409.json,NotBuggy
5,0.20732465386390686,3,3,115.7868881225586,897.json,NotBuggy
3,0.4671535789966583,1,0,132.25152587890625,5130.json,NotBuggy
3,0.8055148720741272,1,1,132.25152587890625,2915.json,NotBuggy
3,0.5625467896461487,1,0,131.9385528564453,2608.json,Buggy
3,0.8212200999259949,1,1,130.45266723632812,1563.json,NotBuggy
18,0.18316233158111572,4,8,91.39982604980469,5146.json,NotBuggy
3,0.9497587084770203,1,0,131.9385528564453,5110.json,NotBuggy
3,0.013260455802083015,1,1,128.1235809326172,100.json,Buggy
3,0.9495198726654053,1,0,132.4454345703125,4864.json,NotBuggy
4,0.8124123811721802,1,2,125.64796447753906,5128.json,NotBuggy
19,0.004084504209458828,5,9,87.84369659423828,5705.json,Buggy
3,0.8214759230613708,1,0,131.28770446777344,636.json,NotBuggy
4,0.16562707722187042,1,3,123.55950164794922,2052.json,Buggy
3,0.8282424807548523,1,0,132.9956512451172,3468.json,NotBuggy
3,0.6467316746711731,1,1,130.7338104248047,4744.json,NotBuggy
6,0.4365294575691223,3,1,112.93401336669922,2834.json,Buggy
20,0.0012167553650215268,3,7,87.9295883178711,5172.json,Buggy
6,0.10784389823675156,1,1,112.21780395507812,1956.json,NotBuggy
7,0.041930604726076126,2,4,111.03765106201172,1255.json,NotBuggy
9,0.5257850885391235,3,3,106.87250518798828,5674.json,Buggy
9,0.12010322511196136,3,1,107.23126983642578,2419.json,NotBuggy
4,1.1427351273596287E-4,3,2,119.38710021972656,1011.json,Buggy
11,0.03210638836026192,3,4,100.75529479980469,2769.json,Buggy
3,0.9620180130004883,1,0,130.45266723632812,4840.json,NotBuggy
6,0.07323964685201645,1,7,114.03038787841797,4984.json,NotBuggy
3,0.4692044258117676,1,0,132.25152587890625,3126.json,NotBuggy
5,0.35529425740242004,3,0,116.27769470214844,2751.json,NotBuggy
3,0.665803849697113,1,1,131.60296630859375,1254.json,NotBuggy
3,0.7408078908920288,1,1,132.25152587890625,3227.json,NotBuggy
3,0.6849416494369507,1,1,131.75106811523438,199.json,NotBuggy
3,0.9285386204719543,1,0,133.59722900390625,455.json,Buggy
8,0.2803489863872528,1,8,107.43104553222656,4850.json,NotBuggy
3,0.9357609748840332,1,0,133.59722900390625,538.json,NotBuggy
4,0.04408416524529457,2,1,121.25740051269531,2427.json,NotBuggy
3,0.948209285736084,1,0,133.59722900390625,506.json,NotBuggy
4,0.024312056601047516,1,3,121.90362548828125,4411.json,Buggy
3,0.9508069753646851,1,0,133.59722900390625,537.json,NotBuggy
4,0.7277674078941345,2,2,123.71485900878906,2556.json,Buggy
12,0.2904030382633209,4,5,98.89230346679688,5103.json,Buggy
3,0.532102644443512,1,2,128.8216552734375,3271.json,NotBuggy
3,0.9313173890113831,1,0,130.85629272460938,1946.json,NotBuggy
8,0.8673994541168213,1,1,109.87305450439453,4855.json,NotBuggy
3,0.9620180130004883,1,0,130.45266723632812,4841.json,NotBuggy
3,0.6006538271903992,1,2,129.57785034179688,2667.json,NotBuggy
3,0.010351487435400486,1,3,127.67500305175781,943.json,NotBuggy
3,0.5851531624794006,1,0,130.18594360351562,2221.json,NotBuggy
4,0.026303665712475777,2,5,121.11304473876953,2735.json,Buggy
3,0.6489083766937256,1,0,131.1535186767578,4826.json,NotBuggy
3,0.9367898106575012,1,0,133.59722900390625,4387.json,NotBuggy
3,0.794566810131073,1,0,131.75106811523438,4897.json,NotBuggy
3,0.9190999865531921,1,0,133.59722900390625,3248.json,NotBuggy
3,0.541132926940918,1,0,132.9956512451172,4798.json,Buggy
3,0.5531408190727234,1,0,133.59722900390625,3186.json,NotBuggy
24,0.0,7,22,80.59925842285156,652.json,Buggy
3,0.06761400401592255,1,1,130.18594360351562,1966.json,NotBuggy
3,0.15413214266300201,1,2,128.1235809326172,1708.json,NotBuggy
3,0.554945170879364,1,1,128.8092498779297,1756.json,NotBuggy
5,0.5328278541564941,2,1,116.13975524902344,1793.json,NotBuggy
3,0.19833886623382568,1,0,133.59722900390625,2508.json,NotBuggy
3,0.7399714589118958,1,2,130.70933532714844,4202.json,NotBuggy
3,0.6526920795440674,1,2,130.18594360351562,1313.json,NotBuggy
3,0.6788762807846069,1,1,131.75106811523438,1038.json,Buggy
3,0.41981735825538635,1,2,129.2428436279297,1018.json,NotBuggy
3,0.5097569227218628,1,1,130.18594360351562,222.json,NotBuggy
3,0.9289069771766663,1,0,133.59722900390625,3246.json,NotBuggy
14,0.036036185920238495,4,4,96.41825866699219,2784.json,Buggy
5,0.21089377999305725,1,2,119.48943328857422,3251.json,NotBuggy
4,0.9075002670288086,2,0,122.54744720458984,184.json,NotBuggy
3,2.6666809571906924E-4,1,0,126.7169418334961,4346.json,NotBuggy
7,0.030190614983439445,2,2,112.60784912109375,3595.json,Buggy
3,0.8420994877815247,1,0,133.59722900390625,3100.json,NotBuggy
3,0.7811070680618286,1,0,133.59722900390625,4313.json,NotBuggy
3,0.8319922089576721,1,0,131.9385528564453,4817.json,NotBuggy
3,0.4495365023612976,1,3,129.12539672851562,979.json,NotBuggy
4,0.8153272867202759,2,0,123.14331817626953,1912.json,NotBuggy
12,0.022312050685286522,4,2,97.43750762939453,5143.json,Buggy
5,0.0867522805929184,2,4,117.85639953613281,2712.json,NotBuggy
4,0.15040871500968933,2,4,121.45690155029297,2008.json,Buggy
3,0.2601402997970581,1,2,128.1388702392578,1983.json,Buggy
9,0.20081447064876556,3,7,104.30802154541016,5684.json,Buggy
33,0.034480150789022446,8,16,75.72950744628906,92.json,Buggy
3,0.7174275517463684,1,0,130.34019470214844,3141.json,NotBuggy
3,0.6927386522293091,1,0,130.621337890625,4911.json,NotBuggy
11,0.0678127333521843,3,8,100.64295959472656,4752.json,NotBuggy
3,0.8634352087974548,1,0,133.59722900390625,989.json,NotBuggy
14,0.024891840294003487,5,11,94.44661712646484,5067.json,Buggy
15,0.22434721887111664,4,6,93.5641098022461,5707.json,Buggy
60,0.0,16,30,57.869083404541016,5047.json,Buggy
25,1.2138848251197487E-4,8,10,80.38552856445312,255.json,Buggy
6,0.8890014886856079,2,2,115.10508728027344,1258.json,NotBuggy
3,0.8996275663375854,1,0,133.59722900390625,1944.json,NotBuggy
3,0.0033737984485924244,1,0,126.96322631835938,3178.json,NotBuggy
6,6.426103063859046E-4,1,2,112.49044799804688,5119.json,Buggy
4,0.8860810399055481,1,1,125.79222106933594,1365.json,NotBuggy
2,0.9996019005775452,1,0,142.4026641845703,5266.json,NotBuggy
3,0.8589413166046143,1,0,132.79563903808594,1456.json,NotBuggy
5,0.20103387534618378,2,2,115.55155944824219,2020.json,Buggy
3,0.3951352536678314,1,0,132.25152587890625,3117.json,NotBuggy
6,0.03138269484043121,3,5,111.58573150634766,1980.json,NotBuggy
46,0.0,13,49,65.09369659423828,5016.json,Buggy
11,0.066200852394104,2,4,102.08228302001953,4879.json,NotBuggy
3,0.2896154224872589,1,0,132.4454345703125,3456.json,NotBuggy
4,0.5936301946640015,1,3,122.28182983398438,2467.json,NotBuggy
3,0.32742246985435486,1,1,129.93223571777344,4402.json,NotBuggy
8,0.012075064703822136,3,5,105.75706481933594,2960.json,NotBuggy
3,0.3657534420490265,1,2,129.69032287597656,2923.json,NotBuggy
3,0.5436930060386658,1,1,129.47398376464844,2428.json,NotBuggy
3,0.9048478007316589,1,0,133.59722900390625,963.json,NotBuggy
5,0.0,1,3,116.402099609375,4668.json,NotBuggy
3,0.9253777861595154,1,0,130.7338104248047,4377.json,NotBuggy
13,0.007281151600182056,4,11,95.84475708007812,2755.json,NotBuggy
3,0.30791953206062317,1,1,128.712890625,2578.json,NotBuggy
9,0.33168622851371765,1,6,106.68165588378906,203.json,NotBuggy
3,0.7056585550308228,1,1,130.85629272460938,3088.json,NotBuggy
25,0.0,5,13,80.6177749633789,1629.json,Buggy
3,0.49213385581970215,1,1,129.7158966064453,1607.json,Buggy
8,0.015465912409126759,3,4,105.24885559082031,1924.json,NotBuggy
3,0.6238198280334473,1,0,133.59722900390625,4830.json,NotBuggy
21,0.0024710302241146564,7,8,85.23674011230469,1635.json,Buggy
3,0.948209285736084,1,0,133.59722900390625,2926.json,NotBuggy
3,0.9493958950042725,1,1,132.086669921875,2840.json,NotBuggy
9,0.8175047636032104,2,3,107.78602600097656,5174.json,NotBuggy
3,0.21421417593955994,1,3,128.70916748046875,3521.json,NotBuggy
3,0.3657534420490265,1,2,129.69032287597656,2928.json,NotBuggy
4,0.007177149411290884,2,1,120.86674499511719,1926.json,NotBuggy
3,0.9625870585441589,1,1,128.22288513183594,2725.json,NotBuggy
10,0.2385634481906891,2,1,104.29228973388672,1914.json,Buggy
7,0.43907228112220764,2,4,110.19845581054688,2950.json,NotBuggy
10,0.1874769926071167,3,1,102.60086059570312,1916.json,NotBuggy
16,0.5758729577064514,4,4,92.403564453125,5279.json,Buggy
3,0.9258639812469482,1,0,133.59722900390625,4304.json,NotBuggy
3,0.002109677530825138,1,1,129.7158966064453,888.json,NotBuggy
3,0.41284263134002686,1,0,132.25152587890625,105.json,NotBuggy
4,0.7941275835037231,1,2,126.4781494140625,2557.json,NotBuggy
3,0.9175161719322205,1,0,132.9956512451172,987.json,NotBuggy
5,0.6903110146522522,3,0,117.33822631835938,2740.json,NotBuggy
19,0.07016879320144653,5,3,88.19770812988281,1583.json,Buggy
3,0.9569156765937805,1,0,130.57513427734375,4914.json,NotBuggy
3,0.5692585706710815,1,1,129.61952209472656,1065.json,NotBuggy
3,0.8766111135482788,1,0,132.4454345703125,4908.json,NotBuggy
3,0.007787390612065792,2,1,126.7358169555664,1929.json,Buggy
3,0.06721802055835724,1,2,129.69032287597656,2681.json,NotBuggy
10,0.23670850694179535,3,6,103.41233825683594,832.json,NotBuggy
3,0.84965580701828,1,0,132.4454345703125,2596.json,Buggy
3,0.09407047927379608,1,1,128.712890625,809.json,Buggy
7,0.007605354767292738,2,2,109.68270874023438,1597.json,NotBuggy
3,0.05224684253334999,2,3,127.71109771728516,5068.json,Buggy
3,0.30147379636764526,1,2,128.8092498779297,1900.json,NotBuggy
12,0.19963476061820984,3,1,99.2333755493164,1940.json,NotBuggy
3,0.7363779544830322,1,1,130.85629272460938,5265.json,NotBuggy
3,0.9420709609985352,1,0,131.9385528564453,1257.json,NotBuggy
3,0.7825257778167725,1,0,133.59722900390625,52.json,NotBuggy
10,0.06348862498998642,3,4,102.82249450683594,2426.json,NotBuggy
9,0.06705459207296371,1,3,106.61320495605469,3091.json,NotBuggy
12,0.015573954209685326,2,3,98.50117492675781,3123.json,NotBuggy
3,0.25799325108528137,1,1,132.086669921875,3417.json,NotBuggy
3,0.01860813796520233,1,1,128.22288513183594,2039.json,Buggy
4,0.4716717004776001,1,1,124.81353759765625,2519.json,NotBuggy
4,0.0010381224565207958,1,3,120.29814910888672,2049.json,NotBuggy
3,0.31574609875679016,1,2,129.69032287597656,2692.json,NotBuggy
3,0.25810277462005615,1,1,129.0215301513672,3971.json,NotBuggy
2,0.7524945735931396,1,0,142.4026641845703,2701.json,NotBuggy
4,0.15040871500968933,2,4,121.45690155029297,2009.json,Buggy
26,5.748528055846691E-4,4,14,82.00131225585938,5275.json,Buggy
3,0.9312708973884583,1,0,133.59722900390625,2811.json,NotBuggy
14,0.0020693771075457335,8,3,92.05445861816406,4328.json,NotBuggy
3,0.5494120121002197,1,1,132.25152587890625,3421.json,NotBuggy
2,0.9953814148902893,1,0,142.4026641845703,2417.json,NotBuggy
3,0.9234111905097961,1,0,133.59722900390625,624.json,NotBuggy
4,0.46778857707977295,1,1,125.15930938720703,263.json,NotBuggy
3,0.6006538271903992,1,2,129.57785034179688,2655.json,NotBuggy
3,0.08053161948919296,1,1,128.62307739257812,697.json,NotBuggy
4,0.0,1,4,118.83750915527344,5704.json,Buggy
3,0.03390629589557648,1,1,128.60531616210938,5105.json,Buggy
3,0.7324061989784241,1,1,132.79563903808594,1023.json,NotBuggy
3,0.0,1,1,125.3664321899414,640.json,Buggy
3,0.6197837591171265,1,0,133.59722900390625,1593.json,NotBuggy
27,0.0,6,11,79.7856216430664,3939.json,NotBuggy
12,0.45752671360969543,2,5,100.62483978271484,1368.json,NotBuggy
8,0.03651459142565727,3,3,107.25508880615234,2559.json,NotBuggy
5,0.03161695599555969,1,2,118.83859252929688,2774.json,NotBuggy
3,0.8095859289169312,1,0,131.9385528564453,964.json,NotBuggy
3,0.5254606604576111,1,0,133.59722900390625,5090.json,NotBuggy
3,0.45628035068511963,1,1,131.60296630859375,2719.json,NotBuggy
3,0.7363205552101135,1,1,131.75106811523438,2023.json,NotBuggy
4,0.5584523677825928,1,4,120.95767974853516,3584.json,NotBuggy
5,0.28142687678337097,3,5,115.62684631347656,4025.json,Buggy
3,0.7526296973228455,1,1,130.45266723632812,3012.json,NotBuggy
6,0.2379464954137802,2,2,115.10722351074219,493.json,Buggy
3,0.9532077312469482,1,0,133.59722900390625,973.json,NotBuggy
3,0.4371092617511749,1,1,128.3351287841797,192.json,Buggy
5,0.9231827259063721,2,1,121.80303955078125,935.json,NotBuggy
3,0.6726911067962646,1,2,131.28770446777344,4981.json,NotBuggy
17,0.08940713107585907,2,8,91.62005615234375,1335.json,Buggy
3,0.9484614729881287,1,0,133.59722900390625,4793.json,NotBuggy
3,0.5731960535049438,1,3,131.30345153808594,3147.json,NotBuggy
14,0.01861836016178131,3,10,94.65042877197266,2726.json,NotBuggy
25,0.032653771340847015,6,7,82.1485366821289,4806.json,NotBuggy
3,0.9235057830810547,1,0,133.59722900390625,3391.json,NotBuggy
3,0.8729019165039062,1,1,132.61029052734375,3079.json,NotBuggy
3,0.576793909072876,1,1,130.7338104248047,2574.json,NotBuggy
3,0.9482436776161194,1,0,131.9385528564453,698.json,NotBuggy
3,0.055459409952163696,1,1,128.8092498779297,1215.json,NotBuggy
3,0.6709601283073425,1,0,131.9385528564453,2564.json,NotBuggy
3,0.5705128908157349,1,0,130.30841064453125,929.json,NotBuggy
3,0.9089742302894592,1,0,131.28770446777344,4892.json,NotBuggy
17,3.3899550908245146E-4,3,20,88.55033111572266,5022.json,Buggy
4,0.2609580457210541,1,0,123.1362075805664,93.json,Buggy
9,0.030179429799318314,1,2,106.7727279663086,3043.json,NotBuggy
4,0.5685082674026489,1,2,123.67467498779297,826.json,NotBuggy
3,0.7811070680618286,1,0,133.59722900390625,4316.json,NotBuggy
8,1.423432695446536E-4,1,13,104.17034149169922,2003.json,NotBuggy
12,0.05956943333148956,4,6,99.51309967041016,3912.json,NotBuggy
3,0.7991687655448914,1,1,132.25152587890625,3422.json,NotBuggy
19,0.2799571454524994,5,11,88.58470153808594,5271.json,Buggy
6,0.37305882573127747,3,1,114.5882568359375,3199.json,NotBuggy
3,0.750139057636261,1,1,130.45266723632812,205.json,NotBuggy
4,0.9314292073249817,1,1,126.19583892822266,4814.json,NotBuggy
12,0.0,4,13,93.85115814208984,53.json,Buggy
3,0.4431416690349579,1,2,128.62307739257812,3259.json,NotBuggy
22,0.0,6,16,81.0318832397461,5056.json,Buggy
3,0.007380204740911722,2,1,125.98087310791016,2754.json,NotBuggy
3,0.6006538271903992,1,2,129.57785034179688,2659.json,NotBuggy
3,0.7918867468833923,1,1,129.93223571777344,932.json,NotBuggy
10,0.008650412783026695,3,6,101.32386779785156,4940.json,NotBuggy
3,8.478637901134789E-4,1,4,126.78704833984375,3046.json,NotBuggy
20,0.0014045977732166648,4,6,86.99088287353516,5104.json,Buggy
4,9.527768124826252E-4,1,2,122.36370849609375,593.json,Buggy
3,0.19833886623382568,1,0,133.59722900390625,2534.json,NotBuggy
3,0.8739116191864014,1,0,133.59722900390625,3896.json,NotBuggy
9,9.933020919561386E-4,2,4,105.50943756103516,1962.json,Buggy
6,0.8590272665023804,2,1,116.13532257080078,619.json,NotBuggy
3,0.8421861529350281,1,0,129.58164978027344,4329.json,NotBuggy
4,0.6476373076438904,1,1,125.64796447753906,894.json,NotBuggy
11,0.004586995579302311,5,6,97.25212860107422,1755.json,NotBuggy
6,0.011569465510547161,1,3,112.89320373535156,1297.json,NotBuggy
17,0.051223065704107285,4,3,90.66361236572266,1004.json,Buggy
3,0.7942510843276978,1,1,132.086669921875,4745.json,NotBuggy
10,0.7670280933380127,2,5,104.62786102294922,5202.json,NotBuggy
8,0.10433840751647949,2,2,107.74358367919922,1012.json,Buggy
5,0.45452243089675903,1,1,121.6568603515625,2482.json,NotBuggy
15,0.03308192640542984,2,5,93.80665588378906,5494.json,Buggy
3,0.626815915107727,1,1,130.45266723632812,4883.json,NotBuggy
3,0.6865676045417786,1,1,131.60296630859375,4028.json,NotBuggy
7,0.005679495632648468,1,7,109.57225036621094,955.json,NotBuggy
6,0.9527047276496887,2,2,116.21601867675781,3116.json,NotBuggy
3,0.7343507409095764,1,1,131.60296630859375,3169.json,NotBuggy
3,0.44889765977859497,1,0,132.25152587890625,5204.json,NotBuggy
9,0.4651118516921997,2,2,106.15443420410156,4741.json,NotBuggy
12,0.09104369580745697,3,3,99.82103729248047,1950.json,Buggy
3,0.8052859902381897,1,0,132.4454345703125,2642.json,NotBuggy
5,0.22524912655353546,1,3,123.02808380126953,4762.json,NotBuggy
3,0.8714715838432312,1,0,132.79563903808594,1455.json,NotBuggy
6,0.11077520996332169,2,4,113.1683349609375,2841.json,Buggy
3,0.6806976199150085,1,1,130.85629272460938,2220.json,NotBuggy
18,0.021722421050071716,5,7,89.9815902709961,1957.json,NotBuggy
9,0.05653099715709686,1,4,106.01560974121094,566.json,Buggy
3,0.7825257778167725,1,0,133.59722900390625,646.json,NotBuggy
3,0.8766111135482788,1,0,132.4454345703125,4880.json,NotBuggy
5,0.6975370645523071,2,4,117.048828125,2586.json,Buggy
3,0.04818376153707504,1,1,128.22288513183594,3968.json,NotBuggy
2,0.9881951212882996,1,0,141.56829833984375,1585.json,Buggy
3,0.9357609748840332,1,0,133.59722900390625,3266.json,NotBuggy
3,0.948209285736084,1,0,133.59722900390625,4635.json,NotBuggy
3,0.5561925172805786,1,0,131.9385528564453,2620.json,NotBuggy
11,0.6146925687789917,2,1,103.33013916015625,3900.json,NotBuggy
3,0.07255369424819946,1,0,133.59722900390625,342.json,NotBuggy
3,0.4594348967075348,1,0,131.46876525878906,3142.json,NotBuggy
9,0.3308807611465454,2,2,104.71148681640625,1324.json,NotBuggy
9,0.1966390758752823,4,5,103.43791961669922,2956.json,NotBuggy
19,0.006082402542233467,4,7,87.6475830078125,273.json,NotBuggy
14,0.0020693771075457335,8,3,92.05445861816406,4353.json,NotBuggy
3,0.6432675719261169,1,1,128.83535766601562,934.json,NotBuggy
3,0.4408889710903168,1,1,129.7158966064453,3082.json,NotBuggy
4,0.8796759843826294,2,1,123.8187255859375,4812.json,NotBuggy
3,0.2135312706232071,2,4,127.44500732421875,4801.json,NotBuggy
3,0.8440746665000916,1,0,130.57513427734375,3175.json,NotBuggy
20,0.0036405157297849655,4,16,86.94783782958984,605.json,Buggy
34,3.54891293682158E-4,4,20,75.35481262207031,5168.json,Buggy
3,0.9289069771766663,1,0,133.59722900390625,534.json,NotBuggy
43,0.0,14,34,65.73918151855469,3033.json,Buggy
3,0.0785975232720375,1,2,128.22288513183594,1757.json,NotBuggy
8,0.3629699945449829,2,2,109.81769561767578,5163.json,Buggy
15,0.00882285088300705,6,5,92.53482818603516,1354.json,Buggy
9,0.036368146538734436,4,3,103.78260040283203,1642.json,NotBuggy
6,0.03138269484043121,3,5,111.58573150634766,3239.json,NotBuggy
8,0.20898741483688354,2,4,108.04276275634766,5201.json,NotBuggy
4,0.7346014380455017,1,3,126.04888916015625,2736.json,Buggy
2,0.9659347534179688,1,0,142.4026641845703,991.json,Buggy
3,0.41284263134002686,1,0,132.25152587890625,5702.json,NotBuggy
13,6.15062250290066E-4,5,12,94.27454376220703,2651.json,Buggy
3,0.9004510641098022,1,0,130.05470275878906,4822.json,NotBuggy
3,0.8672339916229248,1,0,133.59722900390625,1592.json,NotBuggy
4,0.7295026183128357,2,1,122.12608337402344,2555.json,Buggy
3,0.9172887206077576,1,1,132.61029052734375,2425.json,NotBuggy
3,0.6090587973594666,1,2,131.91592407226562,4218.json,NotBuggy
2,0.9691202640533447,1,0,142.4026641845703,1400.json,NotBuggy
5,0.32681378722190857,2,2,119.52839660644531,1008.json,Buggy
3,0.9497587084770203,1,0,131.9385528564453,5133.json,NotBuggy
3,0.555042028427124,1,0,129.14646911621094,930.json,NotBuggy
10,0.1874769926071167,3,1,102.60086059570312,1915.json,NotBuggy
59,1.3673902139998972E-4,13,27,61.288143157958984,5189.json,Buggy
7,0.34183207154273987,3,2,111.96162414550781,2466.json,NotBuggy
12,0.08278414607048035,3,1,98.28892517089844,4872.json,NotBuggy
1,0.9919390678405762,1,0,150.7931671142578,1063.json,NotBuggy
3,0.8969966173171997,1,0,133.59722900390625,3423.json,NotBuggy
3,0.9297953248023987,1,0,132.9956512451172,3902.json,NotBuggy
4,0.00131501245778054,1,4,120.48462677001953,1895.json,NotBuggy
3,0.6006538271903992,1,2,129.57785034179688,2658.json,NotBuggy
3,0.6196519732475281,1,0,132.25152587890625,4317.json,NotBuggy
11,0.20160269737243652,4,4,99.9679183959961,2929.json,NotBuggy
16,0.19420288503170013,3,5,92.96755981445312,5696.json,Buggy
3,0.7719694375991821,1,0,133.59722900390625,2741.json,NotBuggy
2,0.9973176121711731,1,0,142.4026641845703,5183.json,NotBuggy
3,0.8011731505393982,1,0,133.59722900390625,3099.json,NotBuggy
3,0.6957517266273499,1,1,132.25152587890625,3945.json,NotBuggy
3,0.8698985576629639,1,0,128.22288513183594,1778.json,NotBuggy
3,0.9258639812469482,1,0,133.59722900390625,4303.json,NotBuggy
6,0.8590272665023804,2,1,116.13532257080078,3965.json,NotBuggy
3,0.24584056437015533,1,1,130.45266723632812,1325.json,NotBuggy
4,0.47595497965812683,1,2,123.46312713623047,2324.json,Buggy
3,0.9505731463432312,1,0,132.9956512451172,4929.json,NotBuggy
3,0.2601402997970581,1,2,128.1388702392578,2019.json,Buggy
4,0.004709945991635323,1,2,121.0166244506836,1418.json,NotBuggy
7,0.1042357087135315,4,4,108.63020324707031,2707.json,NotBuggy
6,0.18922321498394012,3,0,112.52593231201172,4869.json,NotBuggy
4,0.01989208348095417,1,1,122.85169219970703,286.json,NotBuggy
4,0.7908745408058167,1,1,126.19583892822266,2560.json,NotBuggy
10,0.0,2,21,102.27928924560547,3098.json,NotBuggy
6,0.4050428569316864,2,3,116.50606536865234,5030.json,Buggy
3,0.10462780296802521,1,2,129.34671020507812,2678.json,NotBuggy
13,0.04105253145098686,4,4,97.26383209228516,1355.json,Buggy
3,0.8170433044433594,1,1,132.25152587890625,3454.json,NotBuggy
10,1.2929944205097854E-4,1,6,100.15237426757812,1931.json,NotBuggy
2,0.998108983039856,1,0,140.82913208007812,941.json,Buggy
16,0.030002688989043236,5,8,91.31600952148438,239.json,Buggy
3,0.7528207302093506,1,0,131.75106811523438,1299.json,NotBuggy
12,0.008447092026472092,4,4,97.36166381835938,5142.json,Buggy
32,3.7111807614564896E-4,5,16,76.6171646118164,5248.json,Buggy
3,0.7758607864379883,1,1,132.25152587890625,2703.json,NotBuggy
3,0.17994610965251923,1,2,129.12539672851562,4400.json,NotBuggy
3,0.0048775868490338326,1,1,128.0337677001953,1301.json,NotBuggy
3,0.7932906150817871,1,0,131.03103637695312,4320.json,NotBuggy
10,0.6273554563522339,4,0,105.48271179199219,2829.json,NotBuggy
3,0.8108569979667664,1,0,133.59722900390625,4749.json,NotBuggy
3,0.3196811079978943,1,3,129.12539672851562,108.json,NotBuggy
3,0.9339318871498108,1,0,133.59722900390625,3265.json,NotBuggy
4,0.4680018424987793,2,2,121.61000061035156,4860.json,NotBuggy
3,0.541132926940918,1,0,132.9956512451172,4790.json,Buggy
15,0.0,7,13,88.92280578613281,3150.json,NotBuggy
9,3.903960750903934E-4,1,2,102.1895980834961,5188.json,Buggy
33,0.0,22,0,71.55977630615234,3111.json,NotBuggy
4,0.019736910238862038,1,2,121.75926971435547,2911.json,NotBuggy
3,0.7292437553405762,1,0,131.28770446777344,4791.json,NotBuggy
4,0.0,1,4,118.83750915527344,586.json,Buggy
3,0.6991973519325256,1,0,132.4454345703125,1590.json,NotBuggy
5,0.8143410086631775,1,2,119.66572570800781,1527.json,NotBuggy
13,0.07162915915250778,2,5,97.57106018066406,1942.json,NotBuggy
8,7.147161522880197E-4,1,6,106.62179565429688,2623.json,Buggy
3,0.0,1,1,127.02415466308594,808.json,Buggy
3,0.8323521614074707,1,1,132.61029052734375,2223.json,NotBuggy
18,0.013439621776342392,3,10,90.05201721191406,1226.json,Buggy
14,0.0473153330385685,2,5,96.47465515136719,1341.json,Buggy
3,0.7191351056098938,1,1,130.85629272460938,4849.json,NotBuggy
4,0.6905937790870667,1,1,127.59107971191406,735.json,NotBuggy
3,0.8236731886863708,1,0,133.59722900390625,1416.json,NotBuggy
3,0.015435555949807167,1,0,127.76480865478516,4633.json,NotBuggy
3,0.8852241039276123,1,0,133.59722900390625,3526.json,NotBuggy
7,0.7645180225372314,2,1,113.71878051757812,5692.json,Buggy
5,0.3560871481895447,1,3,119.39962768554688,931.json,NotBuggy
3,0.9383273720741272,1,0,132.9956512451172,4843.json,NotBuggy
10,0.011525966227054596,4,5,100.6639175415039,2558.json,Buggy
10,0.003600197145715356,2,8,102.1681900024414,3283.json,Buggy
7,0.0637291967868805,2,6,109.28382873535156,2424.json,NotBuggy
3,0.7715305685997009,1,1,129.4591827392578,2429.json,NotBuggy
10,0.008798394352197647,2,1,103.85248565673828,2414.json,Buggy
10,0.011753133498132229,6,2,100.01722717285156,5058.json,Buggy
8,0.6151116490364075,5,0,108.79000854492188,3148.json,Buggy
3,0.2135312706232071,2,4,127.44500732421875,3206.json,NotBuggy
10,0.5930498838424683,1,1,103.38267517089844,4859.json,NotBuggy
3,0.6276978850364685,1,1,130.57513427734375,2972.json,NotBuggy
8,0.01130196824669838,2,7,105.3952407836914,2470.json,Buggy
3,0.7087662220001221,1,0,130.07347106933594,4819.json,NotBuggy
10,0.029067058116197586,4,8,100.47722625732422,1219.json,NotBuggy
4,0.6335272789001465,1,3,123.19084167480469,1608.json,NotBuggy
5,0.2779158055782318,1,3,121.00688934326172,236.json,Buggy
3,0.4877597689628601,1,0,131.60296630859375,3078.json,NotBuggy
3,0.9619667530059814,1,1,130.70933532714844,3174.json,NotBuggy
3,0.95221346616745,1,0,132.4454345703125,4863.json,NotBuggy
3,0.6821399331092834,1,0,128.7513427734375,4920.json,NotBuggy
3,0.3603515028953552,1,3,130.44261169433594,2844.json,NotBuggy
5,0.45096442103385925,1,1,120.43379974365234,2026.json,NotBuggy
3,0.0012119633611291647,1,3,127.50450134277344,4764.json,NotBuggy
3,0.22635510563850403,1,0,129.0215301513672,3118.json,Buggy
3,0.19375896453857422,1,2,128.1235809326172,1738.json,NotBuggy
3,0.17994610965251923,1,2,129.12539672851562,4404.json,NotBuggy
5,0.741234540939331,1,1,118.82000732421875,835.json,NotBuggy
3,0.8696047067642212,1,0,133.59722900390625,2808.json,NotBuggy
3,0.4619082808494568,1,2,130.07347106933594,2585.json,NotBuggy
3,0.831676721572876,1,2,131.28770446777344,4852.json,NotBuggy
3,0.9206726551055908,1,0,129.37762451171875,4925.json,NotBuggy
3,0.7584871649742126,1,1,130.99049377441406,3928.json,NotBuggy
3,0.9189387559890747,1,0,133.59722900390625,3949.json,NotBuggy
4,0.8860810399055481,1,1,125.79222106933594,1367.json,NotBuggy
6,0.2642873525619507,2,3,113.85087585449219,1779.json,NotBuggy
5,0.6374852061271667,2,3,118.76382446289062,2729.json,NotBuggy
3,0.3037570118904114,1,0,131.28770446777344,1401.json,NotBuggy
3,0.5531408190727234,1,0,133.59722900390625,2893.json,NotBuggy
10,0.011753133498132229,6,2,100.01722717285156,5059.json,Buggy
11,0.010144216008484364,5,6,97.25212860107422,1742.json,NotBuggy
6,7.406336371786892E-4,1,2,113.14921569824219,2997.json,NotBuggy
13,0.001829782035201788,6,9,95.1736831665039,5158.json,NotBuggy
3,0.8208542466163635,1,1,131.75106811523438,2553.json,NotBuggy
19,0.5628885626792908,2,1,91.0197525024414,4915.json,NotBuggy
3,0.8833815455436707,1,0,132.9956512451172,2822.json,NotBuggy
3,0.37401527166366577,1,0,133.59722900390625,3275.json,NotBuggy
8,0.6576681733131409,2,2,107.7813720703125,1362.json,NotBuggy
6,0.05703335627913475,3,5,111.91553497314453,3527.json,NotBuggy
27,0.0031369775533676147,6,8,82.65179443359375,3933.json,NotBuggy
5,0.031780652701854706,1,6,117.77528381347656,2766.json,NotBuggy
3,0.4760574400424957,1,2,130.99049377441406,1419.json,NotBuggy
8,0.007781765423715115,3,5,107.02725982666016,999.json,Buggy
6,0.08248696476221085,3,4,113.6208724975586,4398.json,NotBuggy
9,0.10373341292142868,2,0,107.45506286621094,1918.json,NotBuggy
3,0.008748226799070835,1,0,132.9956512451172,2529.json,NotBuggy
12,0.015569648705422878,2,5,99.59993743896484,61.json,Buggy
3,0.2861620783805847,1,1,130.7338104248047,4107.json,NotBuggy
15,0.030628914013504982,5,12,93.14055633544922,5066.json,Buggy
3,0.33323901891708374,1,1,130.07347106933594,3188.json,NotBuggy
5,0.7687018513679504,2,1,120.6200180053711,4759.json,NotBuggy
14,0.09756811708211899,2,6,96.04613494873047,1345.json,Buggy
3,0.9646860361099243,1,0,133.59722900390625,3203.json,NotBuggy
3,0.9283403754234314,1,0,133.59722900390625,623.json,NotBuggy
3,0.6849416494369507,1,1,131.75106811523438,190.json,NotBuggy
3,0.8505394458770752,1,0,133.59722900390625,2918.json,NotBuggy
9,0.5072919130325317,1,4,108.70293426513672,670.json,NotBuggy
3,0.6984202861785889,1,1,131.75106811523438,659.json,Buggy
8,0.25882163643836975,2,5,108.80433654785156,608.json,Buggy
6,0.21543008089065552,1,4,114.97969055175781,1923.json,NotBuggy
3,0.07961349934339523,1,0,127.52558135986328,3192.json,NotBuggy
4,0.14743997156620026,1,2,123.19084167480469,4388.json,NotBuggy
3,0.391194224357605,1,0,131.46876525878906,464.json,NotBuggy
10,0.025546494871377945,5,1,101.82585144042969,5025.json,Buggy
3,0.011068999767303467,1,1,128.41912841796875,4349.json,NotBuggy
3,0.813069224357605,1,2,129.93223571777344,1897.json,NotBuggy
3,0.9235057830810547,1,0,133.59722900390625,2573.json,NotBuggy
9,0.2224094271659851,3,2,105.35358428955078,484.json,Buggy
7,0.002802422968670726,4,0,108.40097045898438,2764.json,Buggy
9,0.0,3,12,101.46353149414062,685.json,Buggy
3,0.8449391722679138,1,0,132.4454345703125,3397.json,NotBuggy
3,0.008801629766821861,1,2,127.87090301513672,2652.json,NotBuggy
10,0.17308445274829865,4,0,104.1886215209961,2666.json,NotBuggy
21,0.1255364716053009,6,4,87.1918716430664,975.json,Buggy
4,0.7532790303230286,1,2,125.64796447753906,5127.json,NotBuggy
12,6.824039155617356E-4,4,10,95.78701782226562,820.json,NotBuggy
3,0.8729019165039062,1,1,132.61029052734375,3274.json,NotBuggy
4,0.9735634326934814,1,3,123.39956665039062,5208.json,Buggy
3,0.8882124423980713,1,0,133.59722900390625,893.json,NotBuggy
4,0.6241728067398071,2,1,122.36495208740234,1568.json,NotBuggy
3,0.6586847305297852,1,1,131.75106811523438,1037.json,Buggy
7,0.171769380569458,4,4,107.11903381347656,2584.json,Buggy
3,0.4649346172809601,1,2,130.99049377441406,1425.json,NotBuggy
3,0.2135312706232071,2,4,127.44500732421875,4837.json,NotBuggy
3,0.6849416494369507,1,1,131.75106811523438,807.json,Buggy
3,0.9089742302894592,1,0,131.28770446777344,4910.json,NotBuggy
105,0.0,22,23,46.533321380615234,3934.json,NotBuggy
3,0.08425436168909073,1,2,129.94700622558594,4205.json,NotBuggy
3,0.00326737342402339,1,1,126.03094482421875,201.json,Buggy
6,0.6726912260055542,2,2,115.71755981445312,5522.json,Buggy
3,0.00326737342402339,1,1,126.03094482421875,197.json,Buggy
3,0.11594533175230026,1,1,128.712890625,810.json,Buggy
8,0.05533412843942642,2,4,108.29129028320312,1611.json,Buggy
5,0.2779158055782318,1,3,121.00688934326172,270.json,Buggy
2,0.9953987002372742,1,0,142.4026641845703,4339.json,NotBuggy
3,0.7982532978057861,1,1,132.086669921875,3954.json,NotBuggy
25,0.0,5,11,81.23301696777344,5237.json,Buggy
3,0.6238198280334473,1,0,133.59722900390625,4796.json,NotBuggy
3,0.050990909337997437,1,2,127.59099578857422,1709.json,NotBuggy
3,0.5625467896461487,1,0,131.9385528564453,2599.json,Buggy
10,0.003600197145715356,2,8,102.1681900024414,3284.json,Buggy
3,0.7642135620117188,1,1,130.57513427734375,2552.json,NotBuggy
4,0.1579085886478424,1,3,121.4874496459961,307.json,NotBuggy
12,0.0,4,13,93.85115814208984,5164.json,Buggy
3,0.695430338382721,1,1,132.25152587890625,5693.json,NotBuggy
7,0.4569106101989746,2,2,112.11737823486328,609.json,Buggy
16,1.1698156595230103E-4,4,7,90.85638427734375,2603.json,Buggy
4,0.8124123811721802,1,2,125.64796447753906,5132.json,NotBuggy
3,0.9408955574035645,1,0,133.59722900390625,694.json,NotBuggy
3,0.49817153811454773,1,1,130.45266723632812,4907.json,NotBuggy
